time_seconds,step,ustar,surface_uw_m2_s2,surface_vw_m2_s2,cfl,lasd_cfl,max_divergence,top_u,top_v,near_wall_u,near_wall_v,integrated_resolved_tke_m3_s2,integrated_sgs_tke_m3_s2,integrated_total_tke_m3_s2
240.00000000000102,300,0.41491298614063693,-0.156001016497612,-0.07280291616916656,0.13282006978988647,0.0,7.768472443103747e-08,10.0,1.860025800048959e-09,4.894528865814209,2.2834866046905518,46.78199768066406,77.78031158447266,124.56230926513672
479.99999999999704,600,0.4352824717497464,-0.1737777143716812,-0.07550166547298431,0.13697682321071625,0.0,7.98702259885431e-08,10.0,2.278014932244332e-08,5.19852352142334,2.2593722343444824,62.42730712890625,80.0325698852539,142.45987701416016
720.0000000000005,900,0.44275629627149726,-0.1810203194618225,-0.07523719221353531,0.13943110406398773,0.0,7.659197365228465e-08,10.0,7.342314489733326e-08,5.32568883895874,2.2117373943328857,76.80827331542969,72.72191619873047,149.53018951416016
960.0000000000141,1200,0.44387913937753437,-0.1823950856924057,-0.0745140090584755,0.14327847957611084,0.0,7.78834063908107e-08,10.0,2.2012390843428875e-07,5.3507795333862305,2.182257652282715,91.39767456054688,71.06446838378906,162.46214294433594
1200.0000000000275,1500,0.44475676563398736,-0.18382017314434052,-0.07306420803070068,0.1385204941034317,0.0,7.589657968765096e-08,9.999999046325684,6.445787903430755e-07,5.377009868621826,2.13533616065979,104.543701171875,70.86656951904297,175.41027069091797
1440.000000000001,1800,0.45068054742779934,-0.18965034186840057,-0.07271602749824524,0.1370706707239151,0.0,6.993612089445378e-08,10.0,1.6984249668894336e-06,5.476174354553223,2.0957796573638916,114.05738067626953,71.7847671508789,185.84214782714844
1679.9999999999745,2100,0.44824456802822227,-0.18817512691020966,-0.07042904943227768,0.14342950284481049,0.0,7.937352108911e-08,10.0,3.853505404549651e-06,5.46354341506958,2.0445969104766846,127.33935546875,72.38809204101562,199.72744750976562
1919.9999999999482,2400,0.44889718943584694,-0.18903061747550964,-0.06980814039707184,0.1428748220205307,0.0,8.54395381111317e-08,10.0,7.579233169963118e-06,5.479760646820068,2.02005934715271,142.900146484375,72.2452163696289,215.1453628540039
2159.999999999922,2700,0.4544711505697122,-0.19438426196575165,-0.06982258707284927,0.14255698025226593,0.0,8.150004049412019e-08,10.0,1.3008397218072787e-05,5.56334114074707,1.9946715831756592,150.1026611328125,74.26444244384766,224.36710357666016
2399.9999999998954,3000,0.4540837581145356,-0.19429069757461548,-0.06903832405805588,0.14355431497097015,0.0,7.402152135682627e-08,10.0,1.847219573392067e-05,5.562438011169434,1.9769610166549683,156.48480224609375,71.57379913330078,228.05860137939453
2639.999999999869,3300,0.45245159433804605,-0.19335037469863892,-0.06725189834833145,0.13996577262878418,0.0,7.5101851848558e-08,10.0,2.2861435354570858e-05,5.556963920593262,1.9328324794769287,165.8455810546875,71.69517517089844,237.54075622558594
2879.9999999998427,3600,0.4514051130692051,-0.19268076121807098,-0.0662943571805954,0.14511410892009735,0.0,7.450580596923828e-08,10.0,2.6773828722070903e-05,5.551753520965576,1.9078178405761719,177.52305603027344,70.44696807861328,247.97002410888672
3119.9999999998163,3900,0.44821438795504054,-0.19050608575344086,-0.0637705996632576,0.14361274242401123,0.0,7.351239617037209e-08,9.999999046325684,3.058720176341012e-05,5.525666236877441,1.8497467041015625,183.26539611816406,71.39851379394531,254.66390991210938
3359.99999999979,4200,0.4465578128839343,-0.18943244218826294,-0.06229964271187782,0.14487101137638092,0.0,8.893509573226765e-08,10.0,3.310967076686211e-05,5.514490127563477,1.8129241466522217,196.2977294921875,70.60626983642578,266.9039993286133
3599.9999999997635,4500,0.44814899738889535,-0.19136974215507507,-0.060937121510505676,0.1530691534280777,0.0,7.77343913682671e-08,10.0,3.373868821654469e-05,5.5521769523620605,1.7610831260681152,219.9822998046875,70.06604766845703,290.04834747314453
3839.999999999737,4800,0.4496511731276887,-0.19320090115070343,-0.059604212641716,0.14572294056415558,0.0,6.837149868488268e-08,10.0,3.3109001378761604e-05,5.584414482116699,1.7151947021484375,249.71987915039062,74.36156463623047,324.0814437866211
4079.9999999997103,5100,0.45264147920838105,-0.19604052603244781,-0.059545714408159256,0.14493782818317413,0.0,7.474174168464742e-08,10.0,3.2487540011061355e-05,5.623630046844482,1.7011905908584595,279.9295349121094,74.05938720703125,353.9889221191406
4319.999999999684,5400,0.45458321081902753,-0.1979173868894577,-0.05942418798804283,0.14353030920028687,0.0,6.67572024326546e-08,10.0,3.048263351956848e-05,5.647791385650635,1.6888757944107056,302.7952575683594,72.83546447753906,375.63072204589844
4559.999999999658,5700,0.4543320081348961,-0.19775478541851044,-0.059171441942453384,0.1471554934978485,0.0,7.212162245195941e-08,10.0,2.8145237592980266e-05,5.650237083435059,1.6819939613342285,310.0323791503906,73.9634017944336,383.9957809448242
4799.999999999632,6000,0.4550470473835893,-0.19839614629745483,-0.05929628387093544,0.16261479258537292,0.0,6.638467198172293e-08,10.0,2.685748040676117e-05,5.656867980957031,1.6807916164398193,304.40057373046875,74.91632080078125,379.31689453125
5039.999999999604,6300,0.4544584245285999,-0.19829604029655457,-0.05774372071027756,0.16994982957839966,0.0,6.844599909072713e-08,10.0,2.8030639441567473e-05,5.657629489898682,1.6370385885238647,302.80596923828125,72.25909423828125,375.0650634765625
5279.999999999578,6600,0.45338361330794036,-0.19763362407684326,-0.05651997774839401,0.13899877667427063,0.0,6.586313361367502e-08,10.0,3.2401978387497365e-05,5.646887302398682,1.6055045127868652,305.09869384765625,70.73961639404297,375.8383102416992
5519.999999999552,6900,0.4610830049167345,-0.20456165075302124,-0.057898566126823425,0.13857829570770264,0.0,6.879990621655452e-08,10.0,3.8283913454506546e-05,5.744213581085205,1.6227788925170898,310.3302917480469,73.25170135498047,383.58199310302734
5759.999999999525,7200,0.46316330594849586,-0.20702716708183289,-0.05620221421122551,0.13987071812152863,0.0,5.5804850518370586e-08,10.0,5.4599491704721004e-05,5.790192127227783,1.5755443572998047,314.1289978027344,71.00272369384766,385.13172149658203
5999.999999999499,7500,0.462542237655309,-0.20655830204486847,-0.05573390796780586,0.14048181474208832,0.0,6.615494640982433e-08,10.0,9.103699994739145e-05,5.789091110229492,1.5661040544509888,317.9828796386719,73.61106872558594,391.5939483642578
6239.9999999994725,7800,0.4603600518044699,-0.20456236600875854,-0.05539988353848457,0.1347467303276062,0.0,6.932765472811298e-08,10.000226974487305,0.00018031637591775507,5.766870021820068,1.562034010887146,320.94573974609375,74.40725708007812,395.3529968261719
6479.999999999446,8100,0.45988202031234376,-0.2042969912290573,-0.05469353124499321,0.14511993527412415,0.0,6.788099682353277e-08,10.00068187713623,0.0002927729510702193,5.770554065704346,1.5423791408538818,326.0592041015625,71.64826202392578,397.7074661254883
6719.99999999942,8400,0.4563465950021585,-0.20157450437545776,-0.05231351777911186,0.13554227352142334,0.0,6.908550886919329e-08,10.000810623168945,0.00031369589851237833,5.739469528198242,1.483622670173645,329.7234191894531,72.2605209350586,401.9839401245117
6959.999999999393,8700,0.45451320264999406,-0.19986844062805176,-0.052238233387470245,0.13361606001853943,0.0,7.368624466153051e-08,9.99996280670166,0.0006853935192339122,5.708095550537109,1.4868535995483398,337.2544860839844,73.03472137451172,410.2892074584961
7199.999999999367,9000,0.45710891327769,-0.2021315097808838,-0.052937254309654236,0.13646942377090454,0.0,7.30032709839179e-08,10.000137329101562,0.0013685679296031594,5.740617752075195,1.4986697435379028,346.69659423828125,70.37523651123047,417.0718307495117
7439.999999999341,9300,0.45544343013040667,-0.20057900249958038,-0.052865270525217056,0.13367332518100739,0.0,8.096297676729591e-08,9.999670028686523,0.0029696018900722265,5.712148189544678,1.5031875371932983,349.7757263183594,73.28355407714844,423.0592803955078
7679.999999999314,9600,0.45636350563864403,-0.20198805630207062,-0.05075666308403015,0.13518066704273224,0.0,6.131828200750533e-08,9.993375778198242,0.014168416149914265,5.742394924163818,1.441640019416809,344.08160400390625,73.15113830566406,417.2327423095703
7919.999999999288,9900,0.4525773668186779,-0.19885680079460144,-0.0490894578397274,0.13575538992881775,0.0,7.154265091458001e-08,9.975846290588379,0.03409887105226517,5.699265480041504,1.4077062606811523,324.82135009765625,70.33303833007812,395.1543884277344
8159.9999999992615,10200,0.44676240871748346,-0.1941337287425995,-0.046377990394830704,0.1298241764307022,0.0,5.612770692664526e-08,9.951017379760742,0.05935685336589813,5.635903358459473,1.3540161848068237,312.5138854980469,70.35649108886719,382.87037658691406
8399.999999999234,10500,0.44263058770261576,-0.1904025673866272,-0.046176061034202576,0.13234302401542664,0.0,7.172425853241293e-08,9.929959297180176,0.09122052043676376,5.584489822387695,1.358162522315979,303.60430908203125,69.91889953613281,373.52320861816406
8639.999999999209,10800,0.43842477762299187,-0.18674421310424805,-0.04553788900375366,0.1267799288034439,0.0,6.119410045357654e-08,9.918325424194336,0.1226450502872467,5.532804012298584,1.3550976514816284,296.3198547363281,68.9057388305664,365.22559356689453
8879.999999999181,11100,0.43803318806225416,-0.1861218363046646,-0.04662551358342171,0.12640385329723358,0.0,6.516774675446868e-08,9.912158966064453,0.15192914009094238,5.518904685974121,1.385183572769165,293.15692138671875,67.36905670166016,360.5259780883789
9119.999999999156,11400,0.4356190469721108,-0.18409232795238495,-0.04604750871658325,0.12568852305412292,0.0,6.482004977215183e-08,9.907247543334961,0.1821109801530838,5.488674640655518,1.375634789466858,288.24371337890625,63.823753356933594,352.06746673583984
9359.999999999129,11700,0.4325781506124763,-0.18140925467014313,-0.04589139297604561,0.13203638792037964,0.0,6.198883539809685e-08,9.90443229675293,0.20995306968688965,5.449428558349609,1.3786561489105225,289.47137451171875,65.05903625488281,354.53041076660156
9599.999999999103,12000,0.4348454457248583,-0.18290233612060547,-0.04797891154885292,0.13454650342464447,0.0,7.05694205294094e-08,9.900789260864258,0.23261098563671112,5.465834617614746,1.4317530393600464,293.9156188964844,69.09307098388672,363.0086898803711
9839.999999999396,12300,0.4317326248039943,-0.18031428754329681,-0.04721366614103317,0.13064192235469818,0.0,5.851189399663781e-08,9.896934509277344,0.24957221746444702,5.426725387573242,1.420703649520874,297.91058349609375,67.3080825805664,365.21866607666016
10079.999999999689,12600,0.43415018048553083,-0.18228858709335327,-0.047937314957380295,0.1291378140449524,0.0,8.113682525845434e-08,9.894457817077637,0.26280149817466736,5.454095363616943,1.4320521354675293,305.5432434082031,68.13301849365234,373.67626190185547
10319.999999999982,12900,0.4353402856316058,-0.18341509997844696,-0.04771973192691803,0.13133324682712555,0.0,5.304813655016005e-08,9.893287658691406,0.27252230048179626,5.473605632781982,1.4209942817687988,315.83355712890625,68.95606231689453,384.7896194458008
10560.000000000276,13200,0.4342681405079748,-0.18250423669815063,-0.04751784726977348,0.13137321174144745,0.0,5.4637592228345966e-08,9.892828941345215,0.2806084454059601,5.461089134216309,1.4190642833709717,326.36090087890625,70.5755844116211,396.93648529052734
10800.00000000057,13500,0.43100489732434305,-0.1796424835920334,-0.0473000593483448,0.13223908841609955,0.0,5.6922438318451896e-08,9.890881538391113,0.28856372833251953,5.418583393096924,1.4268872737884521,330.98004150390625,69.97470092773438,400.9547424316406
11040.000000000862,13800,0.43362906317663347,-0.18215495347976685,-0.046652115881443024,0.13864479959011078,0.0,4.7683716530855236e-08,9.890351295471191,0.29703477025032043,5.458433628082275,1.4004690647125244,327.5939636230469,72.42424774169922,400.0182113647461
11280.000000001155,14100,0.4325731569662438,-0.18100179731845856,-0.047455981373786926,0.13519160449504852,0.0,4.708767065153552e-08,9.891265869140625,0.3072488009929657,5.43681001663208,1.4295440912246704,314.9706115722656,71.50018310546875,386.4707946777344
11520.00000000145,14400,0.4286864096926792,-0.17755340039730072,-0.047402024269104004,0.13712994754314423,0.0,5.861123497652443e-08,9.891105651855469,0.315738320350647,5.384000301361084,1.4391164779663086,306.46441650390625,69.20576477050781,375.67018127441406
11760.000000001743,14700,0.4272654139858169,-0.17618508636951447,-0.04780597612261772,0.13285446166992188,0.0,4.927317576175483e-08,9.888792037963867,0.3228033483028412,5.358090877532959,1.4540941715240479,305.852783203125,69.14991760253906,375.00270080566406
12000.000000002035,15000,0.4283461957847282,-0.17694751918315887,-0.04852479696273804,0.13737019896507263,0.0,6.139278241334978e-08,9.886821746826172,0.33102869987487793,5.3632917404174805,1.4671955108642578,309.81451416015625,69.53184509277344,379.3463592529297
12240.000000002328,15300,0.42773930193523124,-0.17625819146633148,-0.04906877502799034,0.13392342627048492,0.0,5.354484144959315e-08,9.882490158081055,0.3437858819961548,5.352181911468506,1.4887233972549438,311.0211181640625,68.5075912475586,379.5287094116211
12480.000000002623,15600,0.42714640891783207,-0.17558959126472473,-0.04957597702741623,0.13308201730251312,0.0,5.424022830879949e-08,9.878811836242676,0.3588128983974457,5.336637020111084,1.5039864778518677,306.18414306640625,71.45735931396484,377.6415023803711
12720.000000002916,15900,0.43020972863502316,-0.1776222139596939,-0.05201064795255661,0.13357041776180267,0.0,5.06639494801675e-08,9.879651069641113,0.37303078174591064,5.359736442565918,1.5633858442306519,303.3017578125,67.57893371582031,370.8806915283203
12960.000000003209,16200,0.43186105103536215,-0.17875654995441437,-0.05319610610604286,0.12733493745326996,0.0,4.927317576175483e-08,9.882357597351074,0.38530609011650085,5.375471115112305,1.597155213356018,302.68511962890625,69.63887786865234,372.3239974975586
13200.000000003502,16500,0.4289834700335311,-0.17643731832504272,-0.05230432376265526,0.128975972533226,0.0,4.69883296716489e-08,9.883502960205078,0.3956834375858307,5.343350887298584,1.5857893228530884,301.277587890625,69.56729888916016,370.84488677978516
13440.000000003796,16800,0.42660932416132186,-0.17449726164340973,-0.05170177295804024,0.1302141398191452,0.0,5.4637592228345966e-08,9.880141258239746,0.4078083038330078,5.316568374633789,1.5785192251205444,301.5445861816406,71.29785919189453,372.84244537353516
13680.000000004089,17100,0.4287887440759183,-0.1765243113040924,-0.05141584202647209,0.12775062024593353,0.0,5.125999535948722e-08,9.879133224487305,0.4258544147014618,5.346325397491455,1.5612672567367554,300.61553955078125,70.56816864013672,371.18370819091797
13920.000000004382,17400,0.43022300274634034,-0.1778317242860794,-0.05133092775940895,0.13623936474323273,0.0,4.927317576175483e-08,9.884617805480957,0.45035383105278015,5.368740558624268,1.5502431392669678,303.2197570800781,69.37419891357422,372.59395599365234
14160.000000004675,17700,0.43074603140554635,-0.17790503799915314,-0.05268476530909538,0.1407897025346756,0.0,5.2650769077899895e-08,9.8938570022583,0.4797019064426422,5.363780975341797,1.5874077081680298,303.7026062011719,72.36744689941406,376.07005310058594
14400.00000000497,18000,0.4325896816944809,-0.17916148900985718,-0.05403917282819748,0.1331814080476761,0.0,5.324681850993329e-08,9.905678749084473,0.5150872468948364,5.380654335021973,1.6219677925109863,295.9742431640625,72.10738372802734,368.08162689208984
14640.000000005262,18300,0.4340857040208813,-0.1804690957069397,-0.05419336259365082,0.13752464950084686,0.0,5.324681850993329e-08,9.920540809631348,0.5522313714027405,5.397125720977783,1.6210460662841797,291.3435363769531,70.93834686279297,362.2818832397461
14880.000000005555,18600,0.4351387937538636,-0.1815798580646515,-0.05367099493741989,0.14085473120212555,0.0,5.791584811731809e-08,9.935044288635254,0.5864225029945374,5.416314601898193,1.6043243408203125,280.1283874511719,68.85297393798828,348.98136138916016
15120.000000005848,18900,0.434965247042359,-0.1815919429063797,-0.05309449881315231,0.13477927446365356,0.0,5.7071449788281825e-08,9.947317123413086,0.6164271235466003,5.423588752746582,1.5891655683517456,264.45916748046875,67.22001647949219,331.67918395996094
15360.000000006143,19200,0.4344032648742663,-0.1808764934539795,-0.05379333347082138,0.13201409578323364,0.0,6.164113841578e-08,9.958240509033203,0.6451834440231323,5.409709930419922,1.6079553365707397,258.59521484375,67.19157409667969,325.7867889404297
15600.000000006436,19500,0.43282914619736845,-0.17916345596313477,-0.05474607273936272,0.13342085480690002,0.0,6.67572024326546e-08,9.968819618225098,0.668774425983429,5.382546901702881,1.6408154964447021,254.97373962402344,66.85283660888672,321.82657623291016
15840.000000006728,19800,0.43409027918570336,-0.17993701994419098,-0.05594801902770996,0.1333606094121933,0.0,6.126860796484834e-08,9.97861099243164,0.6854076981544495,5.387994289398193,1.6734811067581177,250.3401336669922,67.18817138671875,317.52830505371094
16080.000000007021,20100,0.4304584520695546,-0.17669665813446045,-0.055788304656744,0.12947262823581696,0.0,6.337960911650953e-08,9.983884811401367,0.7015228271484375,5.337680339813232,1.6838347911834717,246.6388397216797,65.46404266357422,312.1028823852539
16320.000000007316,20400,0.42781122247833,-0.17400336265563965,-0.05674543231725693,0.1351507157087326,0.0,7.023414383411364e-08,9.985334396362305,0.7178086638450623,5.287094593048096,1.7183804512023926,247.86231994628906,65.00215148925781,312.8644714355469
16560.000000007607,20700,0.4227789980723538,-0.16957861185073853,-0.05649624764919281,0.13107514381408691,0.0,6.755193027174755e-08,9.982755661010742,0.7382993698120117,5.214210510253906,1.7342056035995483,248.85223388671875,63.479732513427734,312.3319664001465
16800.0000000079,21000,0.4206856480713374,-0.16782225668430328,-0.056181326508522034,0.13195358216762543,0.0,5.915761036590084e-08,9.9747314453125,0.759164035320282,5.188086032867432,1.7321444749832153,243.51834106445312,65.7501449584961,309.2684860229492
17040.000000008196,21300,0.42194018429101404,-0.16897407174110413,-0.05606868118047714,0.13633376359939575,0.0,8.682410168603383e-08,9.973743438720703,0.7731018662452698,5.20908784866333,1.724417805671692,238.92921447753906,67.44812774658203,306.3773422241211
17280.000000008487,21600,0.42500056706199923,-0.17146648466587067,-0.0567874051630497,0.1333787739276886,0.0,7.222096343184603e-08,9.981141090393066,0.7850009202957153,5.2468461990356445,1.7342872619628906,236.42816162109375,68.47906494140625,304.9072265625
17520.000000008782,21900,0.42637252689556976,-0.17283061146736145,-0.05637790262699127,0.13374601304531097,0.0,6.516774675446868e-08,9.990622520446777,0.7993001341819763,5.2697882652282715,1.7204515933990479,230.70953369140625,64.5716323852539,295.28116607666016
17760.000000009077,22200,0.42365689646058496,-0.1707940697669983,-0.05517527088522911,0.1328473836183548,0.0,7.112821265309321e-08,10.000224113464355,0.8135717511177063,5.244383811950684,1.693565011024475,227.2681427001953,64.54502868652344,291.81317138671875
18000.000000009368,22500,0.41944076695720023,-0.16713178157806396,-0.05494113638997078,0.13762079179286957,0.0,7.212162245195941e-08,10.012016296386719,0.8279879689216614,5.184277057647705,1.7050650119781494,234.38250732421875,63.532440185546875,297.9149475097656
18240.000000009662,22800,0.4193901046813607,-0.1667601764202118,-0.05592542514204979,0.1409321427345276,0.0,6.988644685179679e-08,10.030081748962402,0.842059314250946,5.170216083526611,1.7359331846237183,241.08120727539062,64.33222961425781,305.41343688964844
18480.000000009954,23100,0.4209267410789048,-0.1673588901758194,-0.05816797912120819,0.15065406262874603,0.0,7.172425853241293e-08,10.052705764770508,0.8523663282394409,5.168457508087158,1.7927063703536987,243.92591857910156,65.70459747314453,309.6305160522461
18720.00000001025,23400,0.42006588679249,-0.16654250025749207,-0.05831025540828705,0.14686580002307892,0.0,7.46051469491249e-08,10.075431823730469,0.8564436435699463,5.154480934143066,1.7989318370819092,243.78021240234375,67.4036636352539,311.18387603759766
18960.000000010543,23700,0.4229346154099646,-0.16898395121097565,-0.058653395622968674,0.14050760865211487,0.0,7.708867855171775e-08,10.098604202270508,0.85566645860672,5.190099239349365,1.7974529266357422,239.158203125,67.12543487548828,306.2836380004883
19200.000000010834,24000,0.4250932441088139,-0.17107509076595306,-0.058200903236866,0.13941748440265656,0.0,6.775061223152079e-08,10.122560501098633,0.8524246215820312,5.226511001586914,1.77881920337677,235.74057006835938,66.84500885009766,302.58557891845703
19440.000000011125,24300,0.42232936519206665,-0.16902442276477814,-0.05695419758558273,0.13829201459884644,0.0,6.616115655333488e-08,10.143881797790527,0.8491645455360413,5.196882247924805,1.7567269802093506,236.6846466064453,65.37581634521484,302.06046295166016
19680.00000001142,24600,0.4217301380343463,-0.16833804547786713,-0.057403564453125,0.14002199470996857,0.0,7.98702259885431e-08,10.16100025177002,0.8474172949790955,5.184256553649902,1.7683318853378296,239.47218322753906,69.52603912353516,308.9982223510742
19920.000000011714,24900,0.42506787516199,-0.17093627154827118,-0.05854082852602005,0.13988380134105682,0.0,7.490316988878476e-08,10.177082061767578,0.8460795879364014,5.22337007522583,1.785420536994934,244.03668212890625,69.47948455810547,313.5161666870117
20160.000000012005,25200,0.4252968767979049,-0.17073562741279602,-0.05971592292189598,0.1396722048521042,0.0,7.5101851848558e-08,10.194878578186035,0.8434092998504639,5.216370105743408,1.822281002998352,245.82594299316406,68.8745346069336,314.70047760009766
20400.0000000123,25500,0.4227746431622972,-0.1684899926185608,-0.05965347960591316,0.13757112622261047,0.0,6.775061223152079e-08,10.213288307189941,0.8386733531951904,5.179496765136719,1.8325741291046143,251.27191162109375,68.63753509521484,319.9094467163086
20640.00000001259,25800,0.42117696437388163,-0.16686415672302246,-0.0601961612701416,0.13487012684345245,0.0,8.682410168603383e-08,10.2303466796875,0.8342582583427429,5.146882057189941,1.8560645580291748,261.78118896484375,66.01683807373047,327.7980270385742
20880.000000012886,26100,0.42220375382240927,-0.16778668761253357,-0.06018996983766556,0.13697119057178497,0.0,8.006890794831634e-08,10.246248245239258,0.830084502696991,5.1565656661987305,1.8563206195831299,275.7512512207031,67.85757446289062,343.60882568359375
21120.00000001318,26400,0.4235859141902548,-0.16890949010849,-0.06052209809422493,0.14575441181659698,0.0,8.751948854524016e-08,10.261720657348633,0.8249351382255554,5.172083854675293,1.8561110496520996,286.2628479003906,68.22737121582031,354.49021911621094
21360.00000001347,26700,0.4225380549709372,-0.16781917214393616,-0.06093183532357216,0.1407008171081543,0.0,7.867813422990366e-08,10.27816104888916,0.8188373446464539,5.14902925491333,1.8727048635482788,293.0965881347656,70.04318237304688,363.1397705078125
21600.000000013766,27000,0.42376664247818474,-0.1688549816608429,-0.061125390231609344,0.1437925547361374,0.0,7.232030441173265e-08,10.295637130737305,0.8153667449951172,5.164291858673096,1.8747875690460205,296.46331787109375,73.41082000732422,369.87413787841797
21840.00000001406,27300,0.42531399446377033,-0.1702609658241272,-0.06109923869371414,0.14456342160701752,0.0,7.390976008991856e-08,10.31275749206543,0.8149247765541077,5.190135955810547,1.8666927814483643,298.1212158203125,71.90064239501953,370.02185821533203
22080.000000014352,27600,0.4240975064846486,-0.16953454911708832,-0.06005986034870148,0.14403612911701202,0.0,7.533778756396714e-08,10.33249282836914,0.8135114908218384,5.188874244689941,1.8433561325073242,295.8502502441406,75.31917572021484,371.16942596435547
22320.000000014647,27900,0.42248800980577744,-0.16796454787254333,-0.06040509045124054,0.1563119739294052,0.0,8.672476070614721e-08,10.357462882995605,0.8094390034675598,5.162722110748291,1.861395239830017,300.3643493652344,76.79666137695312,377.1610107421875
22560.000000014938,28200,0.42901703898636107,-0.17265500128269196,-0.0637708529829979,0.14821381866931915,0.0,8.006890794831634e-08,10.38186264038086,0.8048169612884521,5.231562614440918,1.9262595176696777,310.75811767578125,76.02750396728516,386.7856216430664
22800.000000015232,28500,0.4322476087997056,-0.17549391090869904,-0.06411180645227432,0.14818540215492249,0.0,7.62442766699678e-08,10.404704093933105,0.7999303936958313,5.274126052856445,1.9190826416015625,321.1250305175781,75.23893737792969,396.3639678955078
23040.000000015527,28800,0.43379223133598127,-0.17661349475383759,-0.06494434177875519,0.14849336445331573,0.0,8.285045538514169e-08,10.424150466918945,0.794352114200592,5.286624431610107,1.9379183053970337,323.3294372558594,79.09051513671875,402.4199523925781
23280.000000015818,29100,0.4351930498341432,-0.17779795825481415,-0.0652502179145813,0.15733222663402557,0.0,7.450580596923828e-08,10.438873291015625,0.791663646697998,5.306844234466553,1.9457229375839233,320.70404052734375,79.70581817626953,400.4098587036133
23520.000000016113,29400,0.4400755228167349,-0.18170499801635742,-0.06700741499662399,0.15709884464740753,0.0,7.679065561205789e-08,10.455767631530762,0.7894236445426941,5.363552093505859,1.9735610485076904,325.8712158203125,79.91349029541016,405.78470611572266
23760.000000016407,29700,0.4408961253250666,-0.18240886926651,-0.06718809902667999,0.15144814550876617,0.0,8.205572754604873e-08,10.47315502166748,0.7888244390487671,5.36859130859375,1.9776259660720825,331.8117980957031,78.17369842529297,409.9854965209961
24000.0000000167,30000,0.44247898838578004,-0.18396952748298645,-0.06699267774820328,0.1507139652967453,0.0,9.006510737208373e-08,10.488981246948242,0.7881597876548767,5.392369747161865,1.9633452892303467,326.50909423828125,80.22418975830078,406.73328399658203
24240.000000016993,30300,0.44344467319403513,-0.18467409908771515,-0.06755750626325607,0.14616592228412628,0.0,8.742014756535355e-08,10.502951622009277,0.7864159941673279,5.402488708496094,1.9724878072738647,320.9657897949219,76.37611389160156,397.34190368652344
24480.000000017284,30600,0.44141047585929494,-0.18278653919696808,-0.06747560203075409,0.14458683133125305,0.0,7.351239617037209e-08,10.517290115356445,0.7836459279060364,5.376580238342285,1.9802933931350708,317.94342041015625,77.36070251464844,395.3041229248047
24720.00000001758,30900,0.44172087113449565,-0.18301445245742798,-0.06764969974756241,0.16043943166732788,0.0,8.126099970695577e-08,10.531782150268555,0.781097948551178,5.378015518188477,1.9825941324234009,319.3436584472656,78.30378723144531,397.64744567871094
24960.000000017873,31200,0.44246471802145027,-0.18369506299495697,-0.06770513206720352,0.14854519069194794,0.0,8.622805580671411e-08,10.548232078552246,0.7804411053657532,5.392578125,1.9834131002426147,321.7745361328125,80.18683624267578,401.9613723754883
25200.000000018164,31500,0.44765855368558655,-0.1881415843963623,-0.06900851428508759,0.1467665135860443,0.0,7.967154402876986e-08,10.565399169921875,0.7836784720420837,5.459266185760498,1.996612548828125,317.8108825683594,77.79496765136719,395.60585021972656
25440.00000001846,31800,0.44320938876293253,-0.18436595797538757,-0.06779181957244873,0.14401154220104218,0.0,8.92082852033127e-08,10.579704284667969,0.7895963191986084,5.406649112701416,1.982688307762146,310.45159912109375,75.91400909423828,386.36560821533203
25680.000000018754,32100,0.4398371178271848,-0.1813575178384781,-0.06734197586774826,0.14126406610012054,0.0,8.324781930468816e-08,10.59615421295166,0.7988685369491577,5.358742713928223,1.9868006706237793,308.793701171875,75.9776840209961,384.7713851928711
25920.000000019045,32400,0.4409381471284523,-0.18221502006053925,-0.06781836599111557,0.14123646914958954,0.0,7.907549814945014e-08,10.607159614562988,0.814989447593689,5.369639873504639,1.997484803199768,313.9919128417969,78.09126281738281,392.0831756591797
26160.00000001934,32700,0.4417612397603708,-0.18306489288806915,-0.06761609017848969,0.14251697063446045,0.0,7.867813422990366e-08,10.609851837158203,0.8334980010986328,5.38621711730957,1.985996961593628,323.2599792480469,79.52474212646484,402.7847213745117
26400.00000001963,33000,0.44329298422029956,-0.18469476699829102,-0.06710812449455261,0.14177511632442474,0.0,8.701657350229652e-08,10.609437942504883,0.8472558259963989,5.415571689605713,1.9658135175704956,332.7451171875,76.59916687011719,409.3442840576172
26640.000000019925,33300,0.44302918934335017,-0.18475453555583954,-0.06625393033027649,0.14588724076747894,0.0,7.465482099178189e-08,10.607443809509277,0.8564552068710327,5.4210357666015625,1.9412837028503418,344.34564208984375,77.92871856689453,422.2743606567383
26880.00000002022,33600,0.4441645892757691,-0.18526630103588104,-0.06779865175485611,0.14833149313926697,0.0,7.867813422990366e-08,10.60703182220459,0.8642422556877136,5.425235271453857,1.9814180135726929,354.7281494140625,82.12104797363281,436.8491973876953
27120.00000002051,33900,0.4475512708757924,-0.18837226927280426,-0.06809431314468384,0.15246225893497467,0.0,7.649263267239803e-08,10.608539581298828,0.8702813386917114,5.470158576965332,1.975990891456604,358.2633361816406,81.97750091552734,440.24083709716797
27360.000000020806,34200,0.44904935859752637,-0.18954117596149445,-0.06881119310855865,0.15323542058467865,0.0,7.98702259885431e-08,10.610482215881348,0.8729038834571838,5.480759143829346,1.985840916633606,358.0339050292969,80.8929672241211,438.92687225341797
27600.0000000211,34500,0.4504146325753598,-0.19069023430347443,-0.06924469023942947,0.15051890909671783,0.0,7.708867855171775e-08,10.614599227905273,0.8789308071136475,5.495174884796143,1.9875134229660034,354.69281005859375,78.08602142333984,432.7788314819336
27840.00000002139,34800,0.4544019017969392,-0.19457484781742096,-0.06910187005996704,0.14857634902000427,0.0,8.34465012644614e-08,10.620901107788086,0.88528972864151,5.553004741668701,1.9712704420089722,353.302001953125,79.97213745117188,433.2741394042969
28080.000000021686,35100,0.4547555359323927,-0.19468310475349426,-0.06975530833005905,0.1608041673898697,0.0,8.066495382763605e-08,10.629469871520996,0.894558310508728,5.556910037994385,1.988287329673767,348.6113586425781,80.88943481445312,429.50079345703125
28320.000000021977,35400,0.45451937547779087,-0.1943182498216629,-0.07013531774282455,0.1491961032152176,0.0,7.964360548839977e-08,10.62584114074707,0.9194551110267639,5.547936916351318,1.9985119104385376,347.617431640625,82.1759262084961,429.7933578491211
28560.00000002227,35700,0.45781306455663273,-0.19709883630275726,-0.07128247618675232,0.1503967046737671,0.0,8.811553442455988e-08,10.613600730895996,0.9450359344482422,5.592139720916748,2.0150115489959717,344.21240234375,82.54292297363281,426.7553253173828
28800.000000022566,36000,0.4556024579866262,-0.19530700147151947,-0.0702991783618927,0.14961449801921844,0.0,9.059905892172537e-08,10.604990005493164,0.964871883392334,5.571993827819824,1.996877908706665,338.57513427734375,78.58804321289062,417.1631774902344
29040.000000022857,36300,0.45621328189417826,-0.19605113565921783,-0.06987332552671432,0.1539013385772705,0.0,8.056561284774943e-08,10.603777885437012,0.9801334142684937,5.58756160736084,1.9882972240447998,332.13214111328125,79.10987091064453,411.2420120239258
29280.000000023152,36600,0.4563101600203416,-0.19615867733955383,-0.0698348730802536,0.15067891776561737,0.0,7.768472443103747e-08,10.60848617553711,0.9915674924850464,5.579559326171875,1.9893521070480347,329.050537109375,78.39035034179688,407.4408874511719
29520.000000023447,36900,0.4550849636716884,-0.19531680643558502,-0.06886739283800125,0.14735141396522522,0.0,8.424123620898172e-08,10.616098403930664,1.001866102218628,5.571073055267334,1.9677377939224243,327.70880126953125,77.66194915771484,405.3707504272461
29760.000000023738,37200,0.4544222030474061,-0.19479884207248688,-0.06852350383996964,0.14720478653907776,0.0,8.324781930468816e-08,10.627582550048828,1.0090391635894775,5.5671281814575195,1.9585375785827637,334.0279235839844,79.3952407836914,413.4231643676758
30000.000000024032,37500,0.45258629994979965,-0.1930082142353058,-0.06859259307384491,0.14641590416431427,0.0,9.375314391490974e-08,10.643012046813965,1.0135736465454102,5.541406154632568,1.9695968627929688,338.77008056640625,77.14118957519531,415.91127014160156
30240.000000024324,37800,0.45064393419793214,-0.19159957766532898,-0.06731322407722473,0.15142813324928284,0.0,8.453925914864158e-08,10.657671928405762,1.0145472288131714,5.5233635902404785,1.944252610206604,341.8336181640625,78.56114959716797,420.39476776123047
30480.00000002462,38100,0.4491541987445967,-0.19026997685432434,-0.0670534074306488,0.14355799555778503,0.0,7.728736051149099e-08,10.669607162475586,1.0126991271972656,5.494810581207275,1.9360542297363281,342.3540954589844,78.69486999511719,421.04896545410156
30720.000000024913,38400,0.45245725466911624,-0.1928694248199463,-0.06863430142402649,0.15239647030830383,0.0,8.265177342536845e-08,10.682538032531738,1.0082430839538574,5.524481773376465,1.966207504272461,351.2738342285156,80.05181884765625,431.3256530761719
30960.000000025204,38700,0.45237767407263546,-0.19273105263710022,-0.06880804151296616,0.14933525025844574,0.0,9.186565819163661e-08,10.696503639221191,1.0016860961914062,5.516870021820068,1.9737991094589233,350.109130859375,77.81005859375,427.919189453125
31200.0000000255,39000,0.45297667008648085,-0.1932971179485321,-0.06883519142866135,0.14599600434303284,0.0,7.748604247126423e-08,10.711965560913086,0.9959415197372437,5.532436370849609,1.974224328994751,338.1678771972656,78.31983184814453,416.48770904541016
31440.000000025793,39300,0.4549184782477128,-0.19491134583950043,-0.06955724209547043,0.15535716712474823,0.0,8.046627186786282e-08,10.726274490356445,0.9912810921669006,5.557376384735107,1.988817572593689,325.48406982421875,80.543212890625,406.02728271484375
31680.000000026084,39600,0.4554012804391757,-0.19533847272396088,-0.0696679875254631,0.14935855567455292,0.0,7.589657968765096e-08,10.741098403930664,0.9847238063812256,5.564314842224121,1.9948943853378296,318.5183410644531,84.5741958618164,403.09253692626953
31920.00000002638,39900,0.4520310455202576,-0.19285546243190765,-0.06751565635204315,0.15018191933631897,0.0,7.907549814945014e-08,10.759596824645996,0.974719226360321,5.533233642578125,1.9492645263671875,317.3250427246094,80.76657104492188,398.09161376953125
32160.00000002667,40200,0.4526952440694906,-0.19363509118556976,-0.06710424274206161,0.1692758947610855,0.0,8.46386001285282e-08,10.779755592346191,0.9641460180282593,5.545842170715332,1.9273641109466553,318.81842041015625,81.31282806396484,400.1312484741211
32400.000000026965,40500,0.45356985215095275,-0.1947319507598877,-0.06635129451751709,0.1562676578760147,0.0,7.708867855171775e-08,10.799452781677246,0.9552415013313293,5.570145130157471,1.89971923828125,319.09912109375,80.15819549560547,399.25731658935547
32640.00000002726,40800,0.45558854523350995,-0.19685527682304382,-0.06579921394586563,0.15578430891036987,0.0,8.1509355709386e-08,10.816105842590332,0.9496009349822998,5.606606960296631,1.8795173168182373,324.2540588378906,79.42906188964844,403.68312072753906
32880.000000027554,41100,0.46136889739298836,-0.20196589827537537,-0.06722865253686905,0.152608722448349,0.0,8.106231774718253e-08,10.833240509033203,0.9453212022781372,5.68148136138916,1.8939639329910278,329.79034423828125,79.08717346191406,408.8775177001953
33120.000000027845,41400,0.4643497015605682,-0.2045445442199707,-0.06821870803833008,0.14673249423503876,0.0,8.026758990808958e-08,10.850842475891113,0.9348831176757812,5.714317321777344,1.9078102111816406,333.1579284667969,85.98893737792969,419.14686584472656
33360.000000028136,41700,0.4596559507386843,-0.20028449594974518,-0.06728207319974899,0.14851051568984985,0.0,8.900960324353946e-08,10.867960929870605,0.9190225005149841,5.656259536743164,1.9024176597595215,338.29534912109375,80.66067504882812,418.9560241699219
33600.000000028434,42000,0.45315995546442317,-0.19433827698230743,-0.0663541778922081,0.14852486550807953,0.0,7.947286206899662e-08,10.885817527770996,0.9009253978729248,5.570552825927734,1.9032514095306396,343.35992431640625,81.8478775024414,425.20780181884766
33840.000000028725,42300,0.4548430537944012,-0.19573785364627838,-0.0669846162199974,0.15387503802776337,0.0,8.304913734491493e-08,10.904210090637207,0.8808990120887756,5.584490776062012,1.910875678062439,344.3158264160156,82.9084243774414,427.22425079345703
34080.00000002902,42600,0.4541561203737928,-0.19527827203273773,-0.06639780849218369,0.15076515078544617,0.0,7.728736051149099e-08,10.923063278198242,0.8609145283699036,5.5844340324401855,1.900559902191162,338.02398681640625,82.98452758789062,421.0085144042969
34320.000000029315,42900,0.4509686471707271,-0.19269037246704102,-0.06504524499177933,0.14991723001003265,0.0,8.46386001285282e-08,10.942192077636719,0.8414005637168884,5.552046298980713,1.87408447265625,325.69427490234375,83.37337493896484,409.0676498413086
34560.000000029606,43200,0.44909149414020305,-0.19124460220336914,-0.06404376029968262,0.15196408331394196,0.0,8.583069188716763e-08,10.962258338928223,0.821316659450531,5.531594753265381,1.8552627563476562,316.68536376953125,81.66126251220703,398.3466262817383
34800.0000000299,43500,0.4525475933617571,-0.19408062100410461,-0.06538712233304977,0.15509562194347382,0.0,8.29497963650283e-08,10.981437683105469,0.8025222420692444,5.571656227111816,1.8726840019226074,317.9353942871094,83.14729309082031,401.0826873779297
35040.00000003019,43800,0.4505314693126935,-0.1924770325422287,-0.06444304436445236,0.1488005667924881,0.0,8.106231774718253e-08,10.998031616210938,0.7854427695274353,5.551538944244385,1.8527263402938843,321.80279541015625,84.82017517089844,406.6229705810547
35280.000000030486,44100,0.4484030425781019,-0.19054119288921356,-0.06419738382101059,0.15266768634319305,0.0,9.194016570290842e-08,11.012640953063965,0.7700725197792053,5.516708850860596,1.8587549924850464,325.8101501464844,81.23335266113281,407.0435028076172
35520.00000003078,44400,0.4475855377588312,-0.18969307839870453,-0.064418725669384,0.15050049126148224,0.0,8.066495382763605e-08,11.02578353881836,0.754710853099823,5.500876426696777,1.8638253211975098,327.06036376953125,82.0920181274414,409.15238189697266
35760.00000003107,44700,0.44576307390999004,-0.18777914345264435,-0.06498121470212936,0.15283499658107758,0.0,7.708867855171775e-08,11.039052963256836,0.7402096390724182,5.468678951263428,1.8909389972686768,324.20074462890625,84.33531188964844,408.5360565185547
36000.00000003137,45000,0.44719380691395116,-0.1887705773115158,-0.06601961702108383,0.1554337441921234,0.0,8.602937384694087e-08,11.051257133483887,0.7275811433792114,5.477039813995361,1.9185500144958496,324.58526611328125,85.08009338378906,409.6653594970703
36240.00000003166,45300,0.4505989666214103,-0.19179731607437134,-0.06662431359291077,0.1527441143989563,0.0,7.688999659194451e-08,11.061169624328613,0.7174983024597168,5.522462844848633,1.9170489311218262,327.85113525390625,84.57223510742188,412.4233703613281
36480.00000003195,45600,0.45275560358636296,-0.1936483085155487,-0.06723290681838989,0.15446850657463074,0.0,7.98702259885431e-08,11.070624351501465,0.7060637474060059,5.554716110229492,1.9233461618423462,334.2012023925781,85.15966796875,419.3608703613281
36720.00000003225,45900,0.4549482274950695,-0.19590526819229126,-0.06679051369428635,0.15193484723567963,0.0,7.808208835058394e-08,11.08367919921875,0.6935379505157471,5.592390060424805,1.9060012102127075,343.4599609375,83.12709045410156,426.58705139160156
36960.00000003254,46200,0.45244406671755705,-0.1940302848815918,-0.06524296849966049,0.15942160785198212,0.0,8.205572754604873e-08,11.098456382751465,0.6819894313812256,5.572480201721191,1.8718889951705933,340.06060791015625,86.65825653076172,426.71886444091797
37200.00000003283,46500,0.45205239620940796,-0.19380007684230804,-0.0648152157664299,0.1642930656671524,0.0,9.61124939635738e-08,11.112737655639648,0.6711347699165344,5.566915988922119,1.8596965074539185,347.47052001953125,84.21105194091797,431.6815719604492
37440.00000003313,46800,0.45474048273261886,-0.195951908826828,-0.06606437265872955,0.15448826551437378,0.0,8.106231774718253e-08,11.124290466308594,0.6622656583786011,5.59894323348999,1.8814573287963867,364.9664001464844,87.73973846435547,452.70613861083984
37680.00000003342,47100,0.4606300956757366,-0.2009662240743637,-0.06806588917970657,0.15492703020572662,0.0,7.728736051149099e-08,11.134909629821777,0.651212215423584,5.661719799041748,1.9052300453186035,391.25396728515625,85.74024200439453,476.9942092895508
37920.00000003371,47400,0.4641886705565516,-0.2041536271572113,-0.06891372054815292,0.15530842542648315,0.0,8.356447267487965e-08,11.143381118774414,0.639857292175293,5.703827857971191,1.9176827669143677,422.2258605957031,87.57757568359375,509.8034362792969
38160.00000003401,47700,0.4705327526666566,-0.21011370420455933,-0.06979015469551086,0.15330225229263306,0.0,8.831421638433312e-08,11.14727783203125,0.6339513063430786,5.785430908203125,1.9224008321762085,447.23828125,90.32201385498047,537.5602951049805
38400.00000003429,48000,0.47605585785457977,-0.21545523405075073,-0.070283904671669,0.15575429797172546,0.0,8.995334610517602e-08,11.147774696350098,0.6266871690750122,5.867571830749512,1.9152520895004272,459.48223876953125,92.12887573242188,551.6111145019531
38640.00000003459,48300,0.4794510775469468,-0.21881850063800812,-0.07042878866195679,0.15372684597969055,0.0,7.172425853241293e-08,11.144235610961914,0.6147919297218323,5.918302059173584,1.907594919204712,465.0692138671875,91.27168273925781,556.3408966064453
38880.00000003488,48600,0.48293598074235,-0.22227460145950317,-0.0706322193145752,0.1500592678785324,0.0,7.718801953160437e-08,11.139772415161133,0.6068631410598755,5.972506999969482,1.8958591222763062,480.40576171875,90.0234603881836,570.4292221069336
39120.00000003517,48900,0.4807433913365534,-0.22022205591201782,-0.07011435925960541,0.14977245032787323,0.0,8.523464600784791e-08,11.140673637390137,0.6040570139884949,5.945926189422607,1.891479730606079,497.3192443847656,88.0572280883789,585.3764724731445
39360.00000003547,49200,0.4811866053672853,-0.22090941667556763,-0.06935456395149231,0.15275068581104279,0.0,7.828077031035718e-08,11.138894081115723,0.6075661182403564,5.956557273864746,1.8693233728408813,507.53924560546875,88.46014404296875,595.9993896484375
39600.00000003576,49500,0.47565756475763815,-0.2155095934867859,-0.06888201087713242,0.15148994326591492,0.0,8.543332796762115e-08,11.135834693908691,0.6148908138275146,5.881230354309082,1.878166913986206,508.5538330078125,88.42713928222656,596.9809722900391
39840.00000003605,49800,0.47441606702613,-0.21415269374847412,-0.06924883276224136,0.15846620500087738,0.0,8.265177342536845e-08,11.127018928527832,0.631303071975708,5.857597351074219,1.8935415744781494,500.3653259277344,90.53700256347656,590.9023284912109
40080.00000003634,50100,0.47340128334777826,-0.21319109201431274,-0.06909631937742233,0.14996199309825897,0.0,7.828077031035718e-08,11.104096412658691,0.6484864950180054,5.842647552490234,1.9000754356384277,487.69482421875,90.34051513671875,578.0353393554688
40320.00000003664,50400,0.47135157849259346,-0.2115039825439453,-0.06801912188529968,0.15255816280841827,0.0,8.225440950582197e-08,11.076760292053223,0.6639803647994995,5.8236894607543945,1.8754225969314575,475.7392578125,92.37632751464844,568.1155853271484
40560.00000003693,50700,0.46954731716841946,-0.20959602296352386,-0.06840024143457413,0.15353336930274963,0.0,8.900960324353946e-08,11.056070327758789,0.6748366951942444,5.7930908203125,1.8884774446487427,467.88507080078125,93.0291976928711,560.9142684936523
40800.000000037224,51000,0.4698567388854027,-0.2099723368883133,-0.0681832805275917,0.16279356181621552,0.0,8.265177342536845e-08,11.04202651977539,0.68206787109375,5.790131568908691,1.8810369968414307,462.2012634277344,89.58818054199219,551.7894439697266
41040.00000003752,51300,0.4762388837086963,-0.2161663919687271,-0.06864333152770996,0.15358902513980865,0.0,7.802000112633323e-08,11.02688980102539,0.6966138482093811,5.878706932067871,1.8661162853240967,453.607421875,90.54830169677734,544.1557235717773
41280.00000003781,51600,0.4785231773546669,-0.21878871321678162,-0.06756751239299774,0.1523137092590332,0.0,8.170803766915924e-08,11.01558780670166,0.7180851697921753,5.927229881286621,1.8239496946334839,441.5640563964844,90.77462768554688,532.3386840820312
41520.000000038104,51900,0.47940897153671813,-0.2193659096956253,-0.06856958568096161,0.15169979631900787,0.0,9.546677404159709e-08,11.011153221130371,0.7459461092948914,5.936813831329346,1.8528084754943848,419.2746276855469,90.03599548339844,509.3106231689453
41760.0000000384,52200,0.4727330139098005,-0.21279281377792358,-0.06827126443386078,0.1492922306060791,0.0,8.145968166672901e-08,11.005477905273438,0.7687698006629944,5.849324703216553,1.8718130588531494,394.3420104980469,86.1213607788086,480.46337127685547
42000.00000003869,52500,0.4687670090620074,-0.20906813442707062,-0.06765563786029816,0.1513490229845047,0.0,8.235375048570859e-08,11.006632804870605,0.7838064432144165,5.795822620391846,1.8715900182724,388.45947265625,86.01722717285156,474.47669982910156
42240.000000038985,52800,0.46000817946954636,-0.20141038298606873,-0.06489685922861099,0.14680789411067963,0.0,7.78834063908107e-08,11.01009464263916,0.7925845384597778,5.691819190979004,1.8300034999847412,389.94146728515625,85.3949203491211,475.33638763427734
42480.00000003928,53100,0.4602800998688478,-0.20200245082378387,-0.06386489421129227,0.1473349779844284,0.0,9.695688873989639e-08,11.008851051330566,0.7940723896026611,5.7014594078063965,1.8002444505691528,396.283447265625,88.34465789794922,484.6281051635742
42720.000000039574,53400,0.4603366678464698,-0.20266509056091309,-0.061908356845378876,0.14662709832191467,0.0,9.000301304240566e-08,11.00656795501709,0.7963653206825256,5.718851566314697,1.751786708831787,400.862060546875,87.78633880615234,488.64839935302734
42960.000000039865,53700,0.4622608681516819,-0.20480124652385712,-0.06097356602549553,0.14631396532058716,0.0,8.82148754044465e-08,11.003780364990234,0.7972837090492249,5.751121520996094,1.7200942039489746,404.1998291015625,88.27904510498047,492.47887420654297
43200.00000004016,54000,0.46536416557082183,-0.2076360583305359,-0.061539821326732635,0.14948026835918427,0.0,8.443991816875496e-08,11.004934310913086,0.79630047082901,5.792413234710693,1.7189795970916748,410.1140441894531,87.1840591430664,497.29810333251953
43440.000000040454,54300,0.46716477243215293,-0.2089540958404541,-0.06299333274364471,0.1584385484457016,0.0,8.350859559413948e-08,11.009160041809082,0.791398286819458,5.804915428161621,1.74386465549469,417.91217041015625,86.45459747314453,504.3667678833008
43680.000000040745,54600,0.47141780478554823,-0.21264606714248657,-0.06457501649856567,0.1487881988286972,0.0,9.854635152350966e-08,11.01650333404541,0.7858254313468933,5.851877212524414,1.7701992988586426,424.8456115722656,83.96939849853516,508.8150100708008
43920.00000004104,54900,0.47126537036623767,-0.21275562047958374,-0.06371404975652695,0.14609400928020477,0.0,7.172425853241293e-08,11.025960922241211,0.7816600799560547,5.857426643371582,1.7519711256027222,428.36492919921875,85.57820129394531,513.9431304931641
44160.000000041335,55200,0.46949815928791466,-0.2114572823047638,-0.062245890498161316,0.15077091753482819,0.0,7.78834063908107e-08,11.035431861877441,0.7777491807937622,5.837088584899902,1.7246726751327515,430.45477294921875,84.9930191040039,515.4477920532227
44400.000000041626,55500,0.4688820430057784,-0.21127086877822876,-0.06081780418753624,0.15225812792778015,0.0,7.748604247126423e-08,11.04355239868164,0.7784403562545776,5.837461948394775,1.691334843635559,427.6037902832031,86.53616333007812,514.1399536132812
44640.00000004192,55800,0.47263622164980473,-0.21456408500671387,-0.062153927981853485,0.15351353585720062,0.0,9.059905892172537e-08,11.053997993469238,0.7792527675628662,5.887286186218262,1.7102470397949219,418.4278869628906,86.56327819824219,504.9911651611328
44880.000000042215,56100,0.467263317953306,-0.2097572237253189,-0.06059771403670311,0.1479136198759079,0.0,7.98702259885431e-08,11.069306373596191,0.7779699563980103,5.824188709259033,1.6835360527038574,420.0138244628906,88.42005920410156,508.4338836669922
45120.000000042506,56400,0.46532313314163753,-0.2077517807483673,-0.0610126294195652,0.15349853038787842,0.0,7.580965899478542e-08,11.085968971252441,0.7694230675697327,5.795773983001709,1.7005224227905273,419.9681396484375,87.64727020263672,507.6154098510742
45360.0000000428,56700,0.4719555459346477,-0.21372225880622864,-0.06274401396512985,0.15413260459899902,0.0,8.642673776648735e-08,11.102204322814941,0.7603793144226074,5.876368045806885,1.722105622291565,414.3553466796875,90.58181762695312,504.9371643066406
45600.000000043095,57000,0.46829293374834535,-0.21037587523460388,-0.06191706657409668,0.15266750752925873,0.0,7.549921576810448e-08,11.122087478637695,0.7454685568809509,5.82749605178833,1.7185052633285522,403.04742431640625,89.1193618774414,492.16678619384766
45840.00000004339,57300,0.468425551816116,-0.21020419895648956,-0.06293192505836487,0.144780695438385,0.0,8.066495382763605e-08,11.14468765258789,0.7182566523551941,5.82562780380249,1.745139718055725,392.03338623046875,91.42434692382812,483.4577331542969
46080.00000004368,57600,0.4679483436882183,-0.21004687249660492,-0.061892226338386536,0.14594976603984833,0.0,7.877747520979028e-08,11.162956237792969,0.6912221908569336,5.830063819885254,1.7202121019363403,384.8767395019531,91.92488098144531,476.80162048339844
46320.000000043976,57900,0.46532280498911005,-0.20804297924041748,-0.06001108139753342,0.1443825513124466,0.0,7.872780116713329e-08,11.1721773147583,0.6701331734657288,5.808852195739746,1.6769695281982422,367.8191833496094,90.16041564941406,457.97959899902344
46560.00000004427,58200,0.462561390256439,-0.20570039749145508,-0.05888572707772255,0.14087140560150146,0.0,7.390976008991856e-08,11.171540260314941,0.657173216342926,5.775482177734375,1.6531280279159546,349.2677307128906,88.11893463134766,437.3866653442383
46800.00000004456,58500,0.4632898802925151,-0.20568248629570007,-0.06135125830769539,0.1510830521583557,0.0,8.066495382763605e-08,11.178778648376465,0.6395640969276428,5.773540019989014,1.71424400806427,340.55218505859375,89.61328887939453,430.1654739379883
47040.000000044856,58800,0.46082690837808155,-0.20379653573036194,-0.059702202677726746,0.1431988626718521,0.0,7.708867855171775e-08,11.185416221618652,0.6212167739868164,5.751051902770996,1.6833395957946777,334.1484680175781,84.62642669677734,418.77489471435547
47280.00000004515,59100,0.45923460811978084,-0.20272016525268555,-0.05815356224775314,0.14057102799415588,0.0,7.579723870776434e-08,11.192498207092285,0.6022270917892456,5.737817287445068,1.644761323928833,324.5855712890625,85.76724243164062,410.3528137207031
47520.00000004544,59400,0.4564135064646622,-0.2004014104604721,-0.0568656399846077,0.1426154226064682,0.0,8.29497963650283e-08,11.202326774597168,0.5832460522651672,5.704543113708496,1.6244637966156006,317.1006774902344,82.09742736816406,399.19810485839844
47760.00000004573,59700,0.45439612896651665,-0.1982702612876892,-0.057629652321338654,0.13999496400356293,0.0,8.940696716308594e-08,11.213088035583496,0.5643073916435242,5.66994047164917,1.6484426259994507,315.7627258300781,81.63095092773438,397.3936767578125
48000.00000004603,60000,0.4545143708656901,-0.19779463112354279,-0.059615008533000946,0.1456822007894516,0.0,8.026758990808958e-08,11.22177505493164,0.5433728098869324,5.6539154052734375,1.6989407539367676,318.26171875,82.57431030273438,400.8360290527344
48240.00000004632,60300,0.457762440305537,-0.20053631067276,-0.06078571826219559,0.13990959525108337,0.0,7.86098368621424e-08,11.229426383972168,0.5214157700538635,5.690304279327393,1.7216851711273193,313.3740539550781,82.6336898803711,396.0077438354492
48480.00000004661,60600,0.4535025967916865,-0.19710154831409454,-0.05872741714119911,0.1419670283794403,0.0,7.839252447183753e-08,11.234204292297363,0.5005428791046143,5.647621154785156,1.6779868602752686,311.024658203125,79.81272888183594,390.83738708496094
48720.00000004691,60900,0.45209127175616043,-0.19614890217781067,-0.057440899312496185,0.13900236785411835,0.0,9.228786268522526e-08,11.238056182861328,0.48132333159446716,5.638176918029785,1.6508642435073853,314.259765625,81.43907928466797,395.69884490966797
48960.0000000472,61200,0.45245088932704863,-0.19681665301322937,-0.056303899735212326,0.14256322383880615,0.0,8.374453130954862e-08,11.241960525512695,0.46316808462142944,5.646982669830322,1.6181979179382324,319.8601989746094,80.06688690185547,399.92708587646484
49200.00000004749,61500,0.44917824836945586,-0.19421111047267914,-0.05467710271477699,0.14034542441368103,0.0,8.424123620898172e-08,11.24633502960205,0.44492873549461365,5.610428810119629,1.5845178365707397,325.9268798828125,80.90633392333984,406.83321380615234
49440.00000004779,61800,0.44693159729851295,-0.1923634260892868,-0.053810007870197296,0.14225898683071136,0.0,7.98702259885431e-08,11.248273849487305,0.423909455537796,5.587368011474609,1.5655072927474976,329.29351806640625,77.41698455810547,406.7105026245117
49680.00000004808,62100,0.4461966705440684,-0.191706582903862,-0.05372149497270584,0.14186927676200867,0.0,7.331371421059885e-08,11.252002716064453,0.40437307953834534,5.576957702636719,1.563760757446289,333.9164733886719,80.34492492675781,414.2613983154297
49920.00000004837,62400,0.4487148157805296,-0.19366103410720825,-0.055092714726924896,0.14557547867298126,0.0,7.569789772787772e-08,11.252354621887207,0.3906480371952057,5.599042892456055,1.5926647186279297,340.6270751953125,80.6956787109375,421.32275390625
50160.00000004867,62700,0.4515153207345398,-0.1956513524055481,-0.057288121432065964,0.14327389001846313,0.0,8.145968166672901e-08,11.24985122680664,0.3819006681442261,5.618635654449463,1.6454110145568848,339.6504211425781,81.96351623535156,421.6139373779297
50400.00000004896,63000,0.448023358324171,-0.1927104890346527,-0.05615304782986641,0.1420390009880066,0.0,7.947286206899662e-08,11.246313095092773,0.37816885113716125,5.584711074829102,1.6278437376022339,333.0456237792969,81.71800231933594,414.7636260986328
50640.00000004925,63300,0.4474244984760513,-0.19200502336025238,-0.05665314942598343,0.14053332805633545,0.0,7.589657968765096e-08,11.241955757141113,0.3718907833099365,5.5731635093688965,1.6461787223815918,322.7984619140625,84.57389831542969,407.3723602294922
50880.00000004955,63600,0.45029577406561444,-0.1944340020418167,-0.057528991252183914,0.14192557334899902,0.0,8.384387228943524e-08,11.236123085021973,0.3631569445133209,5.604013919830322,1.6622884273529053,314.5175476074219,81.74128723144531,396.2588348388672
51120.00000004984,63900,0.45245635587343147,-0.19607599079608917,-0.05884857848286629,0.1407371610403061,0.0,8.225440950582197e-08,11.229772567749023,0.3535328209400177,5.627230167388916,1.6874723434448242,316.1727600097656,82.31024169921875,398.4830017089844
51360.00000005013,64200,0.4494307674177128,-0.19339916110038757,-0.05827454477548599,0.14515560865402222,0.0,8.066495382763605e-08,11.223986625671387,0.343530535697937,5.589592933654785,1.6861860752105713,319.4401550292969,82.41671752929688,401.85687255859375
51600.00000005042,64500,0.4517085653956958,-0.19567328691482544,-0.057832021266222,0.14728084206581116,0.0,7.98702259885431e-08,11.21721363067627,0.332711398601532,5.623908996582031,1.6655900478363037,327.289306640625,82.1237564086914,409.4130630493164
51840.00000005072,64800,0.44846397847550673,-0.19300341606140137,-0.05655892193317413,0.1440100371837616,0.0,7.520119282844462e-08,11.20492935180664,0.32306772470474243,5.590027809143066,1.6412121057510376,334.5087890625,83.05147552490234,417.56026458740234
52080.00000005101,65100,0.44697014263763357,-0.19161444902420044,-0.05654090270400047,0.14384154975414276,0.0,7.619460262731081e-08,11.187409400939941,0.3151077330112457,5.575372219085693,1.645885705947876,335.4719543457031,85.60176849365234,421.07372283935547
52320.0000000513,65400,0.44228058660131503,-0.18746541440486908,-0.05586428940296173,0.13819925487041473,0.0,7.98702259885431e-08,11.167804718017578,0.3089725077152252,5.515162467956543,1.6363476514816284,332.8038330078125,84.62235260009766,417.42618560791016
52560.0000000516,65700,0.44510781673566197,-0.18969804048538208,-0.05715392902493477,0.13999900221824646,0.0,8.596728662269015e-08,11.151206970214844,0.3037812411785126,5.534091472625732,1.6616588830947876,333.3564758300781,83.96234893798828,417.3188247680664
52800.00000005189,66000,0.44826248946877373,-0.19255849719047546,-0.0574265718460083,0.1409602016210556,0.0,7.828077031035718e-08,11.139274597167969,0.2935847342014313,5.575639724731445,1.6601951122283936,332.13671875,84.15370178222656,416.29042053222656
53040.00000005218,66300,0.4499084145984874,-0.19424651563167572,-0.0569312609732151,0.1540471762418747,0.0,7.589657968765096e-08,11.132686614990234,0.28367140889167786,5.604525089263916,1.6443651914596558,328.0180358886719,82.29962921142578,410.31766510009766
53280.00000005248,66600,0.4452146141545614,-0.19003820419311523,-0.056347887963056564,0.14271821081638336,0.0,9.586413796114357e-08,11.128314971923828,0.2723231315612793,5.539795875549316,1.6469241380691528,321.52337646484375,81.85652923583984,403.3799057006836
53520.00000005277,66900,0.44259471589468463,-0.1876574605703354,-0.0561925433576107,0.1440281718969345,0.0,7.98702259885431e-08,11.12838363647461,0.26046332716941833,5.503456115722656,1.6534719467163086,316.2644958496094,81.34754943847656,397.61204528808594
53760.00000005306,67200,0.4405570470296522,-0.18607230484485626,-0.05521072447299957,0.1643996685743332,0.0,8.900960324353946e-08,11.131855010986328,0.24824431538581848,5.485526084899902,1.629384160041809,310.3335266113281,85.67036437988281,396.00389099121094
54000.00000005336,67500,0.44353356286878715,-0.18840888142585754,-0.05658309906721115,0.14379514753818512,0.0,7.957220304888324e-08,11.135642051696777,0.23458358645439148,5.5178446769714355,1.6553685665130615,317.1885681152344,88.26171875,405.4502868652344
54240.00000005365,67800,0.4493472236527453,-0.19310885667800903,-0.05897287279367447,0.14082281291484833,0.0,7.708867855171775e-08,11.135246276855469,0.22185367345809937,5.581600189208984,1.7000192403793335,337.191162109375,87.21381378173828,424.4049758911133
54480.000000053944,68100,0.44867166131607317,-0.19260035455226898,-0.058560341596603394,0.15099047124385834,0.0,8.175770460638887e-08,11.132792472839355,0.20709986984729767,5.575125217437744,1.6940065622329712,355.271240234375,85.27542114257812,440.5466613769531
54720.00000005424,68400,0.45037468513119144,-0.19461163878440857,-0.0571778230369091,0.14987440407276154,0.0,8.553266894750777e-08,11.130918502807617,0.1910805106163025,5.603679180145264,1.6440825462341309,371.417724609375,87.84842681884766,459.26615142822266
54960.00000005453,68700,0.45756460980657293,-0.20113253593444824,-0.05813400074839592,0.14744363725185394,0.0,8.145968166672901e-08,11.12881088256836,0.17664992809295654,5.699474811553955,1.645811676979065,382.9361267089844,88.06489562988281,471.0010223388672
55200.000000054824,69000,0.4595964529568071,-0.20261546969413757,-0.059704434126615524,0.14364568889141083,0.0,7.430712400946504e-08,11.128737449645996,0.1635180115699768,5.720828533172607,1.6899334192276,372.88427734375,87.43243408203125,460.31671142578125
55440.000000055115,69300,0.459828787313075,-0.20270830392837524,-0.06014382839202881,0.15088652074337006,0.0,7.589657968765096e-08,11.13065242767334,0.15288715064525604,5.7215495109558105,1.7009432315826416,360.8524169921875,86.56988525390625,447.42230224609375
55680.000000055414,69600,0.4613792734956236,-0.20382986962795258,-0.06137895584106445,0.14338837563991547,0.0,7.549921576810448e-08,11.133185386657715,0.1418192982673645,5.732125282287598,1.7207303047180176,356.740966796875,82.20931243896484,438.95027923583984
55920.000000055705,69900,0.46296778275277356,-0.20507843792438507,-0.06232265383005142,0.13925085961818695,0.0,7.630636389421852e-08,11.132460594177246,0.1301489621400833,5.7498345375061035,1.7400747537612915,351.16131591796875,81.16234588623047,432.3236618041992
56160.000000055996,70200,0.4608841477836467,-0.20353980362415314,-0.06075639650225639,0.14262151718139648,0.0,9.457270522261751e-08,11.13284969329834,0.11894549429416656,5.730998516082764,1.7046996355056763,343.5694580078125,81.39910888671875,424.96856689453125
56400.000000056294,70500,0.45810638505573015,-0.20101451873779297,-0.060290925204753876,0.1417093575000763,0.0,7.78834063908107e-08,11.1322603225708,0.10659623891115189,5.692038536071777,1.7019017934799194,340.1368713378906,82.59517669677734,422.73204803466797
56640.000000056585,70800,0.45562143619712364,-0.19872844219207764,-0.0600082091987133,0.14448975026607513,0.0,7.78834063908107e-08,11.13128662109375,0.09043891727924347,5.663886547088623,1.7059484720230103,335.12213134765625,85.33660888671875,420.458740234375
56880.000000056876,71100,0.4554681993160888,-0.19844669103622437,-0.06045613810420036,0.14161334931850433,0.0,8.781751148490002e-08,11.130663871765137,0.07589265704154968,5.661535739898682,1.7170928716659546,327.1954650878906,84.33529663085938,411.53076171875
57120.000000057174,71400,0.45292501426120463,-0.19604834914207458,-0.06039787083864212,0.143913134932518,0.0,7.291635029105237e-08,11.13039779663086,0.06266903132200241,5.625039577484131,1.7251960039138794,328.1510925292969,83.79144287109375,411.9425354003906
57360.000000057466,71700,0.45072690090307443,-0.1940402239561081,-0.06016842648386955,0.14704792201519012,0.0,7.271766833127913e-08,11.12997055053711,0.04947488754987717,5.589722633361816,1.726371169090271,330.2252197265625,83.55790710449219,413.7831268310547
57600.00000005776,72000,0.4473111573922018,-0.1916922777891159,-0.057349689304828644,0.14564165472984314,0.0,7.907549814945014e-08,11.12831974029541,0.03241768851876259,5.563385963439941,1.6661311388015747,331.4360656738281,82.03842163085938,413.4744873046875
57840.000000058055,72300,0.44971060394080303,-0.1942775845527649,-0.056187961250543594,0.1422988325357437,0.0,8.290012942779867e-08,11.124653816223145,0.01399489026516676,5.612895965576172,1.623411774635315,335.5818176269531,87.41898345947266,423.0008010864258
58080.000000058346,72600,0.4548047641324789,-0.19877496361732483,-0.05722193419933319,0.1431080549955368,0.0,7.78834063908107e-08,11.120405197143555,-0.002537103835493326,5.677952766418457,1.6307051181793213,339.9486083984375,86.08490753173828,426.0335159301758
58320.00000005864,72900,0.4514165707711518,-0.19547627866268158,-0.05756785348057747,0.13879844546318054,0.0,7.835527782162899e-08,11.114520072937012,-0.020051803439855576,5.631951332092285,1.6561827659606934,335.5389709472656,85.01895904541016,420.5579299926758
58560.000000058935,73200,0.44748735153539826,-0.19156530499458313,-0.05831608548760414,0.14497344195842743,0.0,7.88768161896769e-08,11.107190132141113,-0.037307873368263245,5.566173076629639,1.6893033981323242,335.4385681152344,85.31400299072266,420.75257110595703
58800.000000059226,73500,0.44546827293482677,-0.18970374763011932,-0.058238375931978226,0.14293888211250305,0.0,7.549921576810448e-08,11.095964431762695,-0.04965074360370636,5.538407325744629,1.698341965675354,346.2991027832031,83.7051773071289,430.00428009033203
59040.00000005952,73800,0.44644158019426244,-0.19072853028774261,-0.05785445123910904,0.14128820598125458,0.0,8.006890794831634e-08,11.083657264709473,-0.05804606154561043,5.553788185119629,1.682891845703125,352.86834716796875,82.92825317382812,435.7966003417969
59280.00000005981,74100,0.44454553088304766,-0.18915411829948425,-0.05722475051879883,0.13875453174114227,0.0,8.185704558627549e-08,11.072311401367188,-0.06367707252502441,5.527858734130859,1.6759886741638184,350.4349670410156,83.80557250976562,434.24053955078125
59520.00000006011,74400,0.4464059462687142,-0.19076964259147644,-0.05760878324508667,0.13903503119945526,0.0,8.066495382763605e-08,11.060209274291992,-0.06413477659225464,5.553699970245361,1.6739764213562012,358.9342956542969,82.81150817871094,441.7458038330078
59760.0000000604,74700,0.44908040569794505,-0.1929185390472412,-0.058775175362825394,0.13723862171173096,0.0,7.688999659194451e-08,11.04387092590332,-0.06572373956441879,5.580364227294922,1.6937710046768188,378.4995422363281,82.2333984375,460.7329406738281
60000.00000006069,75000,0.4511271094249397,-0.1945582777261734,-0.059713516384363174,0.1428283154964447,0.0,7.947286206899662e-08,11.027740478515625,-0.06256779283285141,5.599913120269775,1.7085933685302734,390.2336730957031,84.91931915283203,475.15299224853516
60240.00000006099,75300,0.45319385604513135,-0.19648990035057068,-0.0597878098487854,0.14350686967372894,0.0,7.589657968765096e-08,11.015403747558594,-0.0563613697886467,5.630221843719482,1.7059142589569092,392.34100341796875,84.52616119384766,476.8671646118164
60480.00000006128,75600,0.4541583917000615,-0.19729499518871307,-0.060148220509290695,0.14704832434654236,0.0,8.309881138757191e-08,10.999883651733398,-0.04896797239780426,5.6415629386901855,1.7144578695297241,391.0724792480469,85.60494995117188,476.67742919921875
60720.00000006157,75900,0.45571656853759496,-0.19883476197719574,-0.05995597690343857,0.14419816434383392,0.0,7.867813422990366e-08,10.981842994689941,-0.03538735955953598,5.669447898864746,1.7076717615127563,381.601806640625,90.44696807861328,472.0487747192383
60960.00000006187,76200,0.45760123531174157,-0.20054271817207336,-0.06025374308228493,0.14777377247810364,0.0,7.890164965829172e-08,10.964421272277832,-0.025459283962845802,5.700456619262695,1.710227131843567,369.048095703125,86.8305892944336,455.8786849975586
61200.00000006216,76500,0.45281369087377543,-0.19658677279949188,-0.058267831802368164,0.14776401221752167,0.0,7.579723870776434e-08,10.947760581970215,-0.0173016469925642,5.644649982452393,1.670235276222229,365.2005615234375,86.92839050292969,452.1289520263672
61440.00000006245,76800,0.4538264459896363,-0.19784533977508545,-0.05723724141716957,0.1472085565328598,0.0,8.34465012644614e-08,10.927918434143066,-0.007603013422340155,5.663776874542236,1.6330091953277588,366.6943054199219,89.61044311523438,456.30474853515625
61680.00000006275,77100,0.453439250691373,-0.19773483276367188,-0.0563492476940155,0.15284274518489838,0.0,8.682410168603383e-08,10.911629676818848,0.0004281786095816642,5.66603946685791,1.6098110675811768,374.63525390625,85.17735290527344,459.81260681152344
61920.00000006304,77400,0.4525148970659128,-0.1970406323671341,-0.05572820082306862,0.13932493329048157,0.0,8.267661399941062e-08,10.902036666870117,0.007511013653129339,5.655984878540039,1.5980913639068604,375.7942199707031,84.69961547851562,460.49383544921875
62160.00000006333,77700,0.4493694407611204,-0.19416168332099915,-0.05548093840479851,0.14077554643154144,0.0,7.386009315268893e-08,10.893781661987305,0.01121316384524107,5.614114761352539,1.6017311811447144,374.86175537109375,84.50102996826172,459.36278533935547
62400.00000006363,78000,0.45298432646397735,-0.1972128450870514,-0.05667450651526451,0.14487187564373016,0.0,7.649263267239803e-08,10.888834953308105,0.012485019862651825,5.6576104164123535,1.6176912784576416,379.58404541015625,81.59590911865234,461.1799545288086
62640.00000006392,78300,0.4542175712523462,-0.19817236065864563,-0.05738482251763344,0.13900847733020782,0.0,9.596347894103019e-08,10.885833740234375,0.014813154935836792,5.666069030761719,1.6329193115234375,381.5903625488281,81.29559326171875,462.8859558105469
62880.00000006421,78600,0.4490815874138728,-0.19411781430244446,-0.05468808114528656,0.13940876722335815,0.0,8.573135090728101e-08,10.885552406311035,0.020905110985040665,5.611754417419434,1.5806642770767212,374.9144287109375,81.81039428710938,456.7248229980469
63120.0000000645,78900,0.44962863165196,-0.19461768865585327,-0.054726675152778625,0.14162686467170715,0.0,8.225440950582197e-08,10.88682746887207,0.03029884584248066,5.614210605621338,1.5836231708526611,373.0736389160156,81.54046630859375,454.6141052246094
63360.0000000648,79200,0.4469693304754651,-0.19270843267440796,-0.052689094096422195,0.1395936757326126,0.0,9.119511190647245e-08,10.889121055603027,0.03187970444560051,5.591611385345459,1.5317950248718262,378.801025390625,79.52751159667969,458.3285369873047
63600.00000006509,79500,0.4465113053563976,-0.19237063825130463,-0.052372414618730545,0.148282989859581,0.0,7.440646498935166e-08,10.89162540435791,0.029359212145209312,5.591941833496094,1.52078115940094,386.90106201171875,80.96813201904297,467.8691940307617
63840.00000006538,79800,0.44710057328435343,-0.19267092645168304,-0.053268127143383026,0.14444303512573242,0.0,7.55985567479911e-08,10.893927574157715,0.0294782817363739,5.591170310974121,1.545892596244812,397.6888427734375,83.163330078125,480.8521728515625
64080.00000006568,80100,0.4485672050110163,-0.19413459300994873,-0.05289844051003456,0.15017695724964142,0.0,8.742014756535355e-08,10.895209312438965,0.03466532751917839,5.611576557159424,1.52547025680542,401.01409912109375,83.78510284423828,484.79920196533203
64320.00000006597,80400,0.44705004152273625,-0.19268424808979034,-0.053049955517053604,0.14396893978118896,0.0,7.629394360719743e-08,10.885376930236816,0.040914975106716156,5.589478492736816,1.5328189134597778,398.2597351074219,84.05066680908203,482.3104019165039
64560.00000006626,80700,0.4471659042360221,-0.19267451763153076,-0.05347401648759842,0.1527029126882553,0.0,7.698933757183113e-08,10.86469554901123,0.05289451405405998,5.587943077087402,1.5479177236557007,395.5186767578125,83.41761016845703,478.93628692626953
64800.00000006656,81000,0.44885081930206655,-0.19424669444561005,-0.0534527562558651,0.1538766622543335,0.0,8.56692636830303e-08,10.842936515808105,0.06790295243263245,5.604396343231201,1.5476995706558228,400.5709533691406,83.6744155883789,484.24536895751953
65040.00000006685,81300,0.4510478395667461,-0.19602854549884796,-0.05442731827497482,0.14633873105049133,0.0,8.384387228943524e-08,10.822233200073242,0.08396438509225845,5.6205949783325195,1.5709774494171143,404.6632995605469,85.04524230957031,489.7085418701172
65280.00000006714,81600,0.45463501323086075,-0.1993817836046219,-0.054487600922584534,0.14399322867393494,0.0,7.947286206899662e-08,10.799477577209473,0.10125432908535004,5.680064678192139,1.5617245435714722,395.1513366699219,82.63431549072266,477.78565216064453
65520.00000006744,81900,0.45232121493584354,-0.1975826621055603,-0.05310361087322235,0.14302122592926025,0.0,7.828077031035718e-08,10.77609920501709,0.11727900058031082,5.671182632446289,1.5280370712280273,376.47900390625,85.40748596191406,461.88648986816406
65760.00000006772,82200,0.44950200779157307,-0.19513040781021118,-0.05243240296840668,0.14572778344154358,0.0,8.046627186786282e-08,10.756901741027832,0.12821274995803833,5.637076377868652,1.5211782455444336,356.8785400390625,84.77912902832031,441.6576690673828
66000.00000006803,82500,0.44608404661328266,-0.19176271557807922,-0.05314574018120766,0.14303064346313477,0.0,7.78834063908107e-08,10.741193771362305,0.13670454919338226,5.58471155166626,1.548409104347229,355.2373352050781,82.02301025390625,437.2603454589844
66240.00000006832,82800,0.4482675581399936,-0.1933998465538025,-0.054542750120162964,0.1384686827659607,0.0,7.60952616474242e-08,10.731621742248535,0.13965289294719696,5.604765892028809,1.5819146633148193,367.6409606933594,82.58525085449219,450.22621154785156
66480.00000006861,83100,0.44868144926906295,-0.1937427818775177,-0.05469443276524544,0.14183640480041504,0.0,8.265177342536845e-08,10.721108436584473,0.14180536568164825,5.60867977142334,1.584614634513855,383.787109375,78.5644302368164,462.3515396118164
66720.0000000689,83400,0.44996230962621087,-0.19505174458026886,-0.0542893223464489,0.14591364562511444,0.0,7.669131463217127e-08,10.708375930786133,0.1480983942747116,5.622949123382568,1.566347360610962,397.9542236328125,82.33264923095703,480.28687286376953
66960.0000000692,83700,0.4468221537309131,-0.1922997683286667,-0.053674355149269104,0.14258882403373718,0.0,7.172425853241293e-08,10.69607162475586,0.1582978516817093,5.580909729003906,1.5587364435195923,405.7582092285156,82.69972229003906,488.4579315185547
67200.00000006949,84000,0.44850644356511005,-0.19379733502864838,-0.05391795560717583,0.1427692472934723,0.0,7.783373234815372e-08,10.683372497558594,0.1686800867319107,5.604390621185303,1.5585845708847046,414.45562744140625,84.81851196289062,499.2741394042969
67440.00000006979,84300,0.44997871669241724,-0.19496938586235046,-0.05463910102844238,0.13836145401000977,0.0,7.629394360719743e-08,10.670960426330566,0.17742827534675598,5.623659610748291,1.5743860006332397,427.0418395996094,83.02672576904297,510.06856536865234
67680.00000007008,84600,0.449793881210025,-0.1945803016424179,-0.0554046705365181,0.14014114439487457,0.0,7.982055194588611e-08,10.660595893859863,0.18553219735622406,5.6098246574401855,1.5933276414871216,438.3582763671875,83.62108612060547,521.979362487793
67920.00000007037,84900,0.45106224516690235,-0.19582897424697876,-0.05518898740410805,0.14208200573921204,0.0,8.72214656055803e-08,10.6565523147583,0.1913568079471588,5.6220703125,1.583770990371704,441.3379211425781,86.22465515136719,527.5625762939453
68160.00000007066,85200,0.4511892208585655,-0.19588541984558105,-0.05541069060564041,0.14672011137008667,0.0,8.2577273019524e-08,10.654455184936523,0.19968955218791962,5.618785381317139,1.5901806354522705,438.19012451171875,83.4642105102539,521.6543350219727
68400.00000007096,85500,0.4498440565511881,-0.19464601576328278,-0.05533865466713905,0.1452050358057022,0.0,7.539987478821786e-08,10.649693489074707,0.2144109159708023,5.596595287322998,1.5939663648605347,434.50390625,82.27272033691406,516.7766265869141
68640.00000007125,85800,0.44971036328569197,-0.19432659447193146,-0.0560174435377121,0.14166130125522614,0.0,8.503596404807467e-08,10.641335487365723,0.2294590324163437,5.587407112121582,1.6173055171966553,427.98577880859375,84.1138687133789,512.0996475219727
68880.00000007154,86100,0.45276208871697776,-0.19703565537929535,-0.056562259793281555,0.14858387410640717,0.0,7.589657968765096e-08,10.633304595947266,0.24764695763587952,5.624250411987305,1.6283049583435059,418.2772521972656,82.27413177490234,500.55138397216797
69120.00000007184,86400,0.4542013644765952,-0.19849467277526855,-0.05620580539107323,0.1502094864845276,0.0,8.042901811222691e-08,10.62844467163086,0.26751384139060974,5.648477077484131,1.613256812095642,409.0332946777344,83.89617156982422,492.9294662475586
69360.00000007213,86700,0.45305992561496833,-0.19753853976726532,-0.05578123405575752,0.1418163925409317,0.0,7.768472443103747e-08,10.627187728881836,0.2829938530921936,5.6378045082092285,1.6031014919281006,406.9219055175781,78.99622344970703,485.91812896728516
69600.00000007242,87000,0.45558576229516995,-0.1996351033449173,-0.056800611317157745,0.14099374413490295,0.0,7.768472443103747e-08,10.62947940826416,0.29569903016090393,5.668669700622559,1.6233162879943848,404.2635192871094,81.57279968261719,485.83631896972656
69840.00000007272,87300,0.45371701575215134,-0.19818846881389618,-0.05567146837711334,0.1352800577878952,0.0,7.5101851848558e-08,10.633703231811523,0.29975107312202454,5.654855251312256,1.5996376276016235,399.1438293457031,80.07785034179688,479.2216796875
70080.000000073,87600,0.4527543597839271,-0.19711296260356903,-0.056266769766807556,0.13745830953121185,0.0,7.688999659194451e-08,10.635848999023438,0.30387213826179504,5.639505386352539,1.6218414306640625,401.96844482421875,78.72952270507812,480.6979675292969
70320.0000000733,87900,0.4522438340518117,-0.19680185616016388,-0.05567130818963051,0.1395919919013977,0.0,8.026758990808958e-08,10.63041877746582,0.31626102328300476,5.637930393218994,1.6094118356704712,405.6191101074219,77.9498291015625,483.5689392089844
70560.0000000736,88200,0.4512517527017588,-0.19605880975723267,-0.05500331148505211,0.15087047219276428,0.0,8.265177342536845e-08,10.620827674865723,0.3298291563987732,5.63545560836792,1.5884573459625244,415.96063232421875,79.92569732666016,495.8863296508789
70800.0000000739,88500,0.4534380245321132,-0.19771161675453186,-0.056426599621772766,0.14939911663532257,0.0,7.857879325001704e-08,10.616107940673828,0.34292909502983093,5.655860424041748,1.6163243055343628,421.8695068359375,80.94485473632812,502.8143615722656
71040.00000007419,88800,0.4535642660564552,-0.1975913941860199,-0.057258911430835724,0.14245115220546722,0.0,8.106231774718253e-08,10.614550590515137,0.36294662952423096,5.650657653808594,1.6385657787322998,417.8167724609375,82.07381439208984,499.89058685302734
71280.00000007448,89100,0.4533823941387923,-0.19715605676174164,-0.05816005542874336,0.14200089871883392,0.0,9.037554349333732e-08,10.615604400634766,0.38743555545806885,5.638693809509277,1.6706336736679077,407.0809326171875,79.54865264892578,486.6295852661133
71520.00000007477,89400,0.451058745464662,-0.195066899061203,-0.05781376734375954,0.13720443844795227,0.0,7.708867855171775e-08,10.61604118347168,0.40722405910491943,5.607844829559326,1.6656862497329712,397.6562194824219,77.24002838134766,474.89624786376953
71760.00000007506,89700,0.45372815831892926,-0.19755759835243225,-0.05790630355477333,0.140114426612854,0.0,7.922450606656639e-08,10.613947868347168,0.4254109859466553,5.645721435546875,1.660478949546814,392.7297668457031,78.16646575927734,470.89623260498047
72000.00000007536,90000,0.4545011973206336,-0.19836807250976562,-0.05763528123497963,0.14545005559921265,0.0,7.669131463217127e-08,10.617057800292969,0.43712714314460754,5.665048599243164,1.64595627784729,379.976318359375,78.00982666015625,457.98614501953125
72240.00000007566,90300,0.4547536453254654,-0.19865141808986664,-0.05748232081532478,0.1512635201215744,0.0,7.808208835058394e-08,10.619510650634766,0.44503355026245117,5.673989295959473,1.6424089670181274,364.6387939453125,76.00727081298828,440.6460647583008
72480.00000007595,90600,0.4498160369125435,-0.1941080093383789,-0.057107944041490555,0.13958537578582764,0.0,8.026758990808958e-08,10.616042137145996,0.4551151990890503,5.6086320877075195,1.6509438753128052,360.392822265625,76.18156433105469,436.5743865966797
72720.00000007624,90900,0.4471383251064596,-0.19128794968128204,-0.05815494433045387,0.13731876015663147,0.0,7.46051469491249e-08,10.620153427124023,0.45740821957588196,5.560165882110596,1.6901110410690308,364.9513854980469,75.87969207763672,440.8310775756836
72960.00000007653,91200,0.443872357367626,-0.18815714120864868,-0.05843648314476013,0.136259526014328,0.0,8.51137684776404e-08,10.628376007080078,0.45425280928611755,5.507932186126709,1.710782766342163,371.95086669921875,75.02146911621094,446.9723358154297
73200.00000007682,91500,0.4391694256378785,-0.18417800962924957,-0.05724696069955826,0.13582852482795715,0.0,7.192294049218617e-08,10.63357925415039,0.4537988603115082,5.45094108581543,1.69490647315979,371.216796875,75.54490661621094,446.76170349121094
73440.00000007711,91800,0.4398382341680903,-0.18477855622768402,-0.05729534104466438,0.13385143876075745,0.0,7.847945227013042e-08,10.631962776184082,0.45731180906295776,5.459965705871582,1.6938297748565674,374.8969421386719,76.90882873535156,451.80577087402344
73680.00000007742,92100,0.43988437957188575,-0.18488359451293945,-0.05709322169423103,0.13573551177978516,0.0,8.026758990808958e-08,10.627646446228027,0.462005615234375,5.463440418243408,1.6875667572021484,387.98211669921875,74.75289154052734,462.7350082397461
73920.0000000777,92400,0.4393903094996781,-0.18456202745437622,-0.05666132643818855,0.13718686997890472,0.0,8.046627186786282e-08,10.625824928283691,0.46524322032928467,5.45191764831543,1.6738255023956299,403.97076416015625,75.28713989257812,479.2579040527344
74160.000000078,92700,0.4401671362612705,-0.1852351278066635,-0.05679691210389137,0.14160147309303284,0.0,7.4567893193489e-08,10.628117561340332,0.46740320324897766,5.456898212432861,1.6731209754943848,420.7586975097656,79.09427642822266,499.8529739379883
74400.00000007829,93000,0.4403267351864739,-0.1854790449142456,-0.05647953972220421,0.13833259046077728,0.0,7.897615716956352e-08,10.634181022644043,0.4697277843952179,5.464833736419678,1.661909580230713,440.95953369140625,82.53067779541016,523.4902114868164
74640.00000007858,93300,0.44400281616064863,-0.1888764351606369,-0.05647371709346771,0.1435864418745041,0.0,7.006029534295521e-08,10.640981674194336,0.46749335527420044,5.523374080657959,1.6457058191299438,452.9014587402344,82.80462646484375,535.7060852050781
74880.00000007887,93600,0.44560523142833725,-0.19045968353748322,-0.056149620562791824,0.13651840388774872,0.0,8.92082852033127e-08,10.646750450134277,0.46406739950180054,5.550746917724609,1.624921202659607,458.3441467285156,83.90645599365234,542.250602722168
75120.00000007918,93900,0.44882821574094645,-0.1932051181793213,-0.05703141540288925,0.14570766687393188,0.0,8.175770460638887e-08,10.651562690734863,0.46645641326904297,5.585630893707275,1.6330835819244385,463.1846008300781,83.56672668457031,546.7513275146484
75360.00000007947,94200,0.4495878293630791,-0.19396236538887024,-0.05687548592686653,0.15035423636436462,0.0,7.415811609234879e-08,10.649223327636719,0.4778119623661041,5.591228008270264,1.6217641830444336,461.7623596191406,81.93486785888672,543.6972274780273
75600.00000007976,94500,0.4472525165129317,-0.1920246034860611,-0.056039970368146896,0.14282795786857605,0.0,7.232030441173265e-08,10.639425277709961,0.49254992604255676,5.558670997619629,1.6074126958847046,451.7430725097656,80.80231475830078,532.5453872680664
75840.00000008005,94800,0.4481629478151694,-0.19326050579547882,-0.054691046476364136,0.13774387538433075,0.0,7.331371421059885e-08,10.628057479858398,0.4997124671936035,5.581416606903076,1.577710509300232,448.6292724609375,80.5922622680664,529.2215347290039
76080.00000008034,95100,0.4516806069103571,-0.1965138167142868,-0.05481415241956711,0.14054374396800995,0.0,7.073084873354674e-08,10.618698120117188,0.5066410899162292,5.6334075927734375,1.5733813047409058,452.235107421875,81.7554931640625,533.9906005859375
76320.00000008063,95400,0.4517365059889545,-0.196456179022789,-0.055207330733537674,0.13899843394756317,0.0,7.939835455772482e-08,10.61214542388916,0.5170618295669556,5.636702537536621,1.5852023363113403,457.5969543457031,83.0253677368164,540.6223220825195
76560.00000008092,95700,0.4541997800964706,-0.1981743574142456,-0.05731978639960289,0.14276672899723053,0.0,8.483728208830144e-08,10.606863021850586,0.5307367444038391,5.655411243438721,1.634475827217102,459.69598388671875,82.78871154785156,542.4846954345703
76800.00000008123,96000,0.4603197536055348,-0.2034178376197815,-0.05933268368244171,0.14193563163280487,0.0,7.846703198310934e-08,10.601591110229492,0.5399350523948669,5.72429084777832,1.6672083139419556,457.4275817871094,82.36852264404297,539.7961044311523
77040.00000007896,96300,0.4592595233318764,-0.20233596861362457,-0.05955762788653374,0.1484566181898117,0.0,7.261832735139251e-08,10.598037719726562,0.549106240272522,5.710774898529053,1.6797025203704834,454.36151123046875,81.176513671875,535.5380249023438
77280.00000007669,96600,0.4589833001224418,-0.20202693343162537,-0.059708815068006516,0.14381957054138184,0.0,7.430712400946504e-08,10.596301078796387,0.5587247610092163,5.706399440765381,1.6939078569412231,451.6002502441406,81.34099578857422,532.9412460327148
77520.00000007443,96900,0.46044422274902735,-0.20334461331367493,-0.05998945236206055,0.14130668342113495,0.0,7.390976008991856e-08,10.59226131439209,0.5676223039627075,5.72899055480957,1.695253849029541,452.5149841308594,82.46481323242188,534.9797973632812
77760.00000007216,97200,0.46286544853663025,-0.2063228338956833,-0.057719677686691284,0.1501355916261673,0.0,7.490316988878476e-08,10.587302207946777,0.5738939642906189,5.779687881469727,1.6235358715057373,445.4790954589844,80.35858154296875,525.8376770019531
78000.00000006991,97500,0.4674182801712701,-0.2110760509967804,-0.0563945472240448,0.14254795014858246,0.0,8.861223932399298e-08,10.579035758972168,0.5766958594322205,5.85070276260376,1.5666139125823975,445.546630859375,81.84344482421875,527.3900756835938
78240.00000006764,97800,0.46978426242212806,-0.21354232728481293,-0.05574003979563713,0.146162748336792,0.0,7.05321667737735e-08,10.568050384521484,0.578612744808197,5.89239501953125,1.5446029901504517,443.68829345703125,82.03319549560547,525.7214889526367
78480.00000006537,98100,0.46968860812374663,-0.2136983573436737,-0.054778024554252625,0.14616799354553223,0.0,7.549921576810448e-08,10.549884796142578,0.5827023983001709,5.898987770080566,1.5213515758514404,437.8078918457031,83.34288024902344,521.1507720947266
78720.00000006311,98400,0.46851280092830294,-0.21214915812015533,-0.05634579062461853,0.1469302475452423,0.0,8.41418952290951e-08,10.528332710266113,0.6007478833198547,5.876165866851807,1.5626901388168335,430.4724426269531,79.02159881591797,509.4940414428711
78960.00000006084,98700,0.4643584132300601,-0.20820601284503937,-0.056089285761117935,0.14743712544441223,0.0,7.902582410679315e-08,10.502151489257812,0.6296313405036926,5.820716381072998,1.5646721124649048,427.1029052734375,80.1251449584961,507.2280502319336
79200.00000005857,99000,0.45689014885065576,-0.20121611654758453,-0.05557027831673622,0.14628493785858154,0.0,7.728736051149099e-08,10.46925163269043,0.6662289500236511,5.716156959533691,1.5716408491134644,422.2946472167969,77.31365203857422,499.6082992553711
79440.00000005632,99300,0.45288251622882614,-0.19726790487766266,-0.056146588176488876,0.14521707594394684,0.0,7.669131463217127e-08,10.439859390258789,0.6942879557609558,5.6540703773498535,1.6069622039794922,420.3799133300781,78.08621978759766,498.4661331176758
79680.00000005405,99600,0.4506096307560827,-0.19525855779647827,-0.05570464953780174,0.14349399507045746,0.0,7.619460262731081e-08,10.421391487121582,0.717070996761322,5.62298059463501,1.6055704355239868,411.14385986328125,76.68557739257812,487.8294372558594
79920.00000005179,99900,0.44852170084250476,-0.1930886059999466,-0.0564521886408329,0.14172199368476868,0.0,7.828077031035718e-08,10.415080070495605,0.7324479222297668,5.589794635772705,1.6359903812408447,406.5281982421875,78.67848205566406,485.20668029785156
80160.00000004952,100200,0.44722284373207605,-0.19149014353752136,-0.05774801969528198,0.14525268971920013,0.0,7.669131463217127e-08,10.417590141296387,0.7438815832138062,5.55833625793457,1.679046630859375,399.236328125,78.80783081054688,478.0441589355469
80400.00000004725,100500,0.4476869557561637,-0.19176334142684937,-0.058279022574424744,0.14768266677856445,0.0,7.708867855171775e-08,10.423551559448242,0.7513487935066223,5.560524940490723,1.6894510984420776,385.5028381347656,78.07734680175781,463.58018493652344
80640.000000045,100800,0.44827521995725034,-0.1921824812889099,-0.05871172621846199,0.14622393250465393,0.0,8.046627186786282e-08,10.435952186584473,0.7591719031333923,5.570958614349365,1.7011399269104004,371.4189147949219,76.4367904663086,447.85570526123047
80880.00000004272,101100,0.4464807456798233,-0.1908106505870819,-0.05770396068692207,0.14147309958934784,0.0,8.190671962893248e-08,10.453962326049805,0.7691238522529602,5.553708553314209,1.6768676042556763,364.92376708984375,76.40839385986328,441.33216094970703
81120.00000004045,101400,0.4465500981050465,-0.19076469540596008,-0.058068741112947464,0.1421872079372406,0.0,7.897615716956352e-08,10.468830108642578,0.7856624722480774,5.548523902893066,1.6845852136611938,361.71337890625,77.38298034667969,439.0963592529297
81360.0000000382,101700,0.4467762375126278,-0.19088779389858246,-0.058357566595077515,0.14051282405853271,0.0,8.225440950582197e-08,10.476242065429688,0.8150535225868225,5.552464485168457,1.6932711601257324,357.4333190917969,78.42791748046875,435.8612365722656
81600.00000003593,102000,0.44548706863111387,-0.19005577266216278,-0.05713729187846184,0.13746877014636993,0.0,8.443991816875496e-08,10.475364685058594,0.8405916690826416,5.543467998504639,1.6658129692077637,354.75103759765625,75.54132080078125,430.2923583984375
81840.00000003367,102300,0.44043878994720626,-0.18599532544612885,-0.055103849619627,0.1411290019750595,0.0,7.241964539161927e-08,10.473750114440918,0.8560708165168762,5.487547397613525,1.627558708190918,350.86395263671875,75.45250701904297,426.3164596557617
82080.0000000314,102600,0.4371208014896044,-0.18317094445228577,-0.05438663437962532,0.1478174775838852,0.0,7.768472443103747e-08,10.469706535339355,0.8715533018112183,5.446730613708496,1.6187102794647217,346.8626708984375,74.31219482421875,421.17486572265625
82320.00000002913,102900,0.43848640360271857,-0.18416541814804077,-0.05523565039038658,0.13912975788116455,0.0,8.185704558627549e-08,10.464284896850586,0.892221987247467,5.460590839385986,1.6370097398757935,346.43194580078125,78.78204345703125,425.2139892578125
82560.00000002688,103200,0.44042598459971805,-0.1859036237001419,-0.0553729347884655,0.1405744105577469,0.0,8.632739678660073e-08,10.46364974975586,0.9106988310813904,5.485506534576416,1.634164810180664,342.154541015625,78.65946197509766,420.81400299072266
82800.00000002461,103500,0.4363757942219349,-0.1825123131275177,-0.05431843176484108,0.1404571533203125,0.0,7.867813422990366e-08,10.4674072265625,0.9247595071792603,5.436527729034424,1.616673231124878,331.00335693359375,73.59100341796875,404.5943603515625
83040.00000002234,103800,0.434761572112066,-0.18095022439956665,-0.05463221296668053,0.13486282527446747,0.0,8.642673776648735e-08,10.47616195678711,0.9367529153823853,5.410767555236816,1.6331450939178467,325.7333679199219,74.57083129882812,400.30419921875
83280.00000002008,104100,0.4342692198578088,-0.17990365624427795,-0.05657535046339035,0.13610875606536865,0.0,8.285045538514169e-08,10.487760543823242,0.9490830898284912,5.383818626403809,1.6906505823135376,322.96258544921875,75.70244598388672,398.66503143310547
83520.00000001781,104400,0.43424661014378235,-0.1796499639749527,-0.05731125548481941,0.14224527776241302,0.0,8.483728208830144e-08,10.503484725952148,0.9587692022323608,5.377348899841309,1.717541217803955,325.1719970703125,74.94572448730469,400.1177215576172
83760.00000001556,104700,0.43763455265372536,-0.18262314796447754,-0.05770813673734665,0.14587058126926422,0.0,7.962186998611287e-08,10.521490097045898,0.9635170698165894,5.421365261077881,1.71269953250885,329.89697265625,74.87940979003906,404.77638244628906
84000.00000001329,105000,0.4380344435040094,-0.18304602801799774,-0.05753129720687866,0.14138616621494293,0.0,7.351239617037209e-08,10.53863525390625,0.9652085900306702,5.424874782562256,1.7078630924224854,332.9503173828125,75.89046478271484,408.84078216552734
84240.00000001102,105300,0.4388731537275078,-0.18378975987434387,-0.05761770159006119,0.14002764225006104,0.0,7.589657968765096e-08,10.553083419799805,0.9663870930671692,5.43290376663208,1.70473051071167,332.29364013671875,73.34725189208984,405.6408920288086
84480.00000000876,105600,0.43502219537761094,-0.18054740130901337,-0.05671018362045288,0.1392614096403122,0.0,8.543332796762115e-08,10.565452575683594,0.9691492915153503,5.38847541809082,1.6938472986221313,332.0879211425781,72.09391021728516,404.1818313598633
84720.00000000649,105900,0.4359710267353681,-0.18126235902309418,-0.05719127506017685,0.15044020116329193,0.0,8.439024412609797e-08,10.573376655578613,0.9720097184181213,5.398318290710449,1.7039272785186768,331.31060791015625,74.50175476074219,405.81236267089844
84960.00000000422,106200,0.4387673930318226,-0.1830560266971588,-0.059608884155750275,0.14650914072990417,0.0,7.251898637150589e-08,10.576578140258789,0.9762596487998962,5.412511348724365,1.7626904249191284,330.80255126953125,76.65245819091797,407.4550094604492
85200.00000000196,106500,0.4382455646913835,-0.1827881634235382,-0.05895094573497772,0.14319871366024017,0.0,7.395943413257555e-08,10.583430290222168,0.9805625081062317,5.407169818878174,1.7506059408187866,324.9974670410156,76.29092407226562,401.28839111328125
85439.9999999997,106800,0.4396816677827471,-0.18390528857707977,-0.059594087302684784,0.13928799331188202,0.0,7.808208835058394e-08,10.595637321472168,0.982807457447052,5.427989482879639,1.7611465454101562,317.6037902832031,78.50177764892578,396.1055679321289
85679.99999999744,107100,0.44183466644237507,-0.1856800764799118,-0.06027376651763916,0.1460389643907547,0.0,8.111199178983952e-08,10.612421989440918,0.9824443459510803,5.455294132232666,1.7732571363449097,308.0270080566406,77.62442779541016,385.6514358520508
85919.99999999517,107400,0.4401069027691051,-0.18381686508655548,-0.06106356531381607,0.1389322727918625,0.0,9.139379386624569e-08,10.630148887634277,0.9804632067680359,5.421658992767334,1.8026527166366577,291.7413635253906,75.39443969726562,367.13580322265625
86159.9999999929,107700,0.4386088031799088,-0.1824018657207489,-0.06114517152309418,0.1387217491865158,0.0,8.121133276972614e-08,10.648241996765137,0.9778300523757935,5.399683952331543,1.813750147819519,282.6371765136719,73.64940643310547,356.28658294677734
86399.99999999064,108000,0.43701555048022994,-0.18087489902973175,-0.06130759418010712,0.13725465536117554,0.0,8.41418952290951e-08,10.663474082946777,0.9737678170204163,5.3750762939453125,1.8220316171646118,275.7947692871094,74.78462982177734,350.5793991088867
86639.99999998837,108300,0.4390544272838528,-0.1826680302619934,-0.06158081814646721,0.14382627606391907,0.0,7.98702259885431e-08,10.675477981567383,0.9692928791046143,5.407721042633057,1.820006251335144,271.4498596191406,71.76713562011719,343.2169952392578
86879.9999999861,108600,0.4371511361433699,-0.18090587854385376,-0.061584897339344025,0.14179736375808716,0.0,8.165836362650225e-08,10.685132026672363,0.9629348516464233,5.379157543182373,1.8291369676589966,267.62908935546875,72.89289855957031,340.52198791503906
87119.99999998385,108900,0.4390575780596893,-0.18254715204238892,-0.06194683536887169,0.14041368663311005,0.0,8.106231774718253e-08,10.698932647705078,0.9524381756782532,5.402015209197998,1.8329135179519653,262.66119384765625,74.2985610961914,336.95975494384766
87359.99999998158,109200,0.43576928293817724,-0.17978084087371826,-0.061146628111600876,0.13791042566299438,0.0,7.917483912933676e-08,10.713776588439941,0.9383718371391296,5.363945007324219,1.8243954181671143,257.5813293457031,73.61811828613281,331.19944763183594
87599.99999997932,109500,0.43239927885225615,-0.1767852008342743,-0.060864198952913284,0.13711649179458618,0.0,8.622805580671411e-08,10.72921371459961,0.9248767495155334,5.318606853485107,1.829777479171753,252.7241668701172,74.1722640991211,326.8964309692383
87839.99999997705,109800,0.4331890615939397,-0.17721796035766602,-0.06170376017689705,0.13987113535404205,0.0,8.180737864904586e-08,10.742387771606445,0.910753071308136,5.32212495803833,1.8549270629882812,246.6508331298828,73.1054916381836,319.7563247680664
88079.99999997478,110100,0.43546521744975,-0.1790228933095932,-0.06253258138895035,0.14419244229793549,0.0,7.341305519048547e-08,10.75301742553711,0.8983476161956787,5.34440803527832,1.869493007659912,243.0449676513672,73.28113555908203,316.3261032104492
88319.99999997253,110400,0.4353596846308721,-0.17837125062942505,-0.06409657746553421,0.1391490399837494,0.0,8.106231774718253e-08,10.761347770690918,0.8918447494506836,5.3237433433532715,1.9130439758300781,243.7308349609375,72.71246337890625,316.44329833984375
88559.99999997026,110700,0.43690312538480913,-0.17943698167800903,-0.06510914862155914,0.13706430792808533,0.0,7.629394360719743e-08,10.768564224243164,0.882351815700531,5.333803653717041,1.9363757371902466,248.5567169189453,71.8111572265625,320.3678741455078
88799.99999996799,111000,0.4376017634008911,-0.18010440468788147,-0.06506039202213287,0.14113636314868927,0.0,8.591761258003316e-08,10.775168418884277,0.8720262050628662,5.344736099243164,1.9280211925506592,260.75946044921875,71.57318878173828,332.33264923095703
89039.99999996573,111300,0.4380942030469911,-0.18054106831550598,-0.06512077897787094,0.1416417360305786,0.0,7.589657968765096e-08,10.779877662658691,0.8684548735618591,5.353405475616455,1.925938367843628,276.76837158203125,72.4417953491211,349.21016693115234
89279.99999996346,111600,0.43671876724126674,-0.1793663054704666,-0.06483130902051926,0.14040157198905945,0.0,7.748604247126423e-08,10.790461540222168,0.8626357913017273,5.331428050994873,1.9269332885742188,293.9464416503906,74.46858215332031,368.41502380371094
89519.9999999612,111900,0.4364072715135476,-0.17927847802639008,-0.06427229195833206,0.14190663397312164,0.0,8.702278364580707e-08,10.809218406677246,0.8505070209503174,5.332795143127441,1.9112251996994019,311.0282287597656,77.51528930664062,388.54351806640625
89759.99999995893,112200,0.43914153963530145,-0.18187975883483887,-0.06410194933414459,0.14720752835273743,0.0,8.165836362650225e-08,10.83096981048584,0.8348933458328247,5.372138500213623,1.89398193359375,328.41876220703125,78.94374084472656,407.3625030517578
89999.99999995666,112500,0.4415734007259516,-0.1842723786830902,-0.06374674290418625,0.14776960015296936,0.0,8.553266894750777e-08,10.84991455078125,0.817724883556366,5.417064189910889,1.8731060028076172,335.2865905761719,79.85488891601562,415.1414794921875
90239.99999995441,112800,0.44034932950403793,-0.18326345086097717,-0.06336117535829544,0.14392109215259552,0.0,8.03669308879762e-08,10.86810302734375,0.8018736243247986,5.405458450317383,1.8633360862731934,331.4145202636719,79.04580688476562,410.4603271484375
90479.99999995214,113100,0.4389996492918938,-0.18226489424705505,-0.06261608004570007,0.1452198475599289,0.0,8.126099970695577e-08,10.888296127319336,0.7858048677444458,5.3931779861450195,1.8500207662582397,326.6579284667969,79.99282836914062,406.6507568359375
90719.99999994987,113400,0.43690927112682526,-0.1804637908935547,-0.062223002314567566,0.1459890455007553,0.0,7.828077031035718e-08,10.908100128173828,0.7688530087471008,5.367670059204102,1.8492178916931152,322.32196044921875,79.35708618164062,401.6790466308594
90959.99999994761,113700,0.4361704245985117,-0.1794821172952652,-0.06308083981275558,0.14478763937950134,0.0,8.523464600784791e-08,10.926087379455566,0.7516602873802185,5.348711967468262,1.87997305393219,313.9239807128906,79.10946655273438,393.033447265625
91199.99999994534,114000,0.43214098431972275,-0.17608073353767395,-0.062205951660871506,0.14404650032520294,0.0,8.82148754044465e-08,10.942057609558105,0.7339425683021545,5.292631149291992,1.8711084127426147,305.93975830078125,79.54481506347656,385.4845733642578
91439.99999994309,114300,0.42945754326738367,-0.1737658977508545,-0.06181611865758896,0.14038977026939392,0.0,8.030484366372548e-08,10.956857681274414,0.7157830595970154,5.256227970123291,1.8722018003463745,299.7632141113281,76.19892883300781,375.96214294433594
91679.99999994082,114600,0.4265494819946076,-0.17132128775119781,-0.061260126531124115,0.14209535717964172,0.0,7.371107813014532e-08,10.970831871032715,0.6979658603668213,5.218588352203369,1.8645778894424438,291.59417724609375,76.3057861328125,367.89996337890625
91919.99999993855,114900,0.42565140653951106,-0.17013712227344513,-0.06228348985314369,0.14155182242393494,0.0,8.195638656616211e-08,10.984248161315918,0.680825412273407,5.1913065910339355,1.900205135345459,287.8353271484375,76.2691650390625,364.1044921875
92159.99999993629,115200,0.42599012457691426,-0.17038263380527496,-0.06245192512869835,0.14840440452098846,0.0,7.741153495999242e-08,10.99681282043457,0.6655062437057495,5.197904109954834,1.902538537979126,294.962158203125,76.56898498535156,371.53114318847656
92399.99999993402,115500,0.43247090621263345,-0.17556987702846527,-0.06446584314107895,0.1486537605524063,0.0,7.112821265309321e-08,11.01019287109375,0.6503120064735413,5.272881984710693,1.932847499847412,297.5074462890625,77.46986389160156,374.97731018066406
92639.99999993175,115800,0.434991879693558,-0.17768371105194092,-0.06505325436592102,0.1456270068883896,0.0,9.318193150420484e-08,11.024595260620117,0.6366572976112366,5.29954719543457,1.938604712486267,299.42547607421875,78.31041717529297,377.7358932495117
92879.9999999295,116100,0.4384652144634547,-0.18058188259601593,-0.06596148014068604,0.1504916399717331,0.0,7.733702744872062e-08,11.036757469177246,0.622336745262146,5.340844631195068,1.9541282653808594,305.45196533203125,80.40036010742188,385.8523254394531
93119.99999992723,116400,0.442371573882313,-0.1841844767332077,-0.06611865013837814,0.14800146222114563,0.0,7.423261649819324e-08,11.044757843017578,0.613484263420105,5.397522449493408,1.9401620626449585,312.19390869140625,78.38299560546875,390.576904296875
93359.99999992497,116700,0.44534980172699756,-0.18674513697624207,-0.06681017577648163,0.14155176281929016,0.0,7.490316988878476e-08,11.049386978149414,0.6077274084091187,5.435523509979248,1.9448007345199585,313.6788330078125,78.90655517578125,392.58538818359375
93599.9999999227,117000,0.44743198837324905,-0.18838120996952057,-0.06775479018688202,0.1411040872335434,0.0,7.88768161896769e-08,11.048711776733398,0.6067090630531311,5.460909366607666,1.9626222848892212,310.9755859375,81.04431915283203,392.01990509033203
93839.99999992043,117300,0.44603927439727364,-0.18716514110565186,-0.06745905429124832,0.1443248838186264,0.0,8.563200992739439e-08,11.048428535461426,0.6057771444320679,5.447592258453369,1.9623446464538574,312.68621826171875,81.2688217163086,393.95503997802734
94079.99999991817,117600,0.4431973836706179,-0.18480969965457916,-0.06654120236635208,0.15343870222568512,0.0,7.815659586185575e-08,11.043582916259766,0.6108208298683167,5.414195537567139,1.94939386844635,314.3580322265625,79.59465789794922,393.9526901245117
94319.9999999159,117900,0.4416667216303985,-0.18370682001113892,-0.06560420244932175,0.15322616696357727,0.0,8.066495382763605e-08,11.034477233886719,0.6185591220855713,5.400744915008545,1.930774211883545,318.0159606933594,79.74018096923828,397.75614166259766
94559.99999991363,118200,0.4455821336726341,-0.18672649562358856,-0.06747379153966904,0.148643359541893,0.0,7.967154402876986e-08,11.026187896728516,0.6253234148025513,5.443145751953125,1.9670461416244507,318.867431640625,82.23661804199219,401.1040496826172
94799.99999991138,118500,0.44904677108484153,-0.1897217184305191,-0.06830497831106186,0.14319899678230286,0.0,8.389353922666487e-08,11.02273941040039,0.6284698247909546,5.489572525024414,1.9758949279785156,327.04840087890625,83.59544372558594,410.6438446044922
95039.99999990911,118800,0.44768771902558085,-0.18890728056430817,-0.06696220487356186,0.15083825588226318,0.0,8.126099970695577e-08,11.023388862609863,0.6311684250831604,5.486083984375,1.9429419040679932,333.2117614746094,83.61152648925781,416.8232879638672
95279.99999990685,119100,0.4498115791148891,-0.19120365381240845,-0.06617232412099838,0.15361133217811584,0.0,7.88768161896769e-08,11.020816802978516,0.6371236443519592,5.522847652435303,1.9105573892593384,334.7159423828125,83.8393783569336,418.5553207397461
95519.99999990458,119400,0.4524137439607844,-0.19316697120666504,-0.06767337024211884,0.15000149607658386,0.0,8.010616170395224e-08,11.01437759399414,0.643735945224762,5.547412395477295,1.9380587339401245,348.68194580078125,81.34169006347656,430.0236358642578
95759.99999990231,119700,0.45239144473654547,-0.193374902009964,-0.06701531261205673,0.1452532261610031,0.0,8.503596404807467e-08,11.01071834564209,0.6557891964912415,5.548616886138916,1.92573881149292,354.7735900878906,83.609619140625,438.3832092285156
95999.99999990006,120000,0.4512406010400924,-0.19264823198318481,-0.06593164056539536,0.1439054310321808,0.0,8.46386001285282e-08,11.009653091430664,0.6689723134040833,5.539946556091309,1.9010382890701294,356.20526123046875,80.33212280273438,436.5373840332031
96239.99999989779,120300,0.45181681519494704,-0.19305624067783356,-0.06634597480297089,0.1489250659942627,0.0,8.026758990808958e-08,11.013029098510742,0.6741197109222412,5.536868572235107,1.9060845375061035,365.335693359375,83.1019058227539,448.4375991821289
96479.99999989552,120600,0.4547302221390676,-0.19536930322647095,-0.06773941218852997,0.15121012926101685,0.0,9.350478791247951e-08,11.016366958618164,0.6716243624687195,5.575831890106201,1.9353243112564087,370.9585266113281,86.10003662109375,457.0585632324219
96719.99999989326,120900,0.4554659694560848,-0.19638381898403168,-0.06684748828411102,0.15360726416110992,0.0,7.758538345115085e-08,11.026695251464844,0.6599500775337219,5.599460124969482,1.9045172929763794,379.65771484375,87.41732788085938,467.0750427246094
96959.99999989099,121200,0.4576950589004775,-0.19852855801582336,-0.0668601468205452,0.1477387249469757,0.0,7.738670149137761e-08,11.039851188659668,0.6489962339401245,5.631141185760498,1.8994710445404053,386.8324890136719,90.10275268554688,476.93524169921875
97199.99999988874,121500,0.45757265229264554,-0.19870403409004211,-0.06598217785358429,0.14790160953998566,0.0,7.450580596923828e-08,11.054871559143066,0.6411973237991333,5.635727405548096,1.8728444576263428,391.4264221191406,85.8081283569336,477.2345504760742
97439.99999988647,121800,0.45896570744498016,-0.20009535551071167,-0.06584124267101288,0.15289287269115448,0.0,8.662541972626059e-08,11.073217391967773,0.6363497376441956,5.658715724945068,1.8598586320877075,402.0498962402344,85.51592254638672,487.5658187866211
97679.9999998842,122100,0.4597963117042905,-0.20081046223640442,-0.06610950082540512,0.1560918390750885,0.0,7.940921875615459e-08,11.092794418334961,0.6326092481613159,5.668867588043213,1.8594635725021362,403.4106750488281,88.85232543945312,492.26300048828125
97919.99999988194,122400,0.4598301095465818,-0.20068781077861786,-0.0665796771645546,0.14768145978450775,0.0,8.026758990808958e-08,11.10014533996582,0.628489077091217,5.666860103607178,1.8768404722213745,396.93255615234375,88.7386474609375,485.67120361328125
98159.99999987967,122700,0.4563356955434553,-0.19790154695510864,-0.0648060142993927,0.15573695302009583,0.0,7.828077031035718e-08,11.102880477905273,0.6194037199020386,5.633095741271973,1.8437285423278809,396.5899353027344,87.41287231445312,484.0028076171875
98399.9999998774,123000,0.4586967667920917,-0.20001786947250366,-0.06528520584106445,0.15906508266925812,0.0,8.553266894750777e-08,11.114163398742676,0.6061877012252808,5.662371635437012,1.8504116535186768,405.14398193359375,91.59686279296875,496.7408447265625
98639.99999987514,123300,0.46111784390766314,-0.20210452377796173,-0.06606917828321457,0.15329478681087494,0.0,8.006890794831634e-08,11.125494956970215,0.5921843647956848,5.688973426818848,1.865987777709961,410.36767578125,92.53800201416016,502.90567779541016
98879.99999987287,123600,0.45869100996281376,-0.20034034550189972,-0.06427153199911118,0.15247029066085815,0.0,7.589657968765096e-08,11.130291938781738,0.5814245343208313,5.66715669631958,1.8287639617919922,411.2969055175781,90.18588256835938,501.4827880859375
99119.99999987062,123900,0.4613591469484286,-0.20263759791851044,-0.06514667719602585,0.1471567004919052,0.0,7.748604247126423e-08,11.13657283782959,0.5729414820671082,5.701430320739746,1.8320651054382324,407.7720947265625,88.48736572265625,496.25946044921875
99359.99999986835,124200,0.4629250048121439,-0.20416824519634247,-0.06511243432760239,0.14366760849952698,0.0,8.016824892820296e-08,11.136611938476562,0.5661773681640625,5.727132320404053,1.822235107421875,394.9864501953125,87.77603149414062,482.7624816894531
99599.99999986608,124500,0.4560718764604763,-0.19813396036624908,-0.06330545991659164,0.14695265889167786,0.0,8.026758990808958e-08,11.12893295288086,0.5684365034103394,5.644575119018555,1.799659252166748,370.29290771484375,85.12548828125,455.41839599609375
99839.99999986382,124800,0.45594637249094466,-0.19849002361297607,-0.061796072870492935,0.14995920658111572,0.0,7.847945227013042e-08,11.122519493103027,0.5740008354187012,5.655034065246582,1.7594757080078125,356.36651611328125,87.99766540527344,444.3641815185547
99999.99999986231,125000,0.4592944037975356,-0.20122475922107697,-0.0633172020316124,0.14836199581623077,0.0,8.742014756535355e-08,11.120043754577637,0.5767989158630371,5.688487529754639,1.784700870513916,356.0355224609375,85.36602020263672,441.4015426635742
