E MACVEAN 051/14 12.5m run, TVD and backscatter on, c_s=0.23
        6481
  4.7727098E+00   9.5836325E+00   1.4548046E+01   1.9512461E+01   2.4476873E+01   2.9886705E+01   3.4871803E+01   3.9742699E+01   4.4851471E+01   4.9978386E+01
  5.4906273E+01   5.9703579E+01   6.4704048E+01   6.9953148E+01   7.4852303E+01   7.9751450E+01   8.4923294E+01   8.9996544E+01   9.4752716E+01   9.9825974E+01
  1.0489922E+02   1.0985248E+02   1.1495471E+02   1.1977348E+02   1.2495085E+02   1.2998802E+02   1.3480881E+02   1.3999614E+02   1.4489125E+02   1.4984665E+02
  1.5493431E+02   1.5993896E+02   1.6497461E+02   1.6988676E+02   1.7497318E+02   1.7999123E+02   1.8497121E+02   1.8977928E+02   1.9485448E+02   1.9992966E+02
  2.0473773E+02   2.0981293E+02   2.1488811E+02   2.1996330E+02   2.2477138E+02   2.2977878E+02   2.3493541E+02   2.3977187E+02   2.4491124E+02   2.4991093E+02
  2.5477100E+02   2.5987405E+02   2.6497708E+02   2.6999738E+02   2.7488043E+02   2.7972467E+02   2.8489273E+02   2.8988232E+02   2.9483023E+02   2.9997211E+02
  3.0488388E+02   3.0988965E+02   3.1494699E+02   3.1997430E+02   3.2484378E+02   3.2996954E+02   3.3476987E+02   3.3974170E+02   3.4497519E+02   3.4989575E+02
  3.5497241E+02   3.5992081E+02   3.6486923E+02   3.6981766E+02   3.7473828E+02   3.7987692E+02   3.8497549E+02   3.8980984E+02   3.9480408E+02   3.9995706E+02
  4.0494363E+02   4.0993912E+02   4.1493457E+02   4.1993005E+02   4.2492551E+02   4.2992099E+02   4.3491647E+02   4.3991193E+02   4.4473505E+02   4.4975754E+02
  4.5490662E+02   4.5997824E+02   4.6476810E+02   4.6980038E+02   4.7490039E+02   4.7974539E+02   4.8490802E+02   4.8978845E+02   4.9474704E+02   4.9975995E+02
  5.0497049E+02   5.0993289E+02   5.1489532E+02   5.1985773E+02   5.2479370E+02   5.2989221E+02   5.3499072E+02   5.3975836E+02   5.4493335E+02   5.4998352E+02
  5.5495514E+02   5.5983032E+02   5.6498090E+02   5.6992340E+02   5.7477161E+02   5.7987305E+02   5.8497455E+02   5.8982092E+02   5.9480933E+02   5.9997821E+02
  6.0485455E+02   6.0978052E+02   6.1493842E+02   6.1974701E+02   6.2481348E+02   6.2991809E+02   6.3480231E+02   6.3981683E+02   6.4497388E+02   6.4996252E+02
  6.5498956E+02   6.5987030E+02   6.6485657E+02   6.6987695E+02   6.7489740E+02   6.7991779E+02   6.8472546E+02   6.8976166E+02   6.9481354E+02   6.9986548E+02
  7.0491742E+02   7.0996930E+02   7.1481183E+02   7.1988947E+02   7.2486700E+02   7.2990302E+02   7.3488055E+02   7.3983960E+02   7.4478949E+02   7.4978235E+02
  7.5477515E+02   7.5976794E+02   7.6476080E+02   7.6984937E+02   7.7474365E+02   7.7978040E+02   7.8479614E+02   7.8981195E+02   7.9491223E+02   7.9974103E+02
  8.0486395E+02   8.0975873E+02   8.1481158E+02   8.1986444E+02   8.2491730E+02   8.2997015E+02   8.3475702E+02   8.3980988E+02   8.4486273E+02   8.4991559E+02
  8.5496844E+02   8.5983142E+02   8.6488605E+02   8.6998926E+02   8.7482391E+02   8.7982794E+02   8.8475641E+02   8.8992755E+02   8.9482654E+02   8.9999768E+02
  9.0489667E+02   9.0979565E+02   9.1496680E+02   9.1972974E+02   9.2497748E+02   9.2988733E+02   9.3482654E+02   9.3988007E+02   9.4473254E+02   9.4987500E+02
  9.5495148E+02   9.5994836E+02   9.6494525E+02   9.6994214E+02   9.7481384E+02   9.7992322E+02   9.8473657E+02   9.8977765E+02   9.9479944E+02   9.9983795E+02
  1.0048845E+03   1.0099688E+03   1.0147856E+03   1.0199744E+03   1.0248105E+03   1.0298796E+03   1.0348429E+03   1.0399388E+03   1.0449733E+03   1.0497288E+03
  1.0549205E+03   1.0599397E+03   1.0648153E+03   1.0697677E+03   1.0749557E+03   1.0799141E+03   1.0847677E+03   1.0899744E+03   1.0948276E+03   1.0998945E+03
  1.1049384E+03   1.1098348E+03   1.1148004E+03   1.1199005E+03   1.1247681E+03   1.1299601E+03   1.1348099E+03   1.1398224E+03   1.1448046E+03   1.1498781E+03
  1.1548125E+03   1.1598075E+03   1.1648342E+03   1.1699182E+03   1.1747627E+03   1.1798765E+03   1.1849901E+03   1.1898584E+03   1.1949688E+03   1.1998367E+03
  1.2047692E+03   1.2099250E+03   1.2148096E+03   1.2199655E+03   1.2248500E+03   1.2297345E+03   1.2349839E+03   1.2397400E+03   1.2447999E+03   1.2499038E+03
  1.2548193E+03   1.2599631E+03   1.2648090E+03   1.2698729E+03   1.2749905E+03   1.2798972E+03   1.2849220E+03   1.2898584E+03   1.2947660E+03   1.2997413E+03
  1.3048875E+03   1.3098578E+03   1.3149650E+03   1.3198033E+03   1.3249105E+03   1.3297489E+03   1.3348971E+03   1.3399462E+03   1.3448495E+03   1.3498832E+03
  1.3548203E+03   1.3599877E+03   1.3649640E+03   1.3699402E+03   1.3749165E+03   1.3798367E+03   1.3848047E+03   1.3897269E+03   1.3947701E+03   1.3998134E+03
  1.4048431E+03   1.4097848E+03   1.4148049E+03   1.4198251E+03   1.4249005E+03   1.4298397E+03   1.4349020E+03   1.4397545E+03   1.4448344E+03   1.4498689E+03
  1.4548914E+03   1.4597556E+03   1.4648901E+03   1.4697544E+03   1.4748289E+03   1.4798290E+03   1.4848291E+03   1.4899998E+03   1.4949751E+03   1.4999504E+03
  1.5048286E+03   1.5099564E+03   1.5149287E+03   1.5197651E+03   1.5248704E+03   1.5299756E+03   1.5348120E+03   1.5399172E+03   1.5448975E+03   1.5497450E+03
  1.5547528E+03   1.5599044E+03   1.5649495E+03   1.5698396E+03   1.5749572E+03   1.5797570E+03   1.5849902E+03   1.5898627E+03   1.5947428E+03   1.5998370E+03
  1.6049314E+03   1.6097426E+03   1.6148369E+03   1.6199312E+03   1.6249762E+03   1.6297201E+03   1.6347605E+03   1.6398009E+03   1.6449841E+03   1.6499491E+03
  1.6549659E+03   1.6599828E+03   1.6648920E+03   1.6699849E+03   1.6747782E+03   1.6798711E+03   1.6849640E+03   1.6897572E+03   1.6949952E+03   1.6999537E+03
  1.7049121E+03   1.7097908E+03   1.7147355E+03   1.7197432E+03   1.7247509E+03   1.7298740E+03   1.7349081E+03   1.7399716E+03   1.7448087E+03   1.7499490E+03
  1.7549105E+03   1.7598260E+03   1.7649226E+03   1.7697194E+03   1.7749507E+03   1.7797893E+03   1.7849387E+03   1.7897440E+03   1.7948695E+03   1.7997074E+03
  1.8049603E+03   1.8097238E+03   1.8147195E+03   1.8197645E+03   1.8249586E+03   1.8298955E+03   1.8348325E+03   1.8397694E+03   1.8447064E+03   1.8497615E+03
  1.8549630E+03   1.8597279E+03   1.8649800E+03   1.8699038E+03   1.8748276E+03   1.8799478E+03   1.8849078E+03   1.8898505E+03   1.8949336E+03   1.8997999E+03
  1.9048918E+03   1.9097345E+03   1.9148799E+03   1.9197225E+03   1.9247515E+03   1.9297114E+03   1.9349814E+03   1.9399415E+03   1.9449015E+03   1.9499235E+03
  1.9549935E+03   1.9598281E+03   1.9649650E+03   1.9698507E+03   1.9748591E+03   1.9799801E+03   1.9847998E+03   1.9899207E+03   1.9947404E+03   1.9999561E+03
  2.0047775E+03   2.0097892E+03   2.0148408E+03   2.0199556E+03   2.0247507E+03   2.0299413E+03   2.0346943E+03   2.0399772E+03   2.0449297E+03   2.0498823E+03
  2.0548071E+03   2.0597917E+03   2.0647209E+03   2.0699141E+03   2.0748657E+03   2.0799402E+03   2.0849446E+03   2.0899734E+03   2.0949006E+03   2.0997646E+03
  2.1049595E+03   2.1097371E+03   2.1147944E+03   2.1198647E+03   2.1248008E+03   2.1297454E+03   2.1349983E+03   2.1399807E+03   2.1449631E+03   2.1499841E+03
  2.1547266E+03   2.1596946E+03   2.1647444E+03   2.1698049E+03   2.1748569E+03   2.1798577E+03   2.1848584E+03   2.1898120E+03   2.1948926E+03   2.1998618E+03
  2.2048154E+03   2.2097512E+03   2.2149873E+03   2.2197227E+03   2.2247866E+03   2.2297661E+03   2.2348916E+03   2.2399998E+03   2.2449922E+03   2.2497378E+03
  2.2548711E+03   2.2597026E+03   2.2648359E+03   2.2699695E+03   2.2748008E+03   2.2799343E+03   2.2848950E+03   2.2899609E+03   2.2948813E+03   2.2999705E+03
  2.3048931E+03   2.3099751E+03   2.3149304E+03   2.3198311E+03   2.3246968E+03   2.3299282E+03   2.3347710E+03   2.3397620E+03   2.3447822E+03   2.3498965E+03
  2.3547148E+03   2.3598882E+03   2.3647383E+03   2.3699114E+03   2.3747615E+03   2.3797048E+03   2.3847380E+03   2.3897566E+03   2.3949878E+03   2.3998376E+03
  2.4049294E+03   2.4098550E+03   2.4147732E+03   2.4197441E+03   2.4247856E+03   2.4299055E+03   2.4349675E+03   2.4397961E+03   2.4449631E+03   2.4499592E+03
  2.4549553E+03   2.4599514E+03   2.4649473E+03   2.4698237E+03   2.4747615E+03   2.4798618E+03   2.4849309E+03   2.4897021E+03   2.4947712E+03   2.4998406E+03
  2.5047417E+03   2.5097759E+03   2.5149502E+03   2.5199324E+03   2.5248562E+03   2.5297336E+03   2.5348232E+03   2.5399517E+03   2.5447598E+03   2.5498884E+03
  2.5546965E+03   2.5598250E+03   2.5649536E+03   2.5697617E+03   2.5748904E+03   2.5796985E+03   2.5848269E+03   2.5899556E+03   2.5947637E+03   2.5998923E+03
  2.6047002E+03   2.6098289E+03   2.6149575E+03   2.6197656E+03   2.6248455E+03   2.6298835E+03   2.6349050E+03   2.6398381E+03   2.6447712E+03   2.6497043E+03
  2.6547505E+03   2.6597119E+03   2.6646892E+03   2.6699419E+03   2.6748525E+03   2.6797634E+03   2.6846741E+03   2.6899355E+03   2.6948464E+03   2.6997573E+03
  2.7049827E+03   2.7097188E+03   2.7149800E+03   2.7197317E+03   2.7246675E+03   2.7296667E+03   2.7349995E+03   2.7399990E+03   2.7448538E+03   2.7498313E+03
  2.7548091E+03   2.7597866E+03   2.7647246E+03   2.7697708E+03   2.7749707E+03   2.7798459E+03   2.7847212E+03   2.7899211E+03   2.7947964E+03   2.7999966E+03
  2.8048716E+03   2.8097468E+03   2.8149470E+03   2.8199421E+03   2.8247244E+03   2.8297073E+03   2.8348716E+03   2.8398530E+03   2.8446941E+03   2.8498809E+03
  2.8547222E+03   2.8599089E+03   2.8647500E+03   2.8699370E+03   2.8747781E+03   2.8798813E+03   2.8847146E+03   2.8899568E+03   2.8948496E+03   2.8997422E+03
  2.9049844E+03   2.9098772E+03   2.9147437E+03   2.9197603E+03   2.9248770E+03   2.9299524E+03   2.9347410E+03   2.9397056E+03   2.9448914E+03   2.9497227E+03
  2.9548760E+03   2.9597070E+03   2.9648604E+03   2.9696917E+03   2.9747542E+03   2.9797729E+03   2.9847917E+03   2.9899785E+03   2.9949360E+03   2.9999546E+03
  3.0048726E+03   3.0097903E+03   3.0149939E+03   3.0197715E+03   3.0248674E+03   3.0298865E+03   3.0346873E+03   3.0397217E+03   3.0447559E+03   3.0497900E+03
  3.0548245E+03   3.0598586E+03   3.0648369E+03   3.0698708E+03   3.0748506E+03   3.0797900E+03   3.0848923E+03   3.0898862E+03   3.0947275E+03   3.0999272E+03
  3.1047803E+03   3.1099802E+03   3.1148333E+03   3.1196863E+03   3.1248860E+03   3.1297390E+03   3.1349387E+03   3.1397917E+03   3.1449915E+03   3.1498445E+03
  3.1546978E+03   3.1598975E+03   3.1647505E+03   3.1699502E+03   3.1749905E+03   3.1799587E+03   3.1847107E+03   3.1897874E+03   3.1948640E+03   3.1999404E+03
  3.2047000E+03   3.2099131E+03   3.2149856E+03   3.2198806E+03   3.2248203E+03   3.2299348E+03   3.2347493E+03   3.2399336E+03   3.2449272E+03   3.2499207E+03
  3.2549141E+03   3.2599077E+03   3.2649011E+03   3.2698547E+03   3.2749519E+03   3.2797378E+03   3.2848657E+03   3.2896819E+03   3.2946458E+03   3.2999915E+03
  3.3047490E+03   3.3098579E+03   3.3149668E+03   3.3197349E+03   3.3248438E+03   3.3299526E+03   3.3347207E+03   3.3398296E+03   3.3446497E+03   3.3498777E+03
  3.3549819E+03   3.3597461E+03   3.3646768E+03   3.3699758E+03   3.3748965E+03   3.3798171E+03   3.3848728E+03   3.3899297E+03   3.3949866E+03   3.3996824E+03
  3.4048992E+03   3.4099626E+03   3.4149568E+03   3.4199241E+03   3.4247651E+03   3.4299521E+03   3.4347932E+03   3.4399800E+03   3.4448210E+03   3.4497686E+03
  3.4547122E+03   3.4597417E+03   3.4647712E+03   3.4698008E+03   3.4749771E+03   3.4799573E+03   3.4849375E+03   3.4899551E+03   3.4947805E+03   3.4999504E+03
  3.5047759E+03   3.5099985E+03   3.5147380E+03   3.5197417E+03   3.5247456E+03   3.5297495E+03   3.5347532E+03   3.5397339E+03   3.5447593E+03   3.5496831E+03
  3.5549475E+03   3.5598828E+03   3.5648184E+03   3.5699360E+03   3.5747131E+03   3.5798574E+03   3.5846345E+03   3.5896726E+03   3.5948464E+03   3.5997800E+03
  3.6047134E+03   3.6096470E+03   3.6148962E+03   3.6199841E+03   3.6247327E+03   3.6298206E+03   3.6349087E+03   3.6399966E+03   3.6447451E+03   3.6499619E+03
  3.6547305E+03   3.6597341E+03   3.6647610E+03   3.6699587E+03   3.6747942E+03   3.6799521E+03   3.6847878E+03   3.6899456E+03   3.6947812E+03   3.6999392E+03
  3.7048674E+03   3.7097021E+03   3.7148218E+03   3.7199255E+03   3.7246650E+03   3.7298882E+03   3.7347017E+03   3.7399407E+03   3.7448052E+03   3.7497368E+03
  3.7549795E+03   3.7599670E+03   3.7649868E+03   3.7696719E+03   3.7746917E+03   3.7797114E+03   3.7848418E+03   3.7897615E+03   3.7946814E+03   3.7999795E+03
  3.8048994E+03   3.8098191E+03   3.8147390E+03   3.8196587E+03   3.8249570E+03   3.8298767E+03   3.8347966E+03   3.8396929E+03   3.8449011E+03   3.8498018E+03
  3.8547886E+03   3.8598713E+03   3.8649541E+03   3.8696738E+03   3.8747566E+03   3.8798394E+03   3.8849219E+03   3.8896416E+03   3.8948501E+03   3.8997146E+03
  3.9049336E+03   3.9098113E+03   3.9148923E+03   3.9199736E+03   3.9247161E+03   3.9297971E+03   3.9348784E+03   3.9399597E+03   3.9447048E+03   3.9498770E+03
  3.9548027E+03   3.9597288E+03   3.9646545E+03   3.9699321E+03   3.9748582E+03   3.9797839E+03   3.9847097E+03   3.9899873E+03   3.9949133E+03   3.9998391E+03
  4.0047649E+03   4.0096907E+03   4.0149685E+03   4.0198943E+03   4.0248201E+03   4.0297314E+03   4.0349346E+03   4.0398525E+03   4.0449946E+03   4.0498921E+03
  4.0547173E+03   4.0599524E+03   4.0647910E+03   4.0699783E+03   4.0748540E+03   4.0797297E+03   4.0849307E+03   4.0899224E+03   4.0949011E+03   4.0998950E+03
  4.1048892E+03   4.1098828E+03   4.1148770E+03   4.1197734E+03   4.1248130E+03   4.1298599E+03   4.1347134E+03   4.1398706E+03   4.1449692E+03   4.1497720E+03
  4.1549185E+03   4.1597217E+03   4.1648677E+03   4.1696709E+03   4.1748174E+03   4.1799185E+03   4.1847588E+03   4.1899507E+03   4.1948179E+03   4.1996851E+03
  4.2048765E+03   4.2097437E+03   4.2149355E+03   4.2199268E+03   4.2249946E+03   4.2297002E+03   4.2347910E+03   4.2399497E+03   4.2447383E+03   4.2499766E+03
  4.2548657E+03   4.2597036E+03   4.2647710E+03   4.2699375E+03   4.2748228E+03   4.2797080E+03   4.2849419E+03   4.2898271E+03   4.2947124E+03   4.2999463E+03
  4.3048315E+03   4.3097168E+03   4.3148530E+03   4.3199038E+03   4.3249546E+03   4.3296167E+03   4.3346675E+03   4.3396694E+03   4.3447715E+03   4.3498735E+03
  4.3546470E+03   4.3596250E+03   4.3649863E+03   4.3699644E+03   4.3749424E+03   4.3796919E+03   4.3848398E+03   4.3898105E+03   4.3949155E+03   4.3996807E+03
  4.4047856E+03   4.4098906E+03   4.4149956E+03   4.4197607E+03   4.4248657E+03   4.4299707E+03   4.4347354E+03   4.4399258E+03   4.4448892E+03   4.4497803E+03
  4.4549614E+03   4.4597974E+03   4.4649790E+03   4.4698149E+03   4.4749961E+03   4.4799932E+03   4.4847866E+03   4.4899800E+03   4.4947368E+03   4.4998110E+03
  4.5049595E+03   4.5099995E+03   4.5146797E+03   4.5199868E+03   4.5249570E+03   4.5299272E+03   4.5348979E+03   4.5398682E+03   4.5448384E+03   4.5498091E+03
  4.5547793E+03   4.5597495E+03   4.5647202E+03   4.5696904E+03   4.5746611E+03   4.5799863E+03   4.5846060E+03   4.5898770E+03   4.5949727E+03   4.5996807E+03
  4.6049258E+03   4.6097969E+03   4.6147817E+03   4.6198438E+03   4.6249058E+03   4.6299600E+03   4.6349795E+03   4.6398647E+03   4.6447881E+03   4.6497256E+03
  4.6547041E+03   4.6596831E+03   4.6646621E+03   4.6699961E+03   4.6749751E+03   4.6798921E+03   4.6848696E+03   4.6897158E+03   4.6948848E+03   4.6998306E+03
  4.7046377E+03   4.7097588E+03   4.7147197E+03   4.7198242E+03   4.7249292E+03   4.7296689E+03   4.7347734E+03   4.7398784E+03   4.7449292E+03   4.7497295E+03
  4.7548203E+03   4.7597041E+03   4.7647974E+03   4.7697046E+03   4.7749897E+03   4.7798970E+03   4.7848047E+03   4.7897119E+03   4.7949971E+03   4.7999111E+03
  4.8046616E+03   4.8096787E+03   4.8146963E+03   4.8199849E+03   4.8249033E+03   4.8297827E+03   4.8346616E+03   4.8399067E+03   4.8449629E+03   4.8497510E+03
  4.8546724E+03   4.8597554E+03   4.8646816E+03   4.8699141E+03   4.8747979E+03   4.8796816E+03   4.8849316E+03   4.8898364E+03   4.8947344E+03   4.8999824E+03
  4.9048809E+03   4.9097788E+03   4.9146772E+03   4.9199253E+03   4.9248232E+03   4.9298140E+03   4.9349971E+03   4.9397402E+03   4.9448223E+03   4.9499043E+03
  4.9549868E+03   4.9597466E+03   4.9648936E+03   4.9699863E+03   4.9749463E+03   4.9799062E+03   4.9847480E+03   4.9897959E+03   4.9947847E+03   4.9997734E+03
  5.0047617E+03   5.0097505E+03   5.0147388E+03   5.0198867E+03   5.0247358E+03   5.0299893E+03   5.0347822E+03   5.0399746E+03   5.0449043E+03   5.0496519E+03
  5.0547949E+03   5.0599385E+03   5.0646860E+03   5.0698291E+03   5.0749727E+03   5.0796802E+03   5.0846587E+03   5.0899927E+03   5.0949854E+03   5.0998838E+03
  5.1047827E+03   5.1096812E+03   5.1148696E+03   5.1199580E+03   5.1249604E+03   5.1297759E+03   5.1349619E+03   5.1397769E+03   5.1449224E+03   5.1497207E+03
  5.1549414E+03   5.1597891E+03   5.1646362E+03   5.1698569E+03   5.1749775E+03   5.1799702E+03   5.1849629E+03   5.1899561E+03   5.1949487E+03   5.1997656E+03
  5.2049531E+03   5.2097676E+03   5.2147051E+03   5.2196851E+03   5.2246646E+03   5.2296445E+03   5.2346245E+03   5.2397666E+03   5.2446772E+03   5.2497095E+03
  5.2548716E+03   5.2596372E+03   5.2647998E+03   5.2699624E+03   5.2747275E+03   5.2798901E+03   5.2846558E+03   5.2898184E+03   5.2949810E+03   5.2997461E+03
  5.3047998E+03   5.3099385E+03   5.3149512E+03   5.3199395E+03   5.3249272E+03   5.3299155E+03   5.3349038E+03   5.3398921E+03   5.3448799E+03   5.3498682E+03
  5.3548564E+03   5.3598442E+03   5.3648325E+03   5.3698208E+03   5.3748091E+03   5.3797969E+03   5.3847852E+03   5.3897734E+03   5.3947612E+03   5.3997495E+03
  5.4047378E+03   5.4097261E+03   5.4147139E+03   5.4197021E+03   5.4246904E+03   5.4296660E+03   5.4348818E+03   5.4397495E+03   5.4447544E+03   5.4498677E+03
  5.4548384E+03   5.4598096E+03   5.4647803E+03   5.4697510E+03   5.4747222E+03   5.4797061E+03   5.4846938E+03   5.4896880E+03   5.4949814E+03   5.4997520E+03
  5.5047549E+03   5.5097520E+03   5.5147788E+03   5.5197769E+03   5.5247402E+03   5.5299248E+03   5.5346616E+03   5.5396665E+03   5.5449556E+03   5.5499082E+03
  5.5549570E+03   5.5597080E+03   5.5648550E+03   5.5699302E+03   5.5749272E+03   5.5799248E+03   5.5849219E+03   5.5899189E+03   5.5949160E+03   5.5999136E+03
  5.6049106E+03   5.6098638E+03   5.6148740E+03   5.6197856E+03   5.6247217E+03   5.6297905E+03   5.6348589E+03   5.6398457E+03   5.6447793E+03   5.6496519E+03
  5.6547197E+03   5.6597881E+03   5.6648564E+03   5.6699243E+03   5.6748228E+03   5.6797437E+03   5.6847188E+03   5.6899751E+03   5.6948564E+03   5.6997378E+03
  5.7048730E+03   5.7099424E+03   5.7149214E+03   5.7199004E+03   5.7248799E+03   5.7298589E+03   5.7348379E+03   5.7398169E+03   5.7447959E+03   5.7497749E+03
  5.7547539E+03   5.7597329E+03   5.7647119E+03   5.7696914E+03   5.7746704E+03   5.7796494E+03   5.7846284E+03   5.7899902E+03   5.7949697E+03   5.7998950E+03
  5.8048628E+03   5.8097925E+03   5.8149512E+03   5.8197266E+03   5.8247432E+03   5.8297852E+03   5.8348271E+03   5.8398687E+03   5.8449106E+03   5.8499521E+03
  5.8549941E+03   5.8599692E+03   5.8646826E+03   5.8697139E+03   5.8747451E+03   5.8797764E+03   5.8848076E+03   5.8898389E+03   5.8948701E+03   5.8999014E+03
  5.9049326E+03   5.9097495E+03   5.9146016E+03   5.9198579E+03   5.9247100E+03   5.9298311E+03   5.9346895E+03   5.9399219E+03   5.9446733E+03   5.9498096E+03
  5.9549600E+03   5.9597461E+03   5.9647612E+03   5.9698511E+03   5.9749414E+03   5.9796680E+03   5.9847578E+03   5.9898477E+03   5.9949380E+03   5.9996641E+03
  6.0049473E+03   6.0099888E+03   6.0147900E+03   6.0197788E+03   6.0247676E+03   6.0297559E+03   6.0347446E+03   6.0397334E+03   6.0447480E+03   6.0497900E+03
  6.0548604E+03   6.0599951E+03   6.0648398E+03   6.0696953E+03   6.0749810E+03   6.0799883E+03   6.0849961E+03   6.0897324E+03   6.0949429E+03   6.0997817E+03
  6.1049146E+03   6.1099126E+03   6.1148047E+03   6.1197109E+03   6.1249951E+03   6.1298442E+03   6.1348608E+03   6.1399224E+03   6.1449844E+03   6.1499082E+03
  6.1546494E+03   6.1598569E+03   6.1646924E+03   6.1698994E+03   6.1747349E+03   6.1799424E+03   6.1847773E+03   6.1899849E+03   6.1948203E+03   6.1996558E+03
  6.2048628E+03   6.2096982E+03   6.2149058E+03   6.2197412E+03   6.2249482E+03   6.2297837E+03   6.2349912E+03   6.2398262E+03   6.2446616E+03   6.2498691E+03
  6.2547046E+03   6.2599116E+03   6.2647471E+03   6.2699546E+03   6.2745972E+03   6.2799688E+03   6.2849043E+03   6.2898398E+03   6.2947754E+03   6.2997109E+03
  6.3047476E+03   6.3098174E+03   6.3149810E+03   6.3197754E+03   6.3249390E+03   6.3297339E+03   6.3347959E+03   6.3397290E+03   6.3446621E+03   6.3495952E+03
  6.3549395E+03   6.3598730E+03   6.3648062E+03   6.3697393E+03   6.3746724E+03   6.3796055E+03   6.3849497E+03   6.3898828E+03   6.3948159E+03   6.3997490E+03
  6.4046821E+03   6.4096152E+03   6.4149600E+03   6.4198931E+03   6.4247822E+03   6.4299277E+03   6.4347056E+03   6.4398511E+03   6.4449966E+03   6.4497744E+03
  6.4549199E+03   6.4596978E+03   6.4648428E+03   6.4699883E+03   6.4747661E+03   6.4799116E+03   6.4846895E+03   6.4898350E+03   6.4946313E+03   6.4999482E+03
  6.5048604E+03   6.5097725E+03   6.5146841E+03   6.5198560E+03   6.5249443E+03   6.5299600E+03   6.5348613E+03   6.5397627E+03   6.5446641E+03   6.5498281E+03
  6.5548408E+03   6.5598535E+03   6.5648657E+03   6.5698784E+03   6.5748906E+03   6.5799033E+03   6.5848188E+03   6.5899976E+03   6.5947446E+03   6.5997759E+03
  6.6047886E+03   6.6098013E+03   6.6149526E+03   6.6197314E+03   6.6249087E+03   6.6296875E+03   6.6348647E+03   6.6396436E+03   6.6448208E+03   6.6499980E+03
  6.6547769E+03   6.6599102E+03   6.6649893E+03   6.6699023E+03   6.6748096E+03   6.6797168E+03   6.6846240E+03   6.6899087E+03   6.6948159E+03   6.6997231E+03
  6.7046304E+03   6.7099150E+03   6.7148223E+03   6.7199082E+03   6.7248169E+03   6.7298984E+03   6.7347256E+03   6.7399854E+03   6.7448403E+03   6.7496958E+03
  6.7549556E+03   6.7599316E+03   6.7649302E+03   6.7699868E+03   6.7747065E+03   6.7798906E+03   6.7848101E+03   6.7897295E+03   6.7946489E+03   6.7999468E+03
  6.8048662E+03   6.8097856E+03   6.8147051E+03   6.8198584E+03   6.8249741E+03   6.8296548E+03   6.8349766E+03   6.8399175E+03   6.8448589E+03   6.8498003E+03
  6.8547412E+03   6.8596826E+03   6.8646240E+03   6.8699453E+03   6.8748867E+03   6.8798276E+03   6.8847690E+03   6.8899023E+03   6.8949995E+03   6.8996719E+03
  6.9047114E+03   6.9096636E+03   6.9149966E+03   6.9199482E+03   6.9249004E+03   6.9298525E+03   6.9348042E+03   6.9397563E+03   6.9447080E+03   6.9496602E+03
  6.9549932E+03   6.9597778E+03   6.9647559E+03   6.9699829E+03   6.9746958E+03   6.9798130E+03   6.9849302E+03   6.9896533E+03   6.9947329E+03   6.9998496E+03
  7.0049233E+03   7.0099966E+03   7.0147080E+03   7.0197817E+03   7.0248555E+03   7.0299292E+03   7.0346401E+03   7.0397139E+03   7.0447876E+03   7.0498613E+03
  7.0549351E+03   7.0596460E+03   7.0647197E+03   7.0697935E+03   7.0747329E+03   7.0796016E+03   7.0848755E+03   7.0896665E+03   7.0949819E+03   7.0999175E+03
  7.1048530E+03   7.1097886E+03   7.1147241E+03   7.1196597E+03   7.1249746E+03   7.1299102E+03   7.1346855E+03   7.1398018E+03   7.1449492E+03   7.1496831E+03
  7.1546694E+03   7.1596929E+03   7.1648540E+03   7.1697695E+03   7.1748950E+03   7.1799243E+03   7.1848408E+03   7.1897578E+03   7.1946743E+03   7.1999692E+03
  7.2048857E+03   7.2098027E+03   7.2147192E+03   7.2196362E+03   7.2249312E+03   7.2298857E+03   7.2348818E+03   7.2397881E+03   7.2446372E+03   7.2498350E+03
  7.2547095E+03   7.2598730E+03   7.2649277E+03   7.2699824E+03   7.2746157E+03   7.2798242E+03   7.2849717E+03   7.2897510E+03   7.2948984E+03   7.2996782E+03
  7.3048257E+03   7.3099731E+03   7.3147524E+03   7.3198999E+03   7.3246797E+03   7.3298457E+03   7.3347749E+03   7.3398159E+03   7.3447705E+03   7.3497256E+03
  7.3549858E+03   7.3598535E+03   7.3649834E+03   7.3697183E+03   7.3748477E+03   7.3797573E+03   7.3848037E+03   7.3898506E+03   7.3948975E+03   7.3999438E+03
  7.4049907E+03   7.4096489E+03   7.4146958E+03   7.4197427E+03   7.4247891E+03   7.4298359E+03   7.4348828E+03   7.4399292E+03   7.4449053E+03   7.4498428E+03
  7.4547808E+03   7.4596699E+03   7.4647969E+03   7.4699243E+03   7.4746572E+03   7.4797842E+03   7.4849111E+03   7.4896440E+03   7.4947710E+03   7.4998984E+03
  7.5046313E+03   7.5097583E+03   7.5148853E+03   7.5196182E+03   7.5247451E+03   7.5298726E+03   7.5348511E+03   7.5398535E+03   7.5449102E+03   7.5496929E+03
  7.5548745E+03   7.5596543E+03   7.5648237E+03   7.5697095E+03   7.5748071E+03   7.5798237E+03   7.5848398E+03   7.5898560E+03   7.5948721E+03   7.5996416E+03
  7.6048164E+03   7.6097119E+03   7.6149839E+03   7.6198794E+03   7.6247744E+03   7.6296699E+03   7.6349419E+03   7.6398374E+03   7.6447324E+03   7.6496279E+03
  7.6548999E+03   7.6597954E+03   7.6646904E+03   7.6699624E+03   7.6748579E+03   7.6797500E+03   7.6848804E+03   7.6897222E+03   7.6948062E+03   7.6998901E+03
  7.7049746E+03   7.7098223E+03   7.7148677E+03   7.7199141E+03   7.7249600E+03   7.7299995E+03   7.7348809E+03   7.7398672E+03   7.7447734E+03   7.7496714E+03
  7.7547617E+03   7.7598091E+03   7.7648604E+03   7.7699121E+03   7.7749634E+03   7.7796787E+03   7.7849585E+03   7.7898613E+03   7.7947642E+03   7.7996670E+03
  7.8049473E+03   7.8098501E+03   7.8147529E+03   7.8196558E+03   7.8249355E+03   7.8298384E+03   7.8347412E+03   7.8396440E+03   7.8449238E+03   7.8498267E+03
  7.8547295E+03   7.8596323E+03   7.8649126E+03   7.8698154E+03   7.8747183E+03   7.8799980E+03   7.8849009E+03   7.8899214E+03   7.8947974E+03   7.8997930E+03
  7.9047881E+03   7.9097837E+03   7.9147788E+03   7.9197744E+03   7.9247700E+03   7.9297651E+03   7.9349321E+03   7.9396846E+03   7.9446616E+03   7.9497231E+03
  7.9547842E+03   7.9599487E+03   7.9648682E+03   7.9696377E+03   7.9747744E+03   7.9799111E+03   7.9846812E+03   7.9898179E+03   7.9949546E+03   7.9997241E+03
  8.0048608E+03   8.0099976E+03   8.0147676E+03   8.0199038E+03   8.0246738E+03   8.0298105E+03   8.0349473E+03   8.0397168E+03   8.0448535E+03   8.0499902E+03
  8.0547603E+03   8.0598970E+03   8.0647646E+03   8.0696719E+03   8.0749565E+03   8.0798643E+03   8.0847715E+03   8.0896787E+03   8.0949634E+03   8.0998711E+03
  8.1047783E+03   8.1096855E+03   8.1149702E+03   8.1198779E+03   8.1248706E+03   8.1299858E+03   8.1347598E+03   8.1398750E+03   8.1446660E+03   8.1497759E+03
  8.1549043E+03   8.1596382E+03   8.1647666E+03   8.1698950E+03   8.1746289E+03   8.1797573E+03   8.1848857E+03   8.1896196E+03   8.1947480E+03   8.1998770E+03
  8.2046104E+03   8.2097393E+03   8.2146875E+03   8.2199307E+03   8.2247344E+03   8.2298135E+03   8.2349375E+03   8.2397197E+03   8.2448975E+03   8.2496895E+03
  8.2546973E+03   8.2597373E+03   8.2648525E+03   8.2697285E+03   8.2748516E+03   8.2797412E+03   8.2847764E+03   8.2898115E+03   8.2947666E+03   8.2996543E+03
  8.3048301E+03   8.3096436E+03   8.3148770E+03   8.3198252E+03   8.3247734E+03   8.3297217E+03   8.3346699E+03   8.3399980E+03   8.3449463E+03   8.3498945E+03
  8.3548428E+03   8.3597334E+03   8.3648779E+03   8.3698672E+03   8.3746875E+03   8.3798311E+03   8.3849746E+03   8.3897236E+03   8.3948672E+03   8.3996152E+03
  8.4047598E+03   8.4099033E+03   8.4146514E+03   8.4197959E+03   8.4249395E+03   8.4296885E+03   8.4348164E+03   8.4397422E+03   8.4446680E+03   8.4499736E+03
  8.4548994E+03   8.4598252E+03   8.4647510E+03   8.4696768E+03   8.4749824E+03   8.4799082E+03   8.4848340E+03   8.4897598E+03   8.4946865E+03   8.4999912E+03
  8.5049170E+03   8.5098428E+03   8.5147695E+03   8.5196953E+03   8.5246211E+03   8.5299258E+03   8.5348516E+03   8.5397783E+03   8.5447041E+03   8.5496299E+03
  8.5549346E+03   8.5598613E+03   8.5647871E+03   8.5697129E+03   8.5746387E+03   8.5799443E+03   8.5848701E+03   8.5899492E+03   8.5949346E+03   8.5996504E+03
  8.6047178E+03   8.6099707E+03   8.6148525E+03   8.6197354E+03   8.6249932E+03   8.6298750E+03   8.6347568E+03   8.6396396E+03   8.6447246E+03   8.6499551E+03
  8.6548975E+03   8.6598408E+03   8.6647832E+03   8.6697266E+03   8.6746689E+03   8.6799922E+03   8.6849346E+03   8.6898779E+03   8.6948203E+03   8.6997637E+03
  8.7047061E+03   8.7096494E+03   8.7149717E+03   8.7199150E+03   8.7248574E+03   8.7298008E+03   8.7348311E+03   8.7398916E+03   8.7449580E+03   8.7499707E+03
  8.7549092E+03   8.7598477E+03   8.7647871E+03   8.7697256E+03   8.7746641E+03   8.7799561E+03   8.7848945E+03   8.7898330E+03   8.7947715E+03   8.7997100E+03
  8.8046494E+03   8.8099404E+03   8.8148789E+03   8.8198174E+03   8.8247568E+03   8.8296953E+03   8.8349863E+03   8.8399248E+03   8.8448643E+03   8.8498027E+03
  8.8547412E+03   8.8596797E+03   8.8646777E+03   8.8699746E+03   8.8749131E+03   8.8798506E+03   8.8847891E+03   8.8897266E+03   8.8947109E+03   8.8999375E+03
  8.9047178E+03   8.9097217E+03   8.9146455E+03   8.9198750E+03   8.9247012E+03   8.9299307E+03   8.9347568E+03   8.9399863E+03   8.9448125E+03   8.9496396E+03
  8.9548682E+03   8.9596943E+03   8.9649238E+03   8.9697764E+03   8.9748799E+03   8.9799844E+03   8.9847236E+03   8.9898281E+03   8.9949326E+03   8.9996719E+03
  9.0047764E+03   9.0098809E+03   9.0149844E+03   9.0197246E+03   9.0248281E+03   9.0299326E+03   9.0346719E+03   9.0397764E+03   9.0448809E+03   9.0499854E+03
  9.0547246E+03   9.0598994E+03   9.0649346E+03   9.0699697E+03   9.0746455E+03   9.0796807E+03   9.0847148E+03   9.0897500E+03   9.0947852E+03   9.0998369E+03
  9.1047178E+03   9.1097686E+03   9.1148896E+03   9.1196445E+03   9.1247656E+03   9.1298994E+03   9.1347197E+03   9.1399150E+03   9.1447402E+03   9.1499355E+03
  9.1549932E+03   9.1598301E+03   9.1647070E+03   9.1699326E+03   9.1748096E+03   9.1796875E+03   9.1847617E+03   9.1897324E+03   9.1948975E+03   9.1997402E+03
  9.2049287E+03   9.2097285E+03   9.2148047E+03   9.2197109E+03   9.2247734E+03   9.2298369E+03   9.2348994E+03   9.2398809E+03   9.2447139E+03   9.2499971E+03
  9.2548945E+03   9.2597930E+03   9.2646904E+03   9.2699375E+03   9.2748350E+03   9.2797324E+03   9.2846152E+03   9.2899912E+03   9.2949521E+03   9.2999131E+03
  9.3048740E+03   9.3098350E+03   9.3147959E+03   9.3197568E+03   9.3247178E+03   9.3296777E+03   9.3349932E+03   9.3398174E+03   9.3449561E+03   9.3499570E+03
  9.3548916E+03   9.3597920E+03   9.3648232E+03   9.3697383E+03   9.3749668E+03   9.3798467E+03   9.3847266E+03   9.3899551E+03   9.3948350E+03   9.3998906E+03
  9.4049785E+03   9.4097070E+03   9.4149795E+03   9.4199004E+03   9.4248213E+03   9.4298379E+03   9.4348750E+03   9.4398779E+03   9.4448291E+03   9.4497803E+03
  9.4549150E+03   9.4596738E+03   9.4648301E+03   9.4699863E+03   9.4749863E+03   9.4798945E+03   9.4848027E+03   9.4897109E+03   9.4949736E+03   9.4997852E+03
  9.5049961E+03   9.5098066E+03   9.5146182E+03   9.5196426E+03   9.5247344E+03   9.5298252E+03   9.5349160E+03   9.5396426E+03   9.5447334E+03   9.5498242E+03
  9.5546377E+03   9.5598574E+03   9.5649541E+03   9.5696865E+03   9.5747832E+03   9.5798789E+03   9.5849756E+03   9.5897080E+03   9.5948047E+03   9.5999004E+03
  9.6049971E+03   9.6097295E+03   9.6148252E+03   9.6199219E+03   9.6247363E+03   9.6296816E+03   9.6347666E+03   9.6398760E+03   9.6449414E+03   9.6496455E+03
  9.6547109E+03   9.6597764E+03   9.6648428E+03   9.6699082E+03   9.6749736E+03   9.6799785E+03   9.6848701E+03   9.6898428E+03   9.6949043E+03   9.6999658E+03
  9.7046387E+03   9.7098643E+03   9.7147822E+03   9.7198809E+03   9.7247070E+03   9.7299043E+03   9.7347305E+03   9.7399609E+03   9.7446504E+03   9.7499580E+03
  9.7548877E+03   9.7599580E+03   9.7646475E+03   9.7699463E+03   9.7748672E+03   9.7797881E+03   9.7847100E+03   9.7897734E+03   9.7949736E+03   9.7997021E+03
  9.8048242E+03   9.8099463E+03   9.8146748E+03   9.8197969E+03   9.8249189E+03   9.8296475E+03   9.8348525E+03   9.8396689E+03   9.8448555E+03   9.8496797E+03
  9.8549062E+03   9.8596934E+03   9.8648066E+03   9.8699199E+03   9.8746670E+03   9.8797803E+03   9.8848154E+03   9.8897070E+03   9.8948164E+03   9.8999326E+03
  9.9046836E+03   9.9097998E+03   9.9149160E+03   9.9196670E+03   9.9247832E+03   9.9298994E+03   9.9346494E+03   9.9397656E+03   9.9448818E+03   9.9499980E+03
  9.9547490E+03   9.9598652E+03   9.9649814E+03   9.9697324E+03   9.9748486E+03   9.9799648E+03   9.9847500E+03   9.9897617E+03   9.9949561E+03   9.9997803E+03
  1.0004976E+04   1.0009799E+04   1.0014994E+04   1.0019817E+04   1.0024642E+04   1.0029836E+04   1.0034660E+04   1.0039855E+04   1.0044679E+04   1.0049874E+04
  1.0054697E+04   1.0059893E+04   1.0064717E+04   1.0069911E+04   1.0074735E+04   1.0079930E+04   1.0084954E+04   1.0089672E+04   1.0094726E+04   1.0099916E+04
  1.0104795E+04   1.0109674E+04   1.0114928E+04   1.0119807E+04   1.0124685E+04   1.0129938E+04   1.0134817E+04   1.0139696E+04   1.0144950E+04   1.0149829E+04
  1.0154708E+04   1.0159962E+04   1.0164804E+04   1.0169902E+04   1.0174900E+04   1.0179909E+04   1.0184918E+04   1.0189927E+04   1.0194936E+04   1.0199945E+04
  1.0204709E+04   1.0209934E+04   1.0214762E+04   1.0219911E+04   1.0224929E+04   1.0229947E+04   1.0234965E+04   1.0239982E+04   1.0244643E+04   1.0249660E+04
  1.0254679E+04   1.0259696E+04   1.0264714E+04   1.0269732E+04   1.0274750E+04   1.0279768E+04   1.0284786E+04   1.0289821E+04   1.0294604E+04   1.0299966E+04
  1.0304675E+04   1.0309745E+04   1.0314816E+04   1.0319952E+04   1.0324855E+04   1.0329760E+04   1.0334664E+04   1.0339977E+04   1.0344881E+04   1.0349785E+04
  1.0354827E+04   1.0359917E+04   1.0364644E+04   1.0369733E+04   1.0374823E+04   1.0379913E+04   1.0384640E+04   1.0389729E+04   1.0394819E+04   1.0399909E+04
  1.0404999E+04   1.0409726E+04   1.0414815E+04   1.0419905E+04   1.0424995E+04   1.0429777E+04   1.0434755E+04   1.0439681E+04   1.0444751E+04   1.0449822E+04
  1.0454980E+04   1.0459797E+04   1.0464983E+04   1.0469800E+04   1.0474987E+04   1.0479804E+04   1.0484990E+04   1.0489807E+04   1.0494994E+04   1.0499811E+04
  1.0504997E+04   1.0509813E+04   1.0514630E+04   1.0519817E+04   1.0524634E+04   1.0529820E+04   1.0534725E+04   1.0539705E+04   1.0544687E+04   1.0549788E+04
  1.0554890E+04   1.0559992E+04   1.0564729E+04   1.0569831E+04   1.0574933E+04   1.0579670E+04   1.0584771E+04   1.0589874E+04   1.0594976E+04   1.0599713E+04
  1.0604814E+04   1.0609916E+04   1.0614653E+04   1.0619756E+04   1.0624857E+04   1.0629742E+04   1.0634723E+04   1.0639962E+04   1.0644763E+04   1.0649933E+04
  1.0654733E+04   1.0659904E+04   1.0664705E+04   1.0669875E+04   1.0674677E+04   1.0679847E+04   1.0684647E+04   1.0689818E+04   1.0694988E+04   1.0699789E+04
  1.0704960E+04   1.0709761E+04   1.0714931E+04   1.0719731E+04   1.0724902E+04   1.0729669E+04   1.0734773E+04   1.0739740E+04   1.0744670E+04   1.0749651E+04
  1.0754620E+04   1.0759971E+04   1.0764939E+04   1.0769908E+04   1.0774877E+04   1.0779846E+04   1.0784814E+04   1.0789783E+04   1.0794752E+04   1.0799720E+04
  1.0804688E+04   1.0809657E+04   1.0814626E+04   1.0819812E+04   1.0824926E+04   1.0829790E+04   1.0834717E+04   1.0839793E+04   1.0844870E+04   1.0849947E+04
  1.0854687E+04   1.0859764E+04   1.0864841E+04   1.0869918E+04   1.0874995E+04   1.0879733E+04   1.0884727E+04   1.0889653E+04   1.0894959E+04   1.0899886E+04
  1.0904812E+04   1.0909740E+04   1.0914949E+04   1.0919742E+04   1.0924878E+04   1.0929899E+04   1.0934921E+04   1.0939827E+04   1.0944695E+04   1.0949835E+04
  1.0954666E+04   1.0959898E+04   1.0964738E+04   1.0969763E+04   1.0974786E+04   1.0979810E+04   1.0984834E+04   1.0989857E+04   1.0994882E+04   1.0999905E+04
  1.1004930E+04   1.1009933E+04   1.1014652E+04   1.1019798E+04   1.1024944E+04   1.1029722E+04   1.1034867E+04   1.1039703E+04   1.1044660E+04   1.1049892E+04
  1.1054749E+04   1.1059981E+04   1.1064839E+04   1.1069697E+04   1.1074867E+04   1.1079729E+04   1.1084965E+04   1.1089826E+04   1.1094688E+04   1.1099924E+04
  1.1104785E+04   1.1109841E+04   1.1114896E+04   1.1119951E+04   1.1124670E+04   1.1129864E+04   1.1134695E+04   1.1139738E+04   1.1144740E+04   1.1149742E+04
  1.1154743E+04   1.1159745E+04   1.1164747E+04   1.1169749E+04   1.1174751E+04   1.1179752E+04   1.1184754E+04   1.1189756E+04   1.1194758E+04   1.1199760E+04
  1.1204761E+04   1.1209763E+04   1.1214765E+04   1.1219767E+04   1.1224769E+04   1.1229770E+04   1.1234771E+04   1.1239773E+04   1.1244775E+04   1.1249776E+04
  1.1254778E+04   1.1259780E+04   1.1264782E+04   1.1269784E+04   1.1274966E+04   1.1279754E+04   1.1284941E+04   1.1289730E+04   1.1294918E+04   1.1299706E+04
  1.1304894E+04   1.1309693E+04   1.1314804E+04   1.1319820E+04   1.1324836E+04   1.1329743E+04   1.1334959E+04   1.1339827E+04   1.1344695E+04   1.1349912E+04
  1.1354780E+04   1.1359996E+04   1.1364864E+04   1.1369733E+04   1.1374949E+04   1.1379817E+04   1.1384686E+04   1.1389901E+04   1.1394771E+04   1.1399986E+04
  1.1404854E+04   1.1409723E+04   1.1414939E+04   1.1419808E+04   1.1424676E+04   1.1429892E+04   1.1434667E+04   1.1439867E+04   1.1444729E+04   1.1449939E+04
  1.1454802E+04   1.1459664E+04   1.1464874E+04   1.1469736E+04   1.1474946E+04   1.1479772E+04   1.1484808E+04   1.1489688E+04   1.1494915E+04   1.1499794E+04
  1.1504673E+04   1.1509901E+04   1.1514780E+04   1.1519659E+04   1.1524887E+04   1.1529767E+04   1.1534994E+04   1.1539873E+04   1.1544695E+04   1.1549973E+04
  1.1554818E+04   1.1559665E+04   1.1564857E+04   1.1569704E+04   1.1574896E+04   1.1579743E+04   1.1584936E+04   1.1589782E+04   1.1594975E+04   1.1599742E+04
  1.1604667E+04   1.1609971E+04   1.1614899E+04   1.1619978E+04   1.1624979E+04   1.1629657E+04   1.1634741E+04   1.1639798E+04   1.1644854E+04   1.1649983E+04
  1.1654842E+04   1.1659822E+04   1.1664938E+04   1.1669711E+04   1.1674825E+04   1.1679939E+04   1.1684713E+04   1.1689872E+04   1.1694847E+04   1.1699821E+04
  1.1704795E+04   1.1709770E+04   1.1714965E+04   1.1719688E+04   1.1724746E+04   1.1729822E+04   1.1734718E+04   1.1739848E+04   1.1744859E+04   1.1749935E+04
  1.1754929E+04   1.1759894E+04   1.1764707E+04   1.1769820E+04   1.1774835E+04   1.1779760E+04   1.1784685E+04   1.1789987E+04   1.1794809E+04   1.1799692E+04
  1.1804962E+04   1.1809854E+04   1.1814747E+04   1.1819640E+04   1.1824909E+04   1.1829802E+04   1.1834694E+04   1.1839963E+04   1.1844855E+04   1.1849677E+04
  1.1854782E+04   1.1859940E+04   1.1864940E+04   1.1869979E+04   1.1874917E+04   1.1879943E+04   1.1884662E+04   1.1889898E+04   1.1894761E+04   1.1899998E+04
  1.1904860E+04   1.1909896E+04   1.1914785E+04   1.1919674E+04   1.1924939E+04   1.1929848E+04   1.1934906E+04   1.1939966E+04   1.1944664E+04   1.1949724E+04
  1.1954783E+04   1.1959843E+04   1.1964887E+04   1.1969900E+04   1.1974938E+04   1.1979974E+04   1.1984650E+04   1.1989997E+04   1.1994717E+04   1.1999955E+04
  1.2004820E+04   1.2009685E+04   1.2014804E+04   1.2019972E+04   1.2024771E+04   1.2029938E+04   1.2034737E+04   1.2039905E+04   1.2044704E+04   1.2049872E+04
  1.2054672E+04   1.2059840E+04   1.2064639E+04   1.2069807E+04   1.2074975E+04   1.2079773E+04   1.2084941E+04   1.2089740E+04   1.2094809E+04   1.2099647E+04
  1.2104709E+04   1.2109771E+04   1.2114831E+04   1.2119893E+04   1.2124954E+04   1.2129654E+04   1.2134715E+04   1.2139776E+04   1.2144838E+04   1.2149899E+04
  1.2154960E+04   1.2159660E+04   1.2164722E+04   1.2169783E+04   1.2174844E+04   1.2179905E+04   1.2184967E+04   1.2189667E+04   1.2194728E+04   1.2199789E+04
  1.2204851E+04   1.2209912E+04   1.2214921E+04   1.2219924E+04   1.2224824E+04   1.2229726E+04   1.2234976E+04   1.2239876E+04   1.2244776E+04   1.2249678E+04
  1.2254928E+04   1.2259828E+04   1.2264729E+04   1.2269979E+04   1.2274880E+04   1.2279780E+04   1.2284814E+04   1.2289768E+04   1.2294737E+04   1.2299772E+04
  1.2304853E+04   1.2309851E+04   1.2314850E+04   1.2319848E+04   1.2324847E+04   1.2329845E+04   1.2334844E+04   1.2339842E+04   1.2344759E+04   1.2349838E+04
  1.2354839E+04   1.2359683E+04   1.2364851E+04   1.2369694E+04   1.2374862E+04   1.2379706E+04   1.2384874E+04   1.2389718E+04   1.2394737E+04   1.2399844E+04
  1.2404951E+04   1.2409693E+04   1.2414948E+04   1.2419877E+04   1.2424806E+04   1.2429733E+04   1.2434991E+04   1.2439920E+04   1.2444849E+04   1.2449777E+04
  1.2454706E+04   1.2459963E+04   1.2464892E+04   1.2469946E+04   1.2474743E+04   1.2479910E+04   1.2484707E+04   1.2489832E+04   1.2494766E+04   1.2499951E+04
  1.2504776E+04   1.2509973E+04   1.2514797E+04   1.2519993E+04   1.2524817E+04   1.2529643E+04   1.2534839E+04   1.2539808E+04   1.2544734E+04   1.2549863E+04
  1.2554694E+04   1.2559870E+04   1.2564701E+04   1.2569877E+04   1.2574708E+04   1.2579885E+04   1.2584716E+04   1.2589892E+04   1.2594723E+04   1.2599898E+04
  1.2604729E+04   1.2609906E+04   1.2614737E+04   1.2619913E+04   1.2624837E+04   1.2629732E+04   1.2634891E+04   1.2639705E+04   1.2644862E+04   1.2649677E+04
  1.2654834E+04   1.2659791E+04   1.2664845E+04   1.2669767E+04   1.2674771E+04   1.2679641E+04   1.2684761E+04   1.2689654E+04   1.2694623E+04   1.2699974E+04
  1.2704833E+04   1.2709803E+04   1.2714658E+04   1.2719888E+04   1.2724917E+04   1.2729956E+04   1.2734659E+04   1.2739750E+04   1.2744798E+04   1.2749770E+04
  1.2754767E+04   1.2759793E+04   1.2764885E+04   1.2769981E+04   1.2774791E+04   1.2779690E+04   1.2784895E+04   1.2789638E+04   1.2794744E+04   1.2799852E+04
  1.2804959E+04   1.2809702E+04   1.2814810E+04   1.2819917E+04   1.2824873E+04   1.2829779E+04   1.2834744E+04   1.2839819E+04   1.2844938E+04   1.2849716E+04
  1.2854834E+04   1.2859953E+04   1.2864730E+04   1.2869849E+04   1.2874821E+04   1.2879795E+04   1.2884768E+04   1.2889741E+04   1.2894714E+04   1.2899687E+04
  1.2904660E+04   1.2909817E+04   1.2914812E+04   1.2919807E+04   1.2924801E+04   1.2929796E+04   1.2934790E+04   1.2939784E+04   1.2944779E+04   1.2949773E+04
  1.2954769E+04   1.2959763E+04   1.2964900E+04   1.2969828E+04   1.2974757E+04   1.2979976E+04   1.2984960E+04   1.2989807E+04   1.2994729E+04   1.2999940E+04
  1.3004908E+04   1.3009788E+04   1.3014881E+04   1.3019973E+04   1.3024726E+04   1.3029965E+04   1.3034691E+04   1.3039813E+04   1.3044779E+04   1.3049912E+04
  1.3054704E+04   1.3059837E+04   1.3064709E+04   1.3069893E+04   1.3074771E+04   1.3079942E+04   1.3084937E+04   1.3089767E+04   1.3094894E+04   1.3099679E+04
  1.3104805E+04   1.3109932E+04   1.3114717E+04   1.3119844E+04   1.3124971E+04   1.3129756E+04   1.3134883E+04   1.3139668E+04   1.3144794E+04   1.3149921E+04
  1.3154706E+04   1.3159833E+04   1.3164960E+04   1.3169745E+04   1.3174872E+04   1.3179999E+04   1.3184783E+04   1.3189910E+04   1.3194695E+04   1.3199822E+04
  1.3204949E+04   1.3209734E+04   1.3214861E+04   1.3219988E+04   1.3224772E+04   1.3229899E+04   1.3234685E+04   1.3239812E+04   1.3244938E+04   1.3249724E+04
  1.3254851E+04   1.3259978E+04   1.3264762E+04   1.3269678E+04   1.3274635E+04   1.3279972E+04   1.3284734E+04   1.3289915E+04   1.3294831E+04   1.3299948E+04
  1.3304700E+04   1.3309817E+04   1.3314935E+04   1.3319933E+04   1.3324996E+04   1.3329742E+04   1.3334854E+04   1.3339964E+04   1.3344710E+04   1.3349821E+04
  1.3354858E+04   1.3359786E+04   1.3364965E+04   1.3369691E+04   1.3374956E+04   1.3379893E+04   1.3384828E+04   1.3389765E+04   1.3394700E+04   1.3399966E+04
  1.3404902E+04   1.3409838E+04   1.3414774E+04   1.3419710E+04   1.3424909E+04   1.3429834E+04   1.3434863E+04   1.3439892E+04   1.3444921E+04   1.3449949E+04
  1.3454979E+04   1.3459647E+04   1.3464677E+04   1.3469705E+04   1.3474734E+04   1.3479763E+04   1.3484792E+04   1.3489820E+04   1.3494850E+04   1.3499878E+04
  1.3504906E+04   1.3509936E+04   1.3514964E+04   1.3519993E+04   1.3524778E+04   1.3529722E+04   1.3534989E+04   1.3539831E+04   1.3544995E+04   1.3549836E+04
  1.3554678E+04   1.3559842E+04   1.3564856E+04   1.3569715E+04   1.3574901E+04   1.3579947E+04   1.3584762E+04   1.3589945E+04   1.3594759E+04   1.3599943E+04
  1.3604686E+04   1.3609762E+04   1.3614640E+04   1.3619892E+04   1.3624843E+04   1.3629905E+04   1.3634969E+04   1.3639999E+04   1.3644660E+04   1.3649851E+04
  1.3654746E+04   1.3659927E+04   1.3664763E+04   1.3669944E+04   1.3674732E+04   1.3679938E+04   1.3684662E+04   1.3689750E+04   1.3694838E+04   1.3699926E+04
  1.3704867E+04   1.3709935E+04   1.3714928E+04   1.3719801E+04   1.3724889E+04   1.3729938E+04   1.3734986E+04   1.3739795E+04   1.3744764E+04   1.3749854E+04
  1.3754803E+04   1.3759753E+04   1.3764702E+04   1.3769981E+04   1.3774720E+04   1.3779964E+04   1.3784881E+04   1.3789797E+04   1.3794714E+04   1.3799958E+04
  1.3804874E+04   1.3809791E+04   1.3814707E+04   1.3819951E+04   1.3824634E+04   1.3829834E+04   1.3834861E+04   1.3839754E+04   1.3844972E+04   1.3849960E+04
  1.3854913E+04   1.3859941E+04   1.3864969E+04   1.3869996E+04   1.3874745E+04   1.3879784E+04   1.3884822E+04   1.3889860E+04   1.3894898E+04   1.3899937E+04
  1.3904975E+04   1.3909678E+04   1.3914716E+04   1.3919754E+04   1.3924792E+04   1.3929989E+04   1.3934880E+04   1.3939712E+04   1.3944704E+04   1.3949696E+04
  1.3954688E+04   1.3959681E+04   1.3964673E+04   1.3969703E+04   1.3974974E+04   1.3979819E+04   1.3984665E+04   1.3989944E+04   1.3994684E+04   1.3999979E+04
  1.4004941E+04   1.4009904E+04   1.4014972E+04   1.4019752E+04   1.4024689E+04   1.4029979E+04   1.4034658E+04   1.4040000E+04   1.4044984E+04   1.4049970E+04
  1.4054955E+04   1.4059939E+04   1.4064925E+04   1.4069690E+04   1.4074781E+04   1.4079872E+04   1.4084804E+04   1.4090000E+04   1.4094744E+04   1.4099854E+04
  1.4104963E+04   1.4109707E+04   1.4114816E+04   1.4119926E+04   1.4124670E+04   1.4129779E+04   1.4134719E+04   1.4139885E+04   1.4144880E+04   1.4149779E+04
  1.4154788E+04   1.4159708E+04   1.4164812E+04   1.4169917E+04   1.4174682E+04   1.4179786E+04   1.4184891E+04   1.4189995E+04   1.4194760E+04   1.4199864E+04
  1.4204894E+04   1.4209735E+04   1.4214936E+04   1.4219796E+04   1.4224657E+04   1.4229865E+04   1.4234727E+04   1.4239935E+04   1.4244796E+04   1.4249657E+04
  1.4254865E+04   1.4259727E+04   1.4264935E+04   1.4269873E+04   1.4274674E+04   1.4279923E+04   1.4284821E+04   1.4289720E+04   1.4294968E+04   1.4299866E+04
  1.4304765E+04   1.4309663E+04   1.4314911E+04   1.4319810E+04   1.4324858E+04   1.4329924E+04   1.4334721E+04   1.4339715E+04   1.4344869E+04   1.4349838E+04
  1.4354755E+04   1.4359784E+04   1.4364801E+04   1.4369775E+04   1.4374642E+04   1.4379743E+04   1.4384878E+04   1.4389960E+04   1.4394962E+04   1.4399963E+04
  1.4404928E+04   1.4409931E+04   1.4414730E+04   1.4419964E+04   1.4424896E+04   1.4429830E+04   1.4434823E+04   1.4439882E+04   1.4444670E+04   1.4449825E+04
  1.4454792E+04   1.4459760E+04   1.4464914E+04   1.4469815E+04   1.4474983E+04   1.4479806E+04   1.4484949E+04   1.4489771E+04   1.4494911E+04   1.4499674E+04
  1.4504802E+04   1.4509931E+04   1.4514949E+04   1.4519895E+04   1.4524929E+04   1.4529694E+04   1.4534825E+04   1.4539957E+04   1.4544722E+04   1.4549847E+04
  1.4554819E+04   1.4559988E+04   1.4564884E+04   1.4569969E+04   1.4574755E+04   1.4579854E+04   1.4584952E+04   1.4589720E+04   1.4594946E+04   1.4599834E+04
  1.4604694E+04   1.4609753E+04   1.4614867E+04   1.4619761E+04   1.4624723E+04   1.4629685E+04   1.4634646E+04   1.4639863E+04   1.4644949E+04   1.4649998E+04
  1.4654732E+04   1.4659938E+04   1.4664859E+04   1.4669781E+04   1.4674703E+04   1.4679909E+04   1.4684734E+04   1.4689787E+04   1.4694839E+04   1.4699892E+04
  1.4704944E+04   1.4709697E+04   1.4714979E+04   1.4719910E+04   1.4724842E+04   1.4729772E+04   1.4734703E+04   1.4739986E+04   1.4744917E+04   1.4749848E+04
  1.4754778E+04   1.4759709E+04   1.4764846E+04   1.4769895E+04   1.4774784E+04   1.4779703E+04   1.4784974E+04   1.4789894E+04   1.4794812E+04   1.4799732E+04
  1.4804651E+04   1.4809923E+04   1.4814842E+04   1.4819762E+04   1.4824681E+04   1.4829951E+04   1.4834871E+04   1.4839790E+04   1.4844674E+04   1.4849951E+04
  1.4854910E+04   1.4859869E+04   1.4864890E+04   1.4869779E+04   1.4874727E+04   1.4879854E+04   1.4884855E+04   1.4889856E+04   1.4894670E+04   1.4899932E+04
  1.4904844E+04   1.4909756E+04   1.4914667E+04   1.4919930E+04   1.4924842E+04   1.4929707E+04   1.4934896E+04   1.4939825E+04   1.4944753E+04   1.4949682E+04
  1.4954962E+04   1.4959770E+04   1.4964750E+04   1.4969774E+04   1.4974686E+04   1.4979923E+04   1.4984834E+04   1.4989744E+04   1.4994982E+04   1.4999894E+04
  1.5004804E+04   1.5009844E+04   1.5014982E+04   1.5019717E+04   1.5024991E+04   1.5029936E+04   1.5034880E+04   1.5039824E+04   1.5044769E+04   1.5049713E+04
  1.5054987E+04   1.5059824E+04   1.5064822E+04   1.5069992E+04   1.5074838E+04   1.5079666E+04   1.5084675E+04   1.5089684E+04   1.5094691E+04   1.5099700E+04
  1.5104708E+04   1.5109717E+04   1.5114726E+04   1.5119733E+04   1.5124742E+04   1.5129750E+04   1.5134759E+04   1.5139768E+04   1.5144775E+04   1.5149784E+04
  1.5154792E+04   1.5159801E+04   1.5164810E+04   1.5169817E+04   1.5174826E+04   1.5179834E+04   1.5184843E+04   1.5189851E+04   1.5194859E+04   1.5199868E+04
  1.5204876E+04   1.5209885E+04   1.5214893E+04   1.5219901E+04   1.5224910E+04   1.5229918E+04   1.5234927E+04   1.5239935E+04   1.5244904E+04   1.5249790E+04
  1.5254914E+04   1.5259752E+04   1.5264779E+04   1.5269685E+04   1.5274917E+04   1.5279823E+04   1.5284677E+04   1.5289894E+04   1.5294688E+04   1.5299726E+04
  1.5304765E+04   1.5309884E+04   1.5314994E+04   1.5319799E+04   1.5324946E+04   1.5329751E+04   1.5334898E+04   1.5339702E+04   1.5344851E+04   1.5349998E+04
  1.5354802E+04   1.5359949E+04   1.5364754E+04   1.5369901E+04   1.5374706E+04   1.5379854E+04   1.5384657E+04   1.5389806E+04   1.5394953E+04   1.5399757E+04
  1.5404904E+04   1.5409709E+04   1.5414856E+04   1.5419661E+04   1.5424809E+04   1.5429956E+04   1.5434761E+04   1.5439908E+04   1.5444712E+04   1.5449859E+04
  1.5454664E+04   1.5459991E+04   1.5464808E+04   1.5469924E+04   1.5474739E+04   1.5479856E+04   1.5484973E+04   1.5489740E+04   1.5494746E+04   1.5499985E+04
  1.5504994E+04   1.5509997E+04   1.5514999E+04   1.5519644E+04   1.5524646E+04   1.5529811E+04   1.5534682E+04   1.5539878E+04   1.5544902E+04   1.5549826E+04
  1.5554896E+04   1.5559832E+04   1.5564768E+04   1.5569951E+04   1.5574818E+04   1.5579982E+04   1.5584822E+04   1.5589986E+04   1.5594693E+04   1.5599982E+04
  1.5604963E+04   1.5609704E+04   1.5614783E+04   1.5619862E+04   1.5624986E+04   1.5629929E+04   1.5634870E+04   1.5639957E+04   1.5644743E+04   1.5649678E+04
  1.5654940E+04   1.5659874E+04   1.5664808E+04   1.5669742E+04   1.5674676E+04   1.5679938E+04   1.5684872E+04   1.5689807E+04   1.5694740E+04   1.5699674E+04
  1.5704937E+04   1.5709871E+04   1.5714805E+04   1.5719738E+04   1.5724673E+04   1.5729936E+04   1.5734869E+04   1.5739803E+04   1.5744737E+04   1.5750000E+04
  1.5754934E+04   1.5759921E+04   1.5764775E+04   1.5769728E+04   1.5774679E+04   1.5779961E+04   1.5784913E+04   1.5789998E+04   1.5794829E+04   1.5799660E+04
  1.5804862E+04   1.5809693E+04   1.5814896E+04   1.5819727E+04   1.5824945E+04   1.5829816E+04   1.5834680E+04   1.5839890E+04   1.5844753E+04   1.5849963E+04
  1.5854825E+04   1.5859688E+04   1.5864898E+04   1.5869761E+04   1.5874972E+04   1.5879834E+04   1.5884697E+04   1.5889907E+04   1.5894770E+04   1.5899980E+04
  1.5904843E+04   1.5909706E+04   1.5914916E+04   1.5919778E+04   1.5924989E+04   1.5929852E+04   1.5934715E+04   1.5939925E+04   1.5944787E+04   1.5949998E+04
  1.5954732E+04   1.5959763E+04   1.5964831E+04   1.5969921E+04   1.5974840E+04   1.5979828E+04   1.5984959E+04   1.5989768E+04   1.5994898E+04   1.5999829E+04
  1.6004713E+04   1.6009724E+04   1.6014735E+04   1.6019746E+04   1.6024757E+04   1.6029768E+04   1.6034778E+04   1.6039789E+04   1.6044801E+04   1.6049812E+04
  1.6054822E+04   1.6059833E+04   1.6064758E+04   1.6069994E+04   1.6074768E+04   1.6079964E+04   1.6084876E+04   1.6089998E+04   1.6094779E+04   1.6099976E+04
  1.6104915E+04   1.6109758E+04   1.6114831E+04   1.6119858E+04   1.6124886E+04   1.6129913E+04   1.6134796E+04   1.6139967E+04   1.6144985E+04   1.6149669E+04
  1.6154712E+04   1.6159755E+04   1.6164798E+04   1.6169842E+04   1.6174695E+04   1.6179795E+04   1.6184900E+04   1.6189994E+04   1.6194749E+04   1.6199844E+04
  1.6204938E+04   1.6209692E+04   1.6214787E+04   1.6219881E+04   1.6224976E+04   1.6229729E+04   1.6234824E+04   1.6239919E+04   1.6244673E+04   1.6249768E+04
  1.6254862E+04   1.6259956E+04   1.6264711E+04   1.6269806E+04   1.6274899E+04   1.6279887E+04   1.6284938E+04   1.6289902E+04   1.6294701E+04   1.6299954E+04
  1.6304676E+04   1.6309761E+04   1.6314846E+04   1.6319930E+04   1.6324651E+04   1.6329736E+04   1.6334820E+04   1.6339905E+04   1.6344990E+04   1.6349712E+04
  1.6354926E+04   1.6359789E+04   1.6364745E+04   1.6369848E+04   1.6374950E+04   1.6379887E+04   1.6384672E+04   1.6389648E+04   1.6394648E+04   1.6399648E+04
  1.6404648E+04   1.6409918E+04   1.6414666E+04   1.6419688E+04   1.6424740E+04   1.6429703E+04   1.6434674E+04   1.6439684E+04   1.6444803E+04   1.6449938E+04
  1.6454795E+04   1.6459682E+04   1.6464895E+04   1.6469781E+04   1.6474842E+04   1.6479836E+04   1.6484830E+04   1.6489826E+04   1.6494820E+04   1.6499709E+04
  1.6504715E+04   1.6509850E+04   1.6514982E+04   1.6519707E+04   1.6524744E+04   1.6529771E+04   1.6534873E+04   1.6539975E+04   1.6544807E+04   1.6549910E+04
  1.6554697E+04   1.6559805E+04   1.6564682E+04   1.6569717E+04   1.6574752E+04   1.6579789E+04   1.6584996E+04   1.6589801E+04   1.6594873E+04   1.6599969E+04
  1.6604744E+04   1.6609840E+04   1.6614936E+04   1.6619713E+04   1.6624807E+04   1.6629902E+04   1.6634781E+04   1.6639938E+04   1.6644773E+04   1.6649932E+04
  1.6654766E+04   1.6659924E+04   1.6664975E+04   1.6669926E+04   1.6674795E+04   1.6679826E+04   1.6684906E+04   1.6689965E+04   1.6694934E+04   1.6699822E+04
  1.6704855E+04   1.6709891E+04   1.6714924E+04   1.6719957E+04   1.6724990E+04   1.6729711E+04   1.6734744E+04   1.6739777E+04   1.6744812E+04   1.6749846E+04
  1.6754957E+04   1.6759949E+04   1.6764939E+04   1.6769844E+04   1.6774809E+04   1.6779785E+04   1.6784711E+04   1.6789891E+04   1.6794699E+04   1.6799879E+04
  1.6804920E+04   1.6809773E+04   1.6814951E+04   1.6819805E+04   1.6824980E+04   1.6829834E+04   1.6834689E+04   1.6839865E+04   1.6844719E+04   1.6849896E+04
  1.6854750E+04   1.6859928E+04   1.6864697E+04   1.6869760E+04   1.6874738E+04   1.6879875E+04   1.6884691E+04   1.6889830E+04   1.6894967E+04   1.6899783E+04
  1.6904920E+04   1.6909736E+04   1.6914875E+04   1.6919691E+04   1.6924828E+04   1.6929967E+04   1.6934783E+04   1.6939766E+04   1.6944977E+04   1.6949965E+04
  1.6954953E+04   1.6959943E+04   1.6964932E+04   1.6969920E+04   1.6974910E+04   1.6979898E+04   1.6984889E+04   1.6989877E+04   1.6994865E+04   1.6999855E+04
  1.7004844E+04   1.7009832E+04   1.7014822E+04   1.7019811E+04   1.7024799E+04   1.7029789E+04   1.7034777E+04   1.7039766E+04   1.7044756E+04   1.7049744E+04
  1.7054732E+04   1.7059723E+04   1.7064711E+04   1.7069699E+04   1.7074824E+04   1.7079951E+04   1.7084969E+04   1.7089996E+04   1.7094984E+04   1.7099680E+04
  1.7104752E+04   1.7109822E+04   1.7114893E+04   1.7119963E+04   1.7124697E+04   1.7129768E+04   1.7134838E+04   1.7139908E+04   1.7144980E+04   1.7149713E+04
  1.7154783E+04   1.7159721E+04   1.7164699E+04   1.7169678E+04   1.7174988E+04   1.7179967E+04   1.7184945E+04   1.7189924E+04   1.7194902E+04   1.7199881E+04
  1.7204859E+04   1.7209773E+04   1.7214855E+04   1.7219842E+04   1.7224830E+04   1.7229816E+04   1.7234803E+04   1.7239830E+04   1.7244898E+04   1.7249887E+04
  1.7254877E+04   1.7259865E+04   1.7264855E+04   1.7269844E+04   1.7274834E+04   1.7279822E+04   1.7284812E+04   1.7289801E+04   1.7294934E+04   1.7299781E+04
  1.7304938E+04   1.7309750E+04   1.7314906E+04   1.7319719E+04   1.7324875E+04   1.7329688E+04   1.7334844E+04   1.7339656E+04   1.7344812E+04   1.7349971E+04
  1.7354836E+04   1.7359820E+04   1.7364805E+04   1.7369789E+04   1.7374773E+04   1.7379758E+04   1.7384662E+04   1.7389732E+04   1.7394883E+04   1.7399711E+04
  1.7404666E+04   1.7409861E+04   1.7414695E+04   1.7419852E+04   1.7424688E+04   1.7429844E+04   1.7434756E+04   1.7439719E+04   1.7444973E+04   1.7449779E+04
  1.7454682E+04   1.7459910E+04   1.7464812E+04   1.7469713E+04   1.7474943E+04   1.7479846E+04   1.7484746E+04   1.7489977E+04   1.7494879E+04   1.7499779E+04
  1.7504682E+04   1.7509912E+04   1.7514812E+04   1.7519715E+04   1.7524945E+04   1.7529846E+04   1.7534748E+04   1.7539979E+04   1.7544879E+04   1.7549781E+04
  1.7554684E+04   1.7559912E+04   1.7564814E+04   1.7569717E+04   1.7574945E+04   1.7579848E+04   1.7584750E+04   1.7589979E+04   1.7594881E+04   1.7599783E+04
  1.7604686E+04   1.7609914E+04   1.7614816E+04   1.7619936E+04   1.7624973E+04   1.7629674E+04   1.7634709E+04   1.7639914E+04   1.7644949E+04   1.7649895E+04
  1.7654855E+04   1.7659951E+04   1.7664744E+04   1.7669758E+04   1.7674900E+04   1.7679701E+04   1.7684844E+04   1.7689986E+04   1.7694787E+04   1.7699838E+04
  1.7704830E+04   1.7709779E+04   1.7714844E+04   1.7719732E+04   1.7724830E+04   1.7729713E+04   1.7734766E+04   1.7739703E+04   1.7744773E+04   1.7749805E+04
  1.7754836E+04   1.7759865E+04   1.7764850E+04   1.7769764E+04   1.7774861E+04   1.7779838E+04   1.7784838E+04   1.7789760E+04   1.7794684E+04   1.7799959E+04
  1.7804881E+04   1.7809805E+04   1.7814729E+04   1.7819820E+04   1.7824715E+04   1.7829916E+04   1.7834811E+04   1.7839834E+04   1.7844699E+04   1.7849926E+04
  1.7854893E+04   1.7859857E+04   1.7864822E+04   1.7869789E+04   1.7874754E+04   1.7879721E+04   1.7884701E+04   1.7889830E+04   1.7894807E+04   1.7899930E+04
  1.7904986E+04   1.7909684E+04   1.7914891E+04   1.7919943E+04   1.7924877E+04   1.7929900E+04   1.7934902E+04   1.7939916E+04   1.7944934E+04   1.7949674E+04
  1.7954752E+04   1.7959830E+04   1.7964912E+04   1.7969803E+04   1.7974693E+04   1.7979910E+04   1.7984801E+04   1.7989691E+04   1.7994908E+04   1.7999799E+04
  1.8004689E+04   1.8009906E+04   1.8014797E+04   1.8019688E+04   1.8024904E+04   1.8029795E+04   1.8034686E+04   1.8039744E+04   1.8044711E+04   1.8049973E+04
  1.8054904E+04   1.8059836E+04   1.8064770E+04   1.8069701E+04   1.8074963E+04   1.8079896E+04   1.8084828E+04   1.8089762E+04   1.8094734E+04   1.8099900E+04
  1.8104770E+04   1.8109752E+04   1.8114732E+04   1.8119715E+04   1.8124695E+04   1.8129676E+04   1.8134990E+04   1.8139971E+04   1.8144953E+04   1.8149934E+04
  1.8154914E+04   1.8159896E+04   1.8164877E+04   1.8169857E+04   1.8174840E+04   1.8179820E+04   1.8184803E+04   1.8189783E+04   1.8194764E+04   1.8199746E+04
  1.8204727E+04   1.8209709E+04   1.8214689E+04   1.8219670E+04   1.8224984E+04   1.8229965E+04   1.8234945E+04   1.8239928E+04   1.8244977E+04   1.8249871E+04
  1.8254766E+04   1.8259945E+04   1.8264830E+04   1.8269715E+04   1.8274926E+04   1.8279811E+04   1.8284695E+04   1.8289906E+04   1.8294791E+04   1.8299922E+04
  1.8304938E+04   1.8309865E+04   1.8314793E+04   1.8319721E+04   1.8324977E+04   1.8329904E+04   1.8334832E+04   1.8339758E+04   1.8344686E+04   1.8349941E+04
  1.8354869E+04   1.8359797E+04   1.8364725E+04   1.8369980E+04   1.8374908E+04   1.8379836E+04   1.8384764E+04   1.8389689E+04   1.8394945E+04   1.8399873E+04
  1.8404801E+04   1.8409729E+04   1.8414984E+04   1.8419912E+04   1.8424840E+04   1.8429768E+04   1.8434695E+04   1.8439973E+04   1.8444850E+04   1.8449727E+04
  1.8454930E+04   1.8459805E+04   1.8464932E+04   1.8469807E+04   1.8474707E+04   1.8479914E+04   1.8484893E+04   1.8489803E+04   1.8494889E+04   1.8499676E+04
  1.8504803E+04   1.8509932E+04   1.8514979E+04   1.8519885E+04   1.8524791E+04   1.8529697E+04   1.8534910E+04   1.8539816E+04   1.8544723E+04   1.8549936E+04
  1.8554887E+04   1.8559789E+04   1.8564887E+04   1.8569816E+04   1.8574881E+04   1.8579756E+04   1.8584715E+04   1.8589982E+04   1.8594941E+04   1.8599900E+04
  1.8604857E+04   1.8609816E+04   1.8614754E+04   1.8619836E+04   1.8624898E+04   1.8629961E+04   1.8634934E+04   1.8639912E+04   1.8644891E+04   1.8649816E+04
  1.8654791E+04   1.8659768E+04   1.8664744E+04   1.8669738E+04   1.8674883E+04   1.8679900E+04   1.8684918E+04   1.8689936E+04   1.8694953E+04   1.8699971E+04
  1.8704988E+04   1.8709998E+04   1.8714982E+04   1.8719969E+04   1.8724957E+04   1.8729943E+04   1.8734930E+04   1.8739916E+04   1.8744902E+04   1.8749889E+04
  1.8754725E+04   1.8759695E+04   1.8764734E+04   1.8769943E+04   1.8774703E+04   1.8779709E+04   1.8784678E+04   1.8789941E+04   1.8794982E+04   1.8799861E+04
  1.8804998E+04   1.8809736E+04   1.8814740E+04   1.8819787E+04   1.8824887E+04   1.8829996E+04   1.8834787E+04   1.8839725E+04   1.8844729E+04   1.8849818E+04
  1.8854723E+04   1.8859910E+04   1.8864752E+04   1.8869939E+04   1.8874902E+04   1.8879924E+04   1.8884943E+04   1.8889963E+04   1.8894982E+04   1.8899703E+04
  1.8904957E+04   1.8909811E+04   1.8914832E+04   1.8919854E+04   1.8924873E+04   1.8929895E+04   1.8934916E+04   1.8939938E+04   1.8944959E+04   1.8949980E+04
  1.8954881E+04   1.8959840E+04   1.8964904E+04   1.8969971E+04   1.8974721E+04   1.8979721E+04   1.8984846E+04   1.8989824E+04   1.8994988E+04   1.8999754E+04
  1.9004729E+04   1.9009824E+04   1.9014920E+04   1.9019744E+04   1.9024988E+04   1.9029717E+04   1.9034953E+04   1.9039840E+04   1.9044729E+04   1.9049965E+04
  1.9054852E+04   1.9059738E+04   1.9064975E+04   1.9069791E+04   1.9074906E+04   1.9079979E+04   1.9084689E+04   1.9089941E+04   1.9094947E+04   1.9099951E+04
  1.9104955E+04   1.9109961E+04   1.9114805E+04   1.9119670E+04   1.9124883E+04   1.9129750E+04   1.9134963E+04   1.9139830E+04   1.9144695E+04   1.9149908E+04
  1.9154725E+04   1.9159709E+04   1.9164691E+04   1.9169936E+04   1.9174963E+04   1.9179787E+04   1.9184990E+04   1.9189867E+04   1.9194941E+04   1.9199748E+04
  1.9204836E+04   1.9209844E+04   1.9214893E+04   1.9219771E+04   1.9224781E+04   1.9229719E+04   1.9234877E+04   1.9239900E+04   1.9244926E+04   1.9249951E+04
  1.9254975E+04   1.9260000E+04   1.9264941E+04   1.9269928E+04   1.9274939E+04   1.9279854E+04   1.9284768E+04   1.9289781E+04   1.9294971E+04   1.9299871E+04
  1.9304773E+04   1.9309707E+04   1.9314783E+04   1.9319770E+04   1.9324990E+04   1.9329885E+04   1.9334779E+04   1.9340000E+04   1.9344908E+04   1.9349967E+04
  1.9354840E+04   1.9359732E+04   1.9364742E+04   1.9369996E+04   1.9374822E+04   1.9379949E+04   1.9384775E+04   1.9389902E+04   1.9394729E+04   1.9399855E+04
  1.9404906E+04   1.9409703E+04   1.9414869E+04   1.9419990E+04   1.9424875E+04   1.9429760E+04   1.9434969E+04   1.9439750E+04   1.9444951E+04   1.9449934E+04
  1.9454916E+04   1.9459896E+04   1.9464879E+04   1.9469861E+04   1.9474844E+04   1.9479826E+04   1.9484809E+04   1.9489791E+04   1.9494771E+04   1.9499754E+04
  1.9504736E+04   1.9509719E+04   1.9514701E+04   1.9519684E+04   1.9524998E+04   1.9529979E+04   1.9534961E+04   1.9539943E+04   1.9544926E+04   1.9549908E+04
  1.9554891E+04   1.9559873E+04   1.9564854E+04   1.9569969E+04   1.9574738E+04   1.9579826E+04   1.9584914E+04   1.9589818E+04   1.9594859E+04   1.9599822E+04
  1.9604953E+04   1.9609850E+04   1.9614840E+04   1.9619828E+04   1.9624818E+04   1.9629809E+04   1.9634799E+04   1.9639789E+04   1.9644779E+04   1.9649766E+04
  1.9654785E+04   1.9659754E+04   1.9664916E+04   1.9669775E+04   1.9674984E+04   1.9679717E+04   1.9684789E+04   1.9689859E+04   1.9694932E+04   1.9699664E+04
  1.9704734E+04   1.9709963E+04   1.9714879E+04   1.9719959E+04   1.9724982E+04   1.9729672E+04   1.9734693E+04   1.9739717E+04   1.9744740E+04   1.9749764E+04
  1.9754785E+04   1.9759809E+04   1.9764832E+04   1.9769854E+04   1.9774877E+04   1.9779900E+04   1.9784924E+04   1.9789945E+04   1.9794969E+04   1.9799992E+04
  1.9804936E+04   1.9809734E+04   1.9814803E+04   1.9819818E+04   1.9824879E+04   1.9829961E+04   1.9834705E+04   1.9839789E+04   1.9844871E+04   1.9849955E+04
  1.9854869E+04   1.9859850E+04   1.9864996E+04   1.9869842E+04   1.9874936E+04   1.9879861E+04   1.9884854E+04   1.9889977E+04   1.9894924E+04   1.9899855E+04
  1.9904906E+04   1.9909959E+04   1.9914695E+04   1.9919748E+04   1.9924799E+04   1.9929729E+04   1.9934857E+04   1.9939762E+04   1.9944791E+04   1.9949924E+04
  1.9954805E+04   1.9959686E+04   1.9964893E+04   1.9969773E+04   1.9974742E+04   1.9979947E+04   1.9984898E+04   1.9989846E+04   1.9994842E+04   1.9999719E+04
  2.0004941E+04   2.0009828E+04   2.0014879E+04   2.0019758E+04   2.0024963E+04   2.0029844E+04   2.0034723E+04   2.0039928E+04   2.0044809E+04   2.0049688E+04
  2.0054893E+04   2.0059773E+04   2.0064762E+04   2.0069965E+04   2.0074879E+04   2.0079883E+04   2.0084721E+04   2.0089883E+04   2.0094771E+04   2.0099707E+04
  2.0104879E+04   2.0109963E+04   2.0114865E+04   2.0119906E+04   2.0124947E+04   2.0129988E+04   2.0134740E+04   2.0139879E+04   2.0144939E+04   2.0149664E+04
  2.0154938E+04   2.0159822E+04   2.0164994E+04   2.0169879E+04   2.0174873E+04   2.0179949E+04   2.0184686E+04   2.0189758E+04   2.0194832E+04   2.0199799E+04
  2.0204883E+04   2.0209996E+04   2.0214811E+04   2.0219924E+04   2.0224736E+04   2.0229828E+04   2.0234848E+04   2.0239951E+04   2.0244807E+04   2.0249781E+04
  2.0254820E+04   2.0259785E+04   2.0264703E+04   2.0269928E+04   2.0274844E+04   2.0279762E+04   2.0284984E+04   2.0289902E+04   2.0294818E+04   2.0299736E+04
  2.0304904E+04   2.0309686E+04   2.0314723E+04   2.0319969E+04   2.0324906E+04   2.0329844E+04   2.0334781E+04   2.0339672E+04   2.0344838E+04   2.0349660E+04
  2.0354826E+04   2.0359992E+04   2.0364812E+04   2.0369746E+04   2.0374938E+04   2.0379826E+04   2.0384713E+04   2.0389984E+04   2.0394785E+04   2.0399932E+04
  2.0404787E+04   2.0409994E+04   2.0414855E+04   2.0419760E+04   2.0424775E+04   2.0429791E+04   2.0434809E+04   2.0439824E+04   2.0444840E+04   2.0449855E+04
  2.0454871E+04   2.0459889E+04   2.0464904E+04   2.0469920E+04   2.0474936E+04   2.0479951E+04   2.0484969E+04   2.0489984E+04   2.0494688E+04   2.0499703E+04
  2.0504719E+04   2.0509734E+04   2.0514750E+04   2.0519768E+04   2.0524896E+04   2.0529820E+04   2.0534951E+04   2.0539982E+04   2.0544699E+04   2.0549799E+04
  2.0554949E+04   2.0559777E+04   2.0564928E+04   2.0569758E+04   2.0574967E+04   2.0579871E+04   2.0584674E+04   2.0589854E+04   2.0594689E+04   2.0599869E+04
  2.0604947E+04   2.0609934E+04   2.0614920E+04   2.0619908E+04   2.0624895E+04   2.0629881E+04   2.0634725E+04   2.0639738E+04   2.0644986E+04   2.0649924E+04
  2.0654861E+04   2.0659801E+04   2.0664738E+04   2.0669984E+04   2.0674713E+04   2.0679783E+04   2.0684855E+04   2.0689928E+04   2.0694998E+04   2.0699754E+04
  2.0704824E+04   2.0709896E+04   2.0714969E+04   2.0719723E+04   2.0724795E+04   2.0729865E+04   2.0734938E+04   2.0739904E+04   2.0744779E+04   2.0749736E+04
  2.0754986E+04   2.0759990E+04   2.0764828E+04   2.0769668E+04   2.0774852E+04   2.0779689E+04   2.0784963E+04   2.0789812E+04   2.0794863E+04   2.0799748E+04
  2.0804789E+04   2.0809857E+04   2.0814928E+04   2.0819998E+04   2.0824721E+04   2.0829900E+04   2.0834744E+04   2.0839734E+04   2.0844723E+04   2.0849713E+04
  2.0854703E+04   2.0859693E+04   2.0864965E+04   2.0869838E+04   2.0874953E+04   2.0879852E+04   2.0884875E+04   2.0889896E+04   2.0894846E+04   2.0899949E+04
  2.0904965E+04   2.0909771E+04   2.0914754E+04   2.0919869E+04   2.0924723E+04   2.0929836E+04   2.0934947E+04   2.0939721E+04   2.0944834E+04   2.0949945E+04
  2.0954719E+04   2.0959957E+04   2.0964734E+04   2.0969854E+04   2.0974971E+04   2.0979748E+04   2.0984865E+04   2.0989984E+04   2.0994762E+04   2.0999748E+04
  2.1004986E+04   2.1009916E+04   2.1014846E+04   2.1019775E+04   2.1024953E+04   2.1029992E+04   2.1034947E+04   2.1039879E+04   2.1044998E+04   2.1049797E+04
  2.1054918E+04   2.1059717E+04   2.1064838E+04   2.1069957E+04   2.1074758E+04   2.1079877E+04   2.1084996E+04   2.1089797E+04   2.1094916E+04   2.1099906E+04
  2.1104799E+04   2.1109830E+04   2.1114723E+04   2.1119939E+04   2.1124832E+04   2.1129723E+04   2.1134939E+04   2.1139812E+04   2.1144785E+04   2.1149744E+04
  2.1154680E+04   2.1159951E+04   2.1164895E+04   2.1169838E+04   2.1174779E+04   2.1179723E+04   2.1184994E+04   2.1189938E+04   2.1194881E+04   2.1199822E+04
  2.1204766E+04   2.1209709E+04   2.1214980E+04   2.1219924E+04   2.1224865E+04   2.1229809E+04   2.1234986E+04   2.1239953E+04   2.1244943E+04   2.1249934E+04
  2.1254924E+04   2.1259916E+04   2.1264906E+04   2.1269814E+04   2.1274850E+04   2.1279842E+04   2.1284855E+04   2.1289869E+04   2.1294881E+04   2.1299895E+04
  2.1304908E+04   2.1309920E+04   2.1314934E+04   2.1319947E+04   2.1324906E+04   2.1329824E+04   2.1334742E+04   2.1339986E+04   2.1344904E+04   2.1349820E+04
  2.1354738E+04   2.1359865E+04   2.1364771E+04   2.1369984E+04   2.1374893E+04   2.1379799E+04   2.1384986E+04   2.1389777E+04   2.1394750E+04   2.1399969E+04
  2.1404973E+04   2.1409750E+04   2.1414869E+04   2.1419986E+04   2.1424764E+04   2.1429994E+04   2.1434846E+04   2.1439975E+04   2.1444982E+04   2.1449990E+04
  2.1454998E+04   2.1459693E+04   2.1464941E+04   2.1469996E+04   2.1474691E+04   2.1479746E+04   2.1484801E+04   2.1489875E+04   2.1494789E+04   2.1499857E+04
  2.1504928E+04   2.1509783E+04   2.1514852E+04   2.1519939E+04   2.1524689E+04   2.1529896E+04   2.1534816E+04   2.1539738E+04   2.1544967E+04   2.1549936E+04
  2.1554793E+04   2.1559996E+04   2.1564967E+04   2.1569898E+04   2.1574830E+04   2.1579762E+04   2.1584693E+04   2.1589934E+04   2.1594865E+04   2.1599795E+04
  2.1604727E+04   2.1609883E+04   2.1614971E+04   2.1619742E+04   2.1624764E+04   2.1629990E+04   2.1634986E+04   2.1639848E+04   2.1644951E+04   2.1649754E+04
  2.1654688E+04   2.1659918E+04   2.1664926E+04   2.1669795E+04   2.1674988E+04   2.1679857E+04   2.1684727E+04   2.1689889E+04   2.1694877E+04   2.1699662E+04
  2.1704787E+04   2.1709914E+04   2.1714699E+04   2.1719826E+04   2.1724953E+04   2.1729738E+04   2.1734863E+04   2.1739990E+04   2.1744924E+04   2.1749877E+04
  2.1754766E+04   2.1759652E+04   2.1764721E+04   2.1769924E+04   2.1774820E+04   2.1779719E+04   2.1784922E+04   2.1789818E+04   2.1794717E+04   2.1799920E+04
  2.1804963E+04   2.1809871E+04   2.1814754E+04   2.1819826E+04   2.1824670E+04   2.1829914E+04   2.1834865E+04   2.1839816E+04   2.1844799E+04   2.1849992E+04
  2.1854812E+04   2.1859756E+04   2.1864701E+04   2.1869953E+04   2.1874898E+04   2.1879926E+04   2.1884818E+04   2.1889920E+04   2.1894928E+04   2.1899936E+04
  2.1904725E+04   2.1909783E+04   2.1914742E+04   2.1919701E+04   2.1924971E+04   2.1929930E+04   2.1934889E+04   2.1939764E+04   2.1944723E+04   2.1949902E+04
  2.1954781E+04   2.1959975E+04   2.1964863E+04   2.1969752E+04   2.1974686E+04   2.1979871E+04   2.1984729E+04   2.1989855E+04   2.1994982E+04   2.1999768E+04
  2.2004895E+04   2.2009678E+04   2.2014764E+04   2.2019936E+04   2.2024715E+04   2.2029857E+04   2.2035000E+04   2.2039871E+04   2.2044990E+04   2.2049721E+04
  2.2054924E+04   2.2059838E+04   2.2064752E+04   2.2069705E+04   2.2074873E+04   2.2079695E+04   2.2084865E+04   2.2089906E+04   2.2094920E+04   2.2099848E+04
  2.2104729E+04   2.2109654E+04   2.2114953E+04   2.2119836E+04   2.2124934E+04   2.2129713E+04   2.2134811E+04   2.2139908E+04   2.2144688E+04   2.2149785E+04
  2.2154891E+04   2.2159787E+04   2.2164682E+04   2.2169902E+04   2.2174799E+04   2.2179693E+04   2.2184914E+04   2.2189811E+04   2.2194705E+04   2.2199869E+04
  2.2204781E+04   2.2209709E+04   2.2214777E+04   2.2219873E+04   2.2224869E+04   2.2229867E+04   2.2234865E+04   2.2239979E+04   2.2244691E+04   2.2249945E+04
  2.2254693E+04   2.2259814E+04   2.2264752E+04   2.2269689E+04   2.2274979E+04   2.2279953E+04   2.2284715E+04   2.2289797E+04   2.2294877E+04   2.2299957E+04
  2.2304775E+04   2.2309914E+04   2.2314965E+04   2.2319865E+04   2.2324768E+04   2.2329668E+04   2.2334920E+04   2.2339820E+04   2.2344918E+04   2.2349900E+04
  2.2354881E+04   2.2359910E+04   2.2364779E+04   2.2369994E+04   2.2374861E+04   2.2379895E+04   2.2384928E+04   2.2389959E+04   2.2394992E+04   2.2399689E+04
  2.2404723E+04   2.2409756E+04   2.2414768E+04   2.2419885E+04   2.2424971E+04   2.2429947E+04   2.2434855E+04   2.2439896E+04   2.2444938E+04   2.2449979E+04
  2.2454703E+04   2.2459744E+04   2.2464785E+04   2.2469865E+04   2.2474754E+04   2.2479795E+04   2.2484836E+04   2.2489969E+04   2.2494816E+04   2.2499707E+04
  2.2504867E+04   2.2509705E+04   2.2514867E+04   2.2519705E+04   2.2524928E+04   2.2529939E+04   2.2534744E+04   2.2539871E+04   2.2544998E+04   2.2549805E+04
  2.2554932E+04   2.2559738E+04   2.2564865E+04   2.2569992E+04   2.2574797E+04   2.2579924E+04   2.2584979E+04   2.2589672E+04   2.2594707E+04   2.2599742E+04
  2.2604777E+04   2.2609734E+04   2.2614900E+04   2.2619920E+04   2.2624939E+04   2.2629959E+04   2.2634979E+04   2.2639998E+04   2.2644826E+04   2.2649924E+04
  2.2654869E+04   2.2659756E+04   2.2664932E+04   2.2669908E+04   2.2674818E+04   2.2679949E+04   2.2684777E+04   2.2689906E+04   2.2694734E+04   2.2699865E+04
  2.2704738E+04   2.2709674E+04   2.2714965E+04   2.2719732E+04   2.2724828E+04   2.2729924E+04   2.2734699E+04   2.2739795E+04   2.2744891E+04   2.2749986E+04
  2.2754764E+04   2.2759859E+04   2.2764955E+04   2.2769730E+04   2.2774826E+04   2.2779945E+04   2.2784855E+04   2.2789760E+04   2.2794691E+04   2.2799951E+04
  2.2804883E+04   2.2809834E+04   2.2814797E+04   2.2819783E+04   2.2824770E+04   2.2829758E+04   2.2834744E+04   2.2839730E+04   2.2844717E+04   2.2849852E+04
  2.2854986E+04   2.2859961E+04   2.2864824E+04   2.2869725E+04   2.2874949E+04   2.2879850E+04   2.2884750E+04   2.2889883E+04   2.2894924E+04   2.2899715E+04
  2.2904990E+04   2.2909867E+04   2.2914744E+04   2.2919926E+04   2.2924803E+04   2.2929982E+04   2.2934859E+04   2.2939736E+04   2.2944795E+04   2.2949980E+04
  2.2954906E+04   2.2959801E+04   2.2964922E+04   2.2969910E+04   2.2974709E+04   2.2979939E+04   2.2984963E+04   2.2989949E+04   2.2994961E+04   2.2999973E+04
  2.3004982E+04   2.3009994E+04   2.3014693E+04   2.3019705E+04   2.3024715E+04   2.3029727E+04   2.3034738E+04   2.3039750E+04   2.3044762E+04   2.3049820E+04
  2.3054756E+04   2.3059760E+04   2.3064873E+04   2.3069664E+04   2.3074762E+04   2.3079896E+04   2.3084764E+04   2.3089994E+04   2.3094713E+04   2.3099768E+04
  2.3104912E+04   2.3109812E+04   2.3114986E+04   2.3119727E+04   2.3124754E+04   2.3129781E+04   2.3134723E+04   2.3139955E+04   2.3144768E+04   2.3149883E+04
  2.3154797E+04   2.3159795E+04   2.3164951E+04   2.3169785E+04   2.3174943E+04   2.3179777E+04   2.3184869E+04   2.3189676E+04   2.3194975E+04   2.3199943E+04
  2.3204912E+04   2.3209881E+04   2.3214850E+04   2.3219816E+04   2.3224785E+04   2.3229754E+04   2.3234723E+04   2.3239691E+04   2.3244990E+04   2.3249959E+04
  2.3254730E+04   2.3259707E+04   2.3264744E+04   2.3269916E+04   2.3274760E+04   2.3279906E+04   2.3284750E+04   2.3289896E+04   2.3294742E+04   2.3299889E+04
  2.3304732E+04   2.3309879E+04   2.3314723E+04   2.3319840E+04   2.3324910E+04   2.3329975E+04   2.3334695E+04   2.3339898E+04   2.3344875E+04   2.3349725E+04
  2.3354717E+04   2.3359709E+04   2.3364996E+04   2.3369732E+04   2.3374889E+04   2.3379734E+04   2.3384789E+04   2.3389912E+04   2.3394715E+04   2.3399840E+04
  2.3404963E+04   2.3409887E+04   2.3414703E+04   2.3419799E+04   2.3424896E+04   2.3429992E+04   2.3434770E+04   2.3439924E+04   2.3444844E+04   2.3449852E+04
  2.3454963E+04   2.3459730E+04   2.3464857E+04   2.3469869E+04   2.3474883E+04   2.3479895E+04   2.3484906E+04   2.3489920E+04   2.3494932E+04   2.3499943E+04
  2.3504957E+04   2.3509969E+04   2.3514980E+04   2.3519994E+04   2.3524928E+04   2.3529764E+04   2.3534885E+04   2.3539992E+04   2.3544781E+04   2.3549887E+04
  2.3554994E+04   2.3559783E+04   2.3564891E+04   2.3569998E+04   2.3574951E+04   2.3579896E+04   2.3584965E+04   2.3589742E+04   2.3594891E+04   2.3599867E+04
  2.3604842E+04   2.3609818E+04   2.3614795E+04   2.3619951E+04   2.3624775E+04   2.3629900E+04   2.3634887E+04   2.3639766E+04   2.3644893E+04   2.3649729E+04
  2.3654875E+04   2.3659721E+04   2.3664697E+04   2.3669820E+04   2.3674721E+04   2.3679828E+04   2.3684961E+04   2.3689732E+04   2.3694936E+04   2.3699830E+04
  2.3704727E+04   2.3709930E+04   2.3714826E+04   2.3719721E+04   2.3724924E+04   2.3729820E+04   2.3734717E+04   2.3739918E+04   2.3744814E+04   2.3749996E+04
  2.3754867E+04   2.3759982E+04   2.3764986E+04   2.3769859E+04   2.3774816E+04   2.3779947E+04   2.3784781E+04   2.3789969E+04   2.3794852E+04   2.3799959E+04
  2.3804973E+04   2.3809998E+04   2.3814914E+04   2.3819830E+04   2.3824746E+04   2.3829830E+04   2.3834744E+04   2.3839854E+04   2.3844963E+04   2.3849732E+04
  2.3854947E+04   2.3859781E+04   2.3864943E+04   2.3869760E+04   2.3874920E+04   2.3879738E+04   2.3884898E+04   2.3889715E+04   2.3894877E+04   2.3899693E+04
  2.3904904E+04   2.3909887E+04   2.3914709E+04   2.3919863E+04   2.3924898E+04   2.3929895E+04   2.3934838E+04   2.3939781E+04   2.3944723E+04   2.3949996E+04
  2.3954939E+04   2.3959881E+04   2.3964824E+04   2.3969768E+04   2.3974711E+04   2.3979982E+04   2.3984926E+04   2.3989869E+04   2.3994812E+04   2.3999754E+04
  2.4004697E+04   2.4009971E+04   2.4014938E+04   2.4019715E+04   2.4024959E+04   2.4029875E+04   2.4034791E+04   2.4039996E+04   2.4044902E+04   2.4049834E+04
  2.4054740E+04   2.4059973E+04   2.4064990E+04   2.4069986E+04   2.4074982E+04   2.4079979E+04   2.4084975E+04   2.4089840E+04   2.4094980E+04   2.4099779E+04
  2.4104920E+04   2.4109961E+04   2.4114896E+04   2.4119848E+04   2.4124715E+04   2.4129777E+04   2.4134775E+04   2.4139916E+04   2.4144881E+04   2.4149682E+04
  2.4154973E+04   2.4159850E+04   2.4164934E+04   2.4169684E+04   2.4174771E+04   2.4179861E+04   2.4184949E+04   2.4189699E+04   2.4194787E+04   2.4199877E+04
  2.4204965E+04   2.4209715E+04   2.4214760E+04   2.4219729E+04   2.4224699E+04   2.4229836E+04   2.4234703E+04   2.4239715E+04   2.4244729E+04   2.4249908E+04
  2.4254857E+04   2.4259859E+04   2.4264859E+04   2.4269988E+04   2.4274863E+04   2.4279834E+04   2.4284830E+04   2.4289824E+04   2.4294818E+04   2.4299812E+04
  2.4304809E+04   2.4309885E+04   2.4314740E+04   2.4319873E+04   2.4324906E+04   2.4329941E+04   2.4334975E+04   2.4339695E+04   2.4344729E+04   2.4349764E+04
  2.4354797E+04   2.4359832E+04   2.4364865E+04   2.4369900E+04   2.4374863E+04   2.4379949E+04   2.4384951E+04   2.4389900E+04   2.4394848E+04   2.4399797E+04
  2.4404744E+04   2.4409693E+04   2.4414951E+04   2.4419898E+04   2.4424848E+04   2.4429795E+04   2.4434744E+04   2.4439691E+04   2.4444949E+04   2.4449898E+04
  2.4454846E+04   2.4459795E+04   2.4464992E+04   2.4469707E+04   2.4474738E+04   2.4479768E+04   2.4484799E+04   2.4489828E+04   2.4494891E+04   2.4499850E+04
  2.4504914E+04   2.4509943E+04   2.4514820E+04   2.4519723E+04   2.4524895E+04   2.4529953E+04   2.4534945E+04   2.4539939E+04   2.4544932E+04   2.4549924E+04
  2.4554918E+04   2.4559910E+04   2.4564902E+04   2.4569896E+04   2.4574889E+04   2.4579881E+04   2.4584875E+04   2.4589867E+04   2.4594859E+04   2.4599852E+04
  2.4604846E+04   2.4609838E+04   2.4614830E+04   2.4619824E+04   2.4624816E+04   2.4629809E+04   2.4634803E+04   2.4639795E+04   2.4644787E+04   2.4649781E+04
  2.4654773E+04   2.4659766E+04   2.4664758E+04   2.4669752E+04   2.4674744E+04   2.4679736E+04   2.4684730E+04   2.4689723E+04   2.4694715E+04   2.4699709E+04
  2.4704738E+04   2.4709779E+04   2.4714820E+04   2.4719863E+04   2.4724904E+04   2.4729945E+04   2.4734738E+04   2.4739834E+04   2.4744975E+04   2.4749758E+04
  2.4754883E+04   2.4759738E+04   2.4764787E+04   2.4769838E+04   2.4774836E+04   2.4779730E+04   2.4784955E+04   2.4789854E+04   2.4794752E+04   2.4799979E+04
  2.4804877E+04   2.4809775E+04   2.4814963E+04   2.4819893E+04   2.4824686E+04   2.4829838E+04   2.4834893E+04   2.4839697E+04   2.4844672E+04   2.4849850E+04
  2.4854939E+04   2.4859781E+04   2.4864945E+04   2.4869787E+04   2.4874951E+04   2.4879791E+04   2.4884955E+04   2.4889797E+04   2.4894961E+04   2.4899822E+04
  2.4904705E+04   2.4909715E+04   2.4914725E+04   2.4919795E+04   2.4924918E+04   2.4929846E+04   2.4934773E+04   2.4939701E+04   2.4944938E+04   2.4949865E+04
  2.4954809E+04   2.4959959E+04   2.4964955E+04   2.4969750E+04   2.4974713E+04   2.4979914E+04   2.4984826E+04   2.4989975E+04   2.4994787E+04   2.4999943E+04
  2.5004756E+04   2.5009961E+04   2.5014701E+04   2.5019779E+04   2.5024859E+04   2.5029939E+04   2.5034680E+04   2.5039758E+04   2.5044744E+04   2.5049969E+04
  2.5054887E+04   2.5059805E+04   2.5064723E+04   2.5069947E+04   2.5074865E+04   2.5079783E+04   2.5084699E+04   2.5089748E+04   2.5094805E+04   2.5099979E+04
  2.5104850E+04   2.5109994E+04   2.5114789E+04   2.5119928E+04   2.5124986E+04   2.5129754E+04   2.5134928E+04   2.5139895E+04   2.5144861E+04   2.5149828E+04
  2.5154795E+04   2.5159762E+04   2.5164730E+04   2.5169697E+04   2.5174994E+04   2.5179963E+04   2.5184930E+04   2.5189715E+04   2.5194773E+04   2.5199771E+04
  2.5204770E+04   2.5209768E+04   2.5214766E+04   2.5219764E+04   2.5224762E+04   2.5229736E+04   2.5234861E+04   2.5239986E+04   2.5244791E+04   2.5249914E+04
  2.5254719E+04   2.5259844E+04   2.5264969E+04   2.5269773E+04   2.5274693E+04   2.5279773E+04   2.5284857E+04   2.5289941E+04   2.5294871E+04   2.5299934E+04
  2.5304963E+04   2.5309771E+04   2.5314842E+04   2.5319910E+04   2.5324697E+04   2.5329863E+04   2.5334869E+04   2.5339770E+04   2.5344811E+04   2.5349854E+04
  2.5354750E+04   2.5359768E+04   2.5364953E+04   2.5369781E+04   2.5374904E+04   2.5379787E+04   2.5384832E+04   2.5389727E+04   2.5394926E+04   2.5399799E+04
  2.5404998E+04   2.5409873E+04   2.5414746E+04   2.5419725E+04   2.5424715E+04   2.5429959E+04   2.5434789E+04   2.5439713E+04   2.5444791E+04   2.5449854E+04
  2.5454914E+04   2.5459865E+04   2.5464990E+04   2.5469773E+04   2.5474898E+04   2.5479809E+04   2.5484830E+04   2.5489713E+04   2.5494695E+04   2.5499967E+04
  2.5504869E+04   2.5509730E+04   2.5514971E+04   2.5519754E+04   2.5524854E+04   2.5529955E+04   2.5534736E+04   2.5539838E+04   2.5544938E+04   2.5549721E+04
  2.5554820E+04   2.5559826E+04   2.5564777E+04   2.5569814E+04   2.5574709E+04   2.5579758E+04   2.5584807E+04   2.5589855E+04   2.5594904E+04   2.5599953E+04
  2.5604686E+04   2.5609734E+04   2.5614783E+04   2.5619834E+04   2.5624723E+04   2.5629996E+04   2.5634898E+04   2.5639932E+04   2.5644965E+04   2.5649998E+04
  2.5654717E+04   2.5659750E+04   2.5664783E+04   2.5669688E+04   2.5674732E+04   2.5679824E+04   2.5684871E+04   2.5689846E+04   2.5694725E+04   2.5699918E+04
  2.5704727E+04   2.5709775E+04   2.5714896E+04   2.5719750E+04   2.5724816E+04   2.5729885E+04   2.5734951E+04   2.5739680E+04   2.5744785E+04   2.5749891E+04
  2.5754998E+04   2.5759775E+04   2.5764920E+04   2.5769979E+04   2.5774920E+04   2.5779889E+04   2.5784857E+04   2.5789826E+04   2.5794793E+04   2.5799762E+04
  2.5804922E+04   2.5809852E+04   2.5814781E+04   2.5819711E+04   2.5824969E+04   2.5829898E+04   2.5834830E+04   2.5839760E+04   2.5844689E+04   2.5849947E+04
  2.5854877E+04   2.5859807E+04   2.5864736E+04   2.5869996E+04   2.5874926E+04   2.5879855E+04   2.5884785E+04   2.5889715E+04   2.5894973E+04   2.5899902E+04
  2.5904834E+04   2.5909764E+04   2.5914693E+04   2.5919951E+04   2.5924881E+04   2.5929811E+04   2.5934740E+04   2.5939830E+04   2.5944820E+04   2.5949975E+04
  2.5954889E+04   2.5959803E+04   2.5964717E+04   2.5969957E+04   2.5974924E+04   2.5979777E+04   2.5984699E+04   2.5989934E+04   2.5994869E+04   2.5999881E+04
  2.6004893E+04   2.6009799E+04   2.6014881E+04   2.6019826E+04   2.6024967E+04   2.6029807E+04   2.6034994E+04   2.6039789E+04   2.6044926E+04   2.6049719E+04
  2.6054855E+04   2.6059992E+04   2.6064787E+04   2.6069924E+04   2.6074719E+04   2.6079855E+04   2.6084992E+04   2.6089787E+04   2.6094924E+04   2.6099990E+04
  2.6104943E+04   2.6109861E+04   2.6114746E+04   2.6119676E+04   2.6124789E+04   2.6129758E+04   2.6134729E+04   2.6139699E+04   2.6144670E+04   2.6149971E+04
  2.6154941E+04   2.6159869E+04   2.6164693E+04   2.6169855E+04   2.6174693E+04   2.6179992E+04   2.6184916E+04   2.6189717E+04   2.6194840E+04   2.6199963E+04
  2.6204766E+04   2.6209887E+04   2.6214689E+04   2.6219812E+04   2.6224936E+04   2.6229736E+04   2.6234795E+04   2.6239809E+04   2.6244949E+04   2.6249916E+04
  2.6254994E+04   2.6259906E+04   2.6264818E+04   2.6269732E+04   2.6274951E+04   2.6279863E+04   2.6284967E+04   2.6289934E+04   2.6294760E+04   2.6299986E+04
  2.6304998E+04   2.6309711E+04   2.6314916E+04   2.6319711E+04   2.6324725E+04   2.6329812E+04   2.6334764E+04   2.6339732E+04   2.6344938E+04   2.6349840E+04
  2.6354742E+04   2.6359893E+04   2.6364699E+04   2.6369877E+04   2.6374953E+04   2.6379730E+04   2.6384805E+04   2.6389711E+04   2.6394744E+04   2.6399777E+04
  2.6404812E+04   2.6409846E+04   2.6414879E+04   2.6419914E+04   2.6424736E+04   2.6429777E+04   2.6434979E+04   2.6439850E+04   2.6444719E+04   2.6449895E+04
  2.6454764E+04   2.6459732E+04   2.6464893E+04   2.6469998E+04   2.6474971E+04   2.6479941E+04   2.6484914E+04   2.6489887E+04   2.6494857E+04   2.6499916E+04
  2.6504816E+04   2.6509717E+04   2.6514922E+04   2.6519783E+04   2.6524951E+04   2.6529814E+04   2.6534980E+04   2.6539844E+04   2.6544824E+04   2.6549893E+04
  2.6554926E+04   2.6559984E+04   2.6564939E+04   2.6569896E+04   2.6574852E+04   2.6579809E+04   2.6584836E+04   2.6589721E+04   2.6594895E+04   2.6599781E+04
  2.6604953E+04   2.6609783E+04   2.6614979E+04   2.6619852E+04   2.6624723E+04   2.6629947E+04   2.6634783E+04   2.6639895E+04   2.6644826E+04   2.6649695E+04
  2.6654871E+04   2.6659742E+04   2.6664943E+04   2.6669699E+04   2.6674797E+04   2.6679893E+04   2.6684980E+04   2.6689857E+04   2.6694734E+04   2.6699777E+04
  2.6704918E+04   2.6709967E+04   2.6714697E+04   2.6719744E+04   2.6724791E+04   2.6729838E+04   2.6734885E+04   2.6739932E+04   2.6744812E+04   2.6749752E+04
  2.6754814E+04   2.6759691E+04   2.6764893E+04   2.6769770E+04   2.6774971E+04   2.6779848E+04   2.6784725E+04   2.6789809E+04   2.6794967E+04   2.6799680E+04
  2.6804717E+04   2.6809896E+04   2.6814771E+04   2.6819953E+04   2.6824828E+04   2.6829703E+04   2.6834693E+04   2.6839877E+04   2.6844834E+04   2.6849791E+04
  2.6854990E+04   2.6859732E+04   2.6864773E+04   2.6869812E+04   2.6874740E+04   2.6879885E+04   2.6884945E+04   2.6889865E+04   2.6894785E+04   2.6899707E+04
  2.6904936E+04   2.6909855E+04   2.6914775E+04   2.6919697E+04   2.6924926E+04   2.6929707E+04   2.6934740E+04   2.6939926E+04   2.6944807E+04   2.6949770E+04
  2.6954703E+04   2.6959943E+04   2.6964873E+04   2.6969805E+04   2.6974750E+04   2.6979719E+04   2.6984873E+04   2.6989672E+04   2.6994842E+04   2.6999898E+04
  2.7004955E+04   2.7009855E+04   2.7014969E+04   2.7019742E+04   2.7024857E+04   2.7029971E+04   2.7034725E+04   2.7039906E+04   2.7044783E+04   2.7049965E+04
  2.7054840E+04   2.7059984E+04   2.7064840E+04   2.7069887E+04   2.7074717E+04   2.7079701E+04   2.7084688E+04   2.7089871E+04   2.7094943E+04   2.7099697E+04
  2.7104770E+04   2.7109709E+04   2.7114863E+04   2.7119988E+04   2.7124707E+04   2.7129721E+04   2.7134734E+04   2.7139748E+04   2.7144797E+04   2.7149936E+04
  2.7154863E+04   2.7159861E+04   2.7164982E+04   2.7169766E+04   2.7174963E+04   2.7179951E+04   2.7184938E+04   2.7189926E+04   2.7194914E+04   2.7199725E+04
  2.7204795E+04   2.7209908E+04   2.7214816E+04   2.7219912E+04   2.7224709E+04   2.7229805E+04   2.7234900E+04   2.7239996E+04   2.7244807E+04   2.7249898E+04
  2.7254998E+04   2.7259949E+04   2.7264709E+04   2.7269787E+04   2.7274867E+04   2.7279945E+04   2.7284705E+04   2.7289783E+04   2.7294861E+04   2.7299939E+04
  2.7304701E+04   2.7309803E+04   2.7314807E+04   2.7319828E+04   2.7324951E+04   2.7329844E+04   2.7334719E+04   2.7339836E+04   2.7344734E+04   2.7349959E+04
  2.7354857E+04   2.7359994E+04   2.7364955E+04   2.7369912E+04   2.7374973E+04   2.7379926E+04   2.7384793E+04   2.7389725E+04   2.7394984E+04   2.7399916E+04
  2.7404695E+04   2.7409717E+04   2.7414738E+04   2.7419758E+04   2.7424934E+04   2.7429986E+04   2.7434766E+04   2.7439766E+04   2.7444965E+04   2.7449859E+04
  2.7454754E+04   2.7459953E+04   2.7464848E+04   2.7469816E+04   2.7474729E+04   2.7479777E+04   2.7484787E+04   2.7489797E+04   2.7494705E+04   2.7499812E+04
  2.7504967E+04   2.7509896E+04   2.7514801E+04   2.7519836E+04   2.7524756E+04   2.7529984E+04   2.7534854E+04   2.7539760E+04   2.7544666E+04   2.7549859E+04
  2.7554793E+04   2.7559686E+04   2.7564902E+04   2.7569795E+04   2.7574686E+04   2.7579904E+04   2.7584795E+04   2.7589688E+04   2.7594906E+04   2.7599797E+04
  2.7604689E+04   2.7609906E+04   2.7614799E+04   2.7619900E+04   2.7624906E+04   2.7629912E+04   2.7634764E+04   2.7639715E+04   2.7644996E+04   2.7649945E+04
  2.7654734E+04   2.7659936E+04   2.7664791E+04   2.7669992E+04   2.7674902E+04   2.7679867E+04   2.7684834E+04   2.7689770E+04   2.7694998E+04   2.7699711E+04
  2.7704760E+04   2.7709809E+04   2.7714857E+04   2.7719906E+04   2.7724955E+04   2.7729734E+04   2.7734682E+04   2.7739867E+04   2.7744895E+04   2.7749750E+04
  2.7754949E+04   2.7759805E+04   2.7764658E+04   2.7769873E+04   2.7774826E+04   2.7779781E+04   2.7784736E+04   2.7790000E+04   2.7794953E+04   2.7799908E+04
  2.7804863E+04   2.7809816E+04   2.7814873E+04   2.7819943E+04   2.7824883E+04   2.7829713E+04   2.7834779E+04   2.7839848E+04   2.7844916E+04   2.7849982E+04
  2.7854734E+04   2.7859801E+04   2.7864869E+04   2.7869791E+04   2.7874883E+04   2.7879770E+04   2.7885000E+04   2.7889830E+04   2.7894701E+04   2.7899900E+04
  2.7904812E+04   2.7909877E+04   2.7914713E+04   2.7919900E+04   2.7924742E+04   2.7929965E+04   2.7934934E+04   2.7939869E+04   2.7944926E+04   2.7949982E+04
  2.7954721E+04   2.7959777E+04   2.7964959E+04   2.7969855E+04   2.7974752E+04   2.7979977E+04   2.7984873E+04   2.7989770E+04   2.7994992E+04   2.7999889E+04
  2.8004807E+04   2.8009729E+04   2.8014674E+04   2.8019947E+04   2.8024891E+04   2.8029834E+04   2.8034896E+04   2.8039982E+04   2.8044770E+04   2.8049857E+04
  2.8054945E+04   2.8059732E+04   2.8064818E+04   2.8069906E+04   2.8074992E+04   2.8079650E+04   2.8084941E+04   2.8089752E+04   2.8094744E+04   2.8099740E+04
  2.8104734E+04   2.8109730E+04   2.8114727E+04   2.8119723E+04   2.8124717E+04   2.8129773E+04   2.8134877E+04   2.8139979E+04   2.8144764E+04   2.8149865E+04
  2.8154967E+04   2.8159752E+04   2.8164854E+04   2.8169957E+04   2.8174740E+04   2.8179842E+04   2.8184945E+04   2.8189729E+04   2.8194830E+04   2.8199934E+04
  2.8204717E+04   2.8209818E+04   2.8214922E+04   2.8219705E+04   2.8224809E+04   2.8229910E+04   2.8234693E+04   2.8239986E+04   2.8244893E+04   2.8249818E+04
  2.8254791E+04   2.8259762E+04   2.8264734E+04   2.8269695E+04   2.8274793E+04   2.8279789E+04   2.8284977E+04   2.8289768E+04   2.8294951E+04   2.8299830E+04
  2.8304709E+04   2.8309895E+04   2.8314984E+04   2.8319713E+04   2.8324926E+04   2.8329783E+04   2.8334678E+04   2.8339898E+04   2.8344969E+04   2.8349807E+04
  2.8354896E+04   2.8359986E+04   2.8364760E+04   2.8369850E+04   2.8374941E+04   2.8379713E+04   2.8384650E+04   2.8389998E+04   2.8394988E+04   2.8399980E+04
  2.8404943E+04   2.8410000E+04   2.8414797E+04   2.8419979E+04   2.8424855E+04   2.8429732E+04   2.8434914E+04   2.8439846E+04   2.8444738E+04   2.8449980E+04
  2.8454963E+04   2.8459984E+04   2.8464824E+04   2.8469805E+04   2.8474855E+04   2.8479947E+04   2.8484740E+04   2.8489832E+04   2.8494924E+04   2.8499717E+04
  2.8504809E+04   2.8509883E+04   2.8514877E+04   2.8519988E+04   2.8524988E+04   2.8529715E+04   2.8534947E+04   2.8539875E+04   2.8544801E+04   2.8549727E+04
  2.8554961E+04   2.8559887E+04   2.8564812E+04   2.8569754E+04   2.8574658E+04   2.8579926E+04   2.8584812E+04   2.8589758E+04   2.8594684E+04   2.8599961E+04
  2.8604908E+04   2.8609855E+04   2.8614805E+04   2.8619752E+04   2.8624699E+04   2.8629977E+04   2.8634926E+04   2.8639873E+04   2.8644820E+04   2.8649768E+04
  2.8654717E+04   2.8659994E+04   2.8664941E+04   2.8669889E+04   2.8674838E+04   2.8679785E+04   2.8684732E+04   2.8689682E+04   2.8694959E+04   2.8699906E+04
  2.8704854E+04   2.8709803E+04   2.8714750E+04   2.8719697E+04   2.8724975E+04   2.8729924E+04   2.8734871E+04   2.8739818E+04   2.8744766E+04   2.8749852E+04
  2.8754793E+04   2.8759805E+04   2.8764816E+04   2.8769828E+04   2.8774840E+04   2.8779852E+04   2.8784865E+04   2.8789877E+04   2.8794889E+04   2.8799900E+04
  2.8804912E+04   2.8809924E+04   2.8814711E+04   2.8819939E+04   2.8824678E+04   2.8829652E+04   2.8834982E+04   2.8839881E+04   2.8844967E+04   2.8849734E+04
  2.8854820E+04   2.8859906E+04   2.8864992E+04   2.8869760E+04   2.8874846E+04   2.8879932E+04   2.8884699E+04   2.8889785E+04   2.8894871E+04   2.8899924E+04
  2.8904855E+04   2.8909934E+04   2.8914693E+04   2.8919771E+04   2.8924850E+04   2.8929928E+04   2.8934688E+04   2.8939766E+04   2.8944844E+04   2.8949922E+04
  2.8955000E+04   2.8959760E+04   2.8964838E+04   2.8969973E+04   2.8974943E+04   2.8979914E+04   2.8984971E+04   2.8989855E+04   2.8994738E+04   2.8999879E+04
  2.9004930E+04   2.9009893E+04   2.9014910E+04   2.9019680E+04   2.9024736E+04   2.9029857E+04   2.9034770E+04   2.9039975E+04   2.9044895E+04   2.9049877E+04
  2.9054861E+04   2.9059895E+04   2.9064807E+04   2.9069729E+04   2.9074910E+04   2.9079785E+04   2.9084779E+04   2.9089865E+04   2.9094951E+04   2.9099697E+04
  2.9104783E+04   2.9109869E+04   2.9114979E+04   2.9119949E+04   2.9124971E+04   2.9129859E+04   2.9134895E+04   2.9139932E+04   2.9144967E+04   2.9149684E+04
  2.9154969E+04   2.9159795E+04   2.9164869E+04   2.9169945E+04   2.9174703E+04   2.9179855E+04   2.9184803E+04   2.9189904E+04   2.9194771E+04   2.9199984E+04
  2.9204857E+04   2.9209730E+04   2.9214748E+04   2.9219947E+04   2.9224855E+04   2.9229973E+04   2.9234789E+04   2.9239926E+04   2.9244744E+04   2.9249881E+04
  2.9254953E+04   2.9259961E+04   2.9264977E+04   2.9269992E+04   2.9274693E+04   2.9279709E+04   2.9284725E+04   2.9289740E+04   2.9294756E+04   2.9299771E+04
  2.9304787E+04   2.9309803E+04   2.9314818E+04   2.9319834E+04   2.9324676E+04   2.9329725E+04   2.9334795E+04   2.9339863E+04   2.9344934E+04   2.9349686E+04
  2.9354756E+04   2.9359824E+04   2.9364812E+04   2.9369885E+04   2.9374688E+04   2.9379809E+04   2.9384932E+04   2.9389861E+04   2.9394902E+04   2.9399695E+04
  2.9404887E+04   2.9409754E+04   2.9414945E+04   2.9419811E+04   2.9424678E+04   2.9429869E+04   2.9434736E+04   2.9439928E+04   2.9444793E+04   2.9449986E+04
  2.9454949E+04   2.9459699E+04   2.9464787E+04   2.9469889E+04   2.9474736E+04   2.9479889E+04   2.9484738E+04   2.9489889E+04   2.9494738E+04   2.9499891E+04
  2.9504738E+04   2.9509941E+04   2.9514980E+04   2.9519824E+04   2.9524973E+04   2.9529816E+04   2.9534963E+04   2.9539809E+04   2.9544955E+04   2.9549799E+04
  2.9554947E+04   2.9559791E+04   2.9564957E+04   2.9569676E+04   2.9574734E+04   2.9579930E+04   2.9584705E+04   2.9589779E+04   2.9594770E+04   2.9599760E+04
  2.9604750E+04   2.9609889E+04   2.9614787E+04   2.9619688E+04   2.9624914E+04   2.9629812E+04   2.9634713E+04   2.9639939E+04   2.9644840E+04   2.9649738E+04
  2.9654965E+04   2.9659865E+04   2.9664764E+04   2.9669990E+04   2.9674891E+04   2.9679789E+04   2.9684689E+04   2.9689916E+04   2.9694816E+04   2.9699715E+04
  2.9704941E+04   2.9709842E+04   2.9714740E+04   2.9719967E+04   2.9724867E+04   2.9729768E+04   2.9734992E+04   2.9739893E+04   2.9744793E+04   2.9749734E+04
  2.9754742E+04   2.9759826E+04   2.9764805E+04   2.9769781E+04   2.9774758E+04   2.9779736E+04   2.9784713E+04   2.9789689E+04   2.9794979E+04   2.9799955E+04
  2.9804932E+04   2.9809908E+04   2.9814887E+04   2.9819863E+04   2.9824840E+04   2.9829818E+04   2.9834912E+04   2.9839758E+04   2.9844951E+04   2.9849797E+04
  2.9854988E+04   2.9859834E+04   2.9864982E+04   2.9869998E+04   2.9874701E+04   2.9879719E+04   2.9884734E+04   2.9889943E+04   2.9894787E+04   2.9899830E+04
  2.9904779E+04   2.9909826E+04   2.9914873E+04   2.9919918E+04   2.9924840E+04   2.9929770E+04   2.9934699E+04   2.9939957E+04   2.9944887E+04   2.9949814E+04
  2.9954744E+04   2.9959674E+04   2.9964932E+04   2.9969859E+04   2.9974789E+04   2.9979719E+04   2.9984977E+04   2.9989904E+04   2.9994834E+04   2.9999988E+04
  3.0004826E+04   3.0009781E+04   3.0014734E+04   3.0019689E+04   3.0024973E+04   3.0029971E+04   3.0034994E+04   3.0039709E+04   3.0044740E+04   3.0049770E+04
  3.0054799E+04   3.0059830E+04   3.0064859E+04   3.0069889E+04   3.0074920E+04   3.0079949E+04   3.0084979E+04   3.0089695E+04   3.0094725E+04   3.0099754E+04
  3.0104785E+04   3.0109814E+04   3.0114844E+04   3.0119873E+04   3.0124818E+04   3.0129975E+04   3.0134779E+04   3.0139912E+04   3.0144725E+04   3.0149855E+04
  3.0154988E+04   3.0159801E+04   3.0164934E+04   3.0169744E+04   3.0174877E+04   3.0179797E+04   3.0184721E+04   3.0189982E+04   3.0194916E+04   3.0199850E+04
  3.0204783E+04   3.0209717E+04   3.0214980E+04   3.0219904E+04   3.0224971E+04   3.0229943E+04   3.0234789E+04   3.0239936E+04   3.0244852E+04   3.0249941E+04
  3.0254732E+04   3.0259824E+04   3.0264914E+04   3.0269945E+04   3.0274859E+04   3.0279959E+04   3.0284949E+04   3.0289990E+04   3.0294697E+04   3.0299750E+04
  3.0304826E+04   3.0309805E+04   3.0314850E+04   3.0319707E+04   3.0324725E+04   3.0329896E+04   3.0334746E+04   3.0339918E+04   3.0344768E+04   3.0349775E+04
  3.0354832E+04   3.0359916E+04   3.0364693E+04   3.0369713E+04   3.0374730E+04   3.0379748E+04   3.0384766E+04   3.0389785E+04   3.0394803E+04   3.0399820E+04
  3.0404840E+04   3.0409729E+04   3.0414727E+04   3.0419766E+04   3.0424865E+04   3.0429662E+04   3.0434744E+04   3.0439982E+04   3.0444885E+04   3.0449789E+04
  3.0454691E+04   3.0459945E+04   3.0464848E+04   3.0469840E+04   3.0474984E+04   3.0479857E+04   3.0484883E+04   3.0489908E+04   3.0494934E+04   3.0499959E+04
  3.0504982E+04   3.0509695E+04   3.0514719E+04   3.0519744E+04   3.0524770E+04   3.0529795E+04   3.0534820E+04   3.0539846E+04   3.0544869E+04   3.0549896E+04
  3.0554719E+04   3.0559861E+04   3.0564760E+04   3.0569994E+04   3.0574900E+04   3.0579721E+04   3.0584992E+04   3.0589863E+04   3.0594754E+04   3.0599973E+04
  3.0604865E+04   3.0609758E+04   3.0614977E+04   3.0619869E+04   3.0624760E+04   3.0629979E+04   3.0634871E+04   3.0639764E+04   3.0644982E+04   3.0649875E+04
  3.0654768E+04   3.0659984E+04   3.0664877E+04   3.0669770E+04   3.0674988E+04   3.0679881E+04   3.0684773E+04   3.0689990E+04   3.0694883E+04   3.0699775E+04
  3.0704994E+04   3.0709783E+04   3.0714824E+04   3.0720000E+04   3.0724762E+04   3.0729746E+04   3.0734680E+04   3.0739781E+04   3.0744885E+04   3.0749822E+04
  3.0754688E+04   3.0759781E+04   3.0764861E+04   3.0769770E+04   3.0774984E+04   3.0779893E+04   3.0784801E+04   3.0789709E+04   3.0794924E+04   3.0799832E+04
  3.0804992E+04   3.0809838E+04   3.0814957E+04   3.0819824E+04   3.0824996E+04   3.0829994E+04   3.0834844E+04   3.0839695E+04   3.0844893E+04   3.0849711E+04
  3.0854732E+04   3.0859756E+04   3.0864779E+04   3.0869803E+04   3.0874826E+04   3.0879850E+04   3.0884873E+04   3.0889896E+04   3.0894918E+04   3.0899941E+04
  3.0904965E+04   3.0909988E+04   3.0914848E+04   3.0919803E+04   3.0924732E+04   3.0929770E+04   3.0934797E+04   3.0939709E+04   3.0944912E+04   3.0949830E+04
  3.0954877E+04   3.0959693E+04   3.0964896E+04   3.0969773E+04   3.0974975E+04   3.0979854E+04   3.0984730E+04   3.0989932E+04   3.0994809E+04   3.0999686E+04
  3.1004889E+04   3.1009766E+04   3.1014969E+04   3.1019846E+04   3.1024723E+04   3.1029926E+04   3.1034803E+04   3.1039680E+04   3.1044881E+04   3.1049760E+04
  3.1054961E+04   3.1059838E+04   3.1064932E+04   3.1069945E+04   3.1074977E+04   3.1079684E+04   3.1084727E+04   3.1089770E+04   3.1094803E+04   3.1099957E+04
  3.1104711E+04   3.1109807E+04   3.1114902E+04   3.1119998E+04   3.1124752E+04   3.1129848E+04   3.1134943E+04   3.1139699E+04   3.1144793E+04   3.1149889E+04
  3.1154984E+04   3.1159740E+04   3.1164834E+04   3.1169930E+04   3.1174686E+04   3.1179781E+04   3.1184875E+04   3.1189971E+04   3.1194938E+04   3.1199855E+04
  3.1204773E+04   3.1209998E+04   3.1214701E+04   3.1219975E+04   3.1224896E+04   3.1229875E+04   3.1234828E+04   3.1239781E+04   3.1244734E+04   3.1249998E+04
  3.1254951E+04   3.1259904E+04   3.1264857E+04   3.1269811E+04   3.1274764E+04   3.1279799E+04   3.1284982E+04   3.1289820E+04   3.1294658E+04   3.1299842E+04
  3.1304988E+04   3.1309922E+04   3.1314967E+04   3.1320000E+04   3.1324758E+04   3.1329834E+04   3.1334910E+04   3.1339986E+04   3.1344744E+04   3.1349820E+04
  3.1354896E+04   3.1359973E+04   3.1364730E+04   3.1369912E+04   3.1374941E+04   3.1379764E+04   3.1384869E+04   3.1389982E+04   3.1394812E+04   3.1399854E+04
  3.1404955E+04   3.1409756E+04   3.1414957E+04   3.1419988E+04   3.1424684E+04   3.1429980E+04   3.1434795E+04   3.1439721E+04   3.1444883E+04   3.1449967E+04
  3.1454902E+04   3.1459701E+04   3.1464844E+04   3.1469986E+04   3.1474785E+04   3.1479928E+04   3.1484783E+04   3.1489805E+04   3.1494961E+04   3.1499816E+04
  3.1504740E+04   3.1509998E+04   3.1514715E+04   3.1519906E+04   3.1524803E+04   3.1529873E+04   3.1534945E+04   3.1539799E+04   3.1544781E+04   3.1549764E+04
  3.1554746E+04   3.1559729E+04   3.1564846E+04   3.1569707E+04   3.1574852E+04   3.1579947E+04   3.1584744E+04   3.1589840E+04   3.1594936E+04   3.1599730E+04
  3.1604828E+04   3.1609924E+04   3.1614719E+04   3.1619814E+04   3.1624957E+04   3.1629900E+04   3.1634850E+04   3.1639787E+04   3.1644861E+04   3.1649936E+04
  3.1654693E+04   3.1659951E+04   3.1664775E+04   3.1669803E+04   3.1674980E+04   3.1679941E+04   3.1684701E+04   3.1689955E+04   3.1694725E+04   3.1699828E+04
  3.1704973E+04   3.1709795E+04   3.1714938E+04   3.1719830E+04   3.1724859E+04   3.1729939E+04   3.1734701E+04   3.1739779E+04   3.1744857E+04   3.1749938E+04
  3.1754699E+04   3.1759777E+04   3.1764855E+04   3.1769936E+04   3.1774697E+04   3.1779775E+04   3.1784854E+04   3.1789934E+04   3.1794695E+04   3.1799773E+04
  3.1804854E+04   3.1809932E+04   3.1814982E+04   3.1819881E+04   3.1824779E+04   3.1829680E+04   3.1834904E+04   3.1839803E+04   3.1844701E+04   3.1849928E+04
  3.1854826E+04   3.1859725E+04   3.1864951E+04   3.1869850E+04   3.1874797E+04   3.1879895E+04   3.1884836E+04   3.1889795E+04   3.1894912E+04   3.1899713E+04
  3.1904832E+04   3.1909951E+04   3.1914750E+04   3.1919916E+04   3.1924928E+04   3.1929908E+04   3.1934814E+04   3.1939707E+04   3.1944893E+04   3.1949883E+04
  3.1954959E+04   3.1959941E+04   3.1964926E+04   3.1969928E+04   3.1974932E+04   3.1979955E+04   3.1984781E+04   3.1989666E+04   3.1994881E+04   3.1999865E+04
  3.2004850E+04   3.2009834E+04   3.2014818E+04   3.2019803E+04   3.2024787E+04   3.2029771E+04   3.2034756E+04   3.2039740E+04   3.2044725E+04   3.2049709E+04
  3.2054693E+04   3.2059678E+04   3.2064994E+04   3.2069979E+04   3.2074963E+04   3.2079947E+04   3.2084932E+04   3.2089916E+04   3.2094900E+04   3.2099885E+04
  3.2104869E+04   3.2109854E+04   3.2114838E+04   3.2119822E+04   3.2124904E+04   3.2129926E+04   3.2134947E+04   3.2139967E+04   3.2144988E+04   3.2149676E+04
  3.2154697E+04   3.2159717E+04   3.2164738E+04   3.2169760E+04   3.2174898E+04   3.2179771E+04   3.2184963E+04   3.2189848E+04   3.2194734E+04   3.2199926E+04
  3.2204811E+04   3.2209697E+04   3.2214889E+04   3.2219898E+04   3.2224721E+04   3.2229887E+04   3.2234916E+04   3.2239877E+04   3.2244838E+04   3.2249799E+04
  3.2254760E+04   3.2259721E+04   3.2264992E+04   3.2269953E+04   3.2274914E+04   3.2279875E+04   3.2284834E+04   3.2289695E+04   3.2294766E+04   3.2299887E+04
  3.2304721E+04   3.2309771E+04   3.2314826E+04   3.2319883E+04   3.2324938E+04   3.2329994E+04   3.2334713E+04   3.2339768E+04   3.2344824E+04   3.2349879E+04
  3.2354936E+04   3.2359811E+04   3.2364932E+04   3.2369857E+04   3.2374783E+04   3.2379902E+04   3.2384967E+04   3.2389760E+04   3.2394873E+04   3.2399986E+04
  3.2401264E+04
  9.5693855E+00   9.5693855E+00   1.4354242E+01   1.4354242E+01   1.4354242E+01   1.9140617E+01   1.9140617E+01   1.9140617E+01   2.3936094E+01   2.3936094E+01
  2.3936094E+01   2.3936094E+01   2.8770260E+01   2.8770260E+01   2.8770260E+01   2.8770260E+01   3.3728230E+01   3.3728230E+01   3.3728230E+01   3.3728230E+01
  3.3728230E+01   3.8995712E+01   3.8995712E+01   3.8995712E+01   3.8995712E+01   3.8995712E+01   3.8995712E+01   4.4882214E+01   4.4882214E+01   4.4882214E+01
  4.4882214E+01   4.4882214E+01   4.4882214E+01   4.4882214E+01   4.4882214E+01   5.1774624E+01   5.1774624E+01   5.1774624E+01   5.1774624E+01   5.1774624E+01
  5.1774624E+01   5.1774624E+01   5.1774624E+01   5.1774624E+01   6.0008251E+01   6.0008251E+01   6.0008251E+01   6.0008251E+01   6.0008251E+01   6.0008251E+01
  6.0008251E+01   6.0008251E+01   6.0008251E+01   6.0008251E+01   6.0008251E+01   6.0008251E+01   6.0008251E+01   6.0008251E+01   6.0008251E+01   6.9717209E+01
  6.9717209E+01   6.9717209E+01   6.9717209E+01   6.9717209E+01   6.9717209E+01   6.9717209E+01   6.9717209E+01   6.9717209E+01   6.9717209E+01   6.9717209E+01
  6.9717209E+01   6.9717209E+01   6.9717209E+01   6.9717209E+01   6.9717209E+01   6.9717209E+01   6.9717209E+01   6.9717209E+01   8.0767380E+01   8.0767380E+01
  8.0767380E+01   8.0767380E+01   8.0767380E+01   8.0767380E+01   8.0767380E+01   8.0767380E+01   8.0767380E+01   8.0767380E+01   8.0767380E+01   8.0767380E+01
  8.0767380E+01   8.0767380E+01   8.0767380E+01   8.0767380E+01   8.0767380E+01   8.0767380E+01   8.0767380E+01   9.2823463E+01   9.2823463E+01   9.2823463E+01
  9.2823463E+01   9.2823463E+01   9.2823463E+01   9.2823463E+01   9.2823463E+01   9.2823463E+01   9.2823463E+01   9.2823463E+01   9.2823463E+01   9.2823463E+01
  9.2823463E+01   9.2823463E+01   9.2823463E+01   9.2823463E+01   9.2823463E+01   9.2823463E+01   9.2823463E+01   1.0549857E+02   1.0549857E+02   1.0549857E+02
  1.0549857E+02   1.0549857E+02   1.0549857E+02   1.0549857E+02   1.0549857E+02   1.0549857E+02   1.0549857E+02   1.0549857E+02   1.0549857E+02   1.0549857E+02
  1.0549857E+02   1.0549857E+02   1.0549857E+02   1.0549857E+02   1.0549857E+02   1.0549857E+02   1.0549857E+02   1.0549857E+02   1.0549857E+02   1.0549857E+02
  1.0549857E+02   1.0549857E+02   1.0549857E+02   1.0549857E+02   1.0549857E+02   1.0549857E+02   1.0549857E+02   1.0549857E+02   1.0549857E+02   1.0549857E+02
  1.0549857E+02   1.0549857E+02   1.0549857E+02   1.0549857E+02   1.0549857E+02   1.0549857E+02   1.0549857E+02   1.0549857E+02   1.0549857E+02   1.0549857E+02
  1.1848318E+02   1.1848318E+02   1.1848318E+02   1.1848318E+02   1.1848318E+02   1.1848318E+02   1.1848318E+02   1.1848318E+02   1.1848318E+02   1.1848318E+02
  1.1848318E+02   1.1848318E+02   1.1848318E+02   1.1848318E+02   1.1848318E+02   1.1848318E+02   1.1848318E+02   1.1848318E+02   1.1848318E+02   1.1848318E+02
  1.1848318E+02   1.1848318E+02   1.1848318E+02   1.1848318E+02   1.1848318E+02   1.1848318E+02   1.1848318E+02   1.1848318E+02   1.1848318E+02   1.1848318E+02
  1.1848318E+02   1.1848318E+02   1.1848318E+02   1.1848318E+02   1.1848318E+02   1.1848318E+02   1.1848318E+02   1.1848318E+02   1.1848318E+02   1.1848318E+02
  1.1848318E+02   1.1848318E+02   1.1848318E+02   1.1848318E+02   1.1848318E+02   1.1848318E+02   1.1848318E+02   1.1848318E+02   1.1848318E+02   1.3159160E+02
  1.3159160E+02   1.3159160E+02   1.3159160E+02   1.3159160E+02   1.3159160E+02   1.3159160E+02   1.3159160E+02   1.3159160E+02   1.3159160E+02   1.3159160E+02
  1.3159160E+02   1.3159160E+02   1.3159160E+02   1.3159160E+02   1.3159160E+02   1.3159160E+02   1.3159160E+02   1.3159160E+02   1.3159160E+02   1.3159160E+02
  1.3159160E+02   1.3159160E+02   1.3159160E+02   1.3159160E+02   1.3159160E+02   1.3159160E+02   1.3159160E+02   1.3159160E+02   1.3159160E+02   1.3159160E+02
  1.3159160E+02   1.3159160E+02   1.3159160E+02   1.3159160E+02   1.3159160E+02   1.3159160E+02   1.3159160E+02   1.3159160E+02   1.3159160E+02   1.3159160E+02
  1.3159160E+02   1.3159160E+02   1.3159160E+02   1.3159160E+02   1.3159160E+02   1.3159160E+02   1.3159160E+02   1.3159160E+02   1.3159160E+02   1.3159160E+02
  1.3159160E+02   1.3159160E+02   1.3159160E+02   1.3159160E+02   1.3159160E+02   1.3159160E+02   1.3159160E+02   1.3159160E+02   1.3159160E+02   1.3159160E+02
  1.3159160E+02   1.3159160E+02   1.3159160E+02   1.3159160E+02   1.3159160E+02   1.3159160E+02   1.3159160E+02   1.3159160E+02   1.3159160E+02   1.3159160E+02
  1.3159160E+02   1.3159160E+02   1.3159160E+02   1.3159160E+02   1.3159160E+02   1.3159160E+02   1.3159160E+02   1.3159160E+02   1.3159160E+02   1.3159160E+02
  1.3159160E+02   1.3159160E+02   1.3159160E+02   1.4473871E+02   1.4473871E+02   1.4473871E+02   1.4473871E+02   1.4473871E+02   1.4473871E+02   1.4473871E+02
  1.4473871E+02   1.4473871E+02   1.4473871E+02   1.4473871E+02   1.4473871E+02   1.4473871E+02   1.4473871E+02   1.4473871E+02   1.4473871E+02   1.4473871E+02
  1.4473871E+02   1.4473871E+02   1.4473871E+02   1.4473871E+02   1.4473871E+02   1.4473871E+02   1.4473871E+02   1.4473871E+02   1.4473871E+02   1.4473871E+02
  1.4473871E+02   1.4473871E+02   1.4473871E+02   1.4473871E+02   1.4473871E+02   1.4473871E+02   1.4473871E+02   1.4473871E+02   1.4473871E+02   1.4473871E+02
  1.4473871E+02   1.4473871E+02   1.4473871E+02   1.4473871E+02   1.4473871E+02   1.4473871E+02   1.4473871E+02   1.4473871E+02   1.4473871E+02   1.4473871E+02
  1.4473871E+02   1.4473871E+02   1.4473871E+02   1.4473871E+02   1.4473871E+02   1.4473871E+02   1.4473871E+02   1.4473871E+02   1.4473871E+02   1.4473871E+02
  1.4473871E+02   1.4473871E+02   1.4473871E+02   1.4473871E+02   1.4473871E+02   1.4473871E+02   1.4473871E+02   1.4473871E+02   1.4473871E+02   1.4473871E+02
  1.4473871E+02   1.4473871E+02   1.4473871E+02   1.4473871E+02   1.4473871E+02   1.4473871E+02   1.4473871E+02   1.4473871E+02   1.4473871E+02   1.4473871E+02
  1.4473871E+02   1.4473871E+02   1.4473871E+02   1.4473871E+02   1.4473871E+02   1.4473871E+02   1.4473871E+02   1.4473871E+02   1.4473871E+02   1.4473871E+02
  1.4473871E+02   1.4473871E+02   1.4473871E+02   1.4473871E+02   1.4473871E+02   1.4473871E+02   1.4473871E+02   1.4473871E+02   1.4473871E+02   1.4473871E+02
  1.4473871E+02   1.4473871E+02   1.5789491E+02   1.5789491E+02   1.5789491E+02   1.4473871E+02   1.4473871E+02   1.5789491E+02   1.5789491E+02   1.5789491E+02
  1.5789491E+02   1.5789491E+02   1.5789491E+02   1.5789491E+02   1.5789491E+02   1.5789491E+02   1.5789491E+02   1.5789491E+02   1.5789491E+02   1.5789491E+02
  1.5789491E+02   1.5789491E+02   1.5789491E+02   1.5789491E+02   1.5789491E+02   1.5789491E+02   1.5789491E+02   1.5789491E+02   1.5789491E+02   1.5789491E+02
  1.5789491E+02   1.5789491E+02   1.5789491E+02   1.5789491E+02   1.5789491E+02   1.5789491E+02   1.5789491E+02   1.5789491E+02   1.5789491E+02   1.5789491E+02
  1.5789491E+02   1.5789491E+02   1.5789491E+02   1.5789491E+02   1.5789491E+02   1.5789491E+02   1.5789491E+02   1.5789491E+02   1.5789491E+02   1.5789491E+02
  1.5789491E+02   1.5789491E+02   1.5789491E+02   1.5789491E+02   1.5789491E+02   1.5789491E+02   1.5789491E+02   1.5789491E+02   1.5789491E+02   1.5789491E+02
  1.5789491E+02   1.5789491E+02   1.5789491E+02   1.5789491E+02   1.5789491E+02   1.5789491E+02   1.5789491E+02   1.5789491E+02   1.5789491E+02   1.5789491E+02
  1.5789491E+02   1.5789491E+02   1.5789491E+02   1.5789491E+02   1.5789491E+02   1.5789491E+02   1.5789491E+02   1.5789491E+02   1.5789491E+02   1.5789491E+02
  1.5789491E+02   1.5789491E+02   1.5789491E+02   1.5789491E+02   1.5789491E+02   1.5789491E+02   1.5789491E+02   1.5789491E+02   1.5789491E+02   1.5789491E+02
  1.5789491E+02   1.5789491E+02   1.5789491E+02   1.5789491E+02   1.5789491E+02   1.5789491E+02   1.5789491E+02   1.5789491E+02   1.5789491E+02   1.5789491E+02
  1.5789491E+02   1.5789491E+02   1.5789491E+02   1.5789491E+02   1.5789491E+02   1.5789491E+02   1.5789491E+02   1.5789491E+02   1.5789491E+02   1.5789491E+02
  1.5789491E+02   1.5789491E+02   1.5789491E+02   1.5789491E+02   1.5789491E+02   1.5789491E+02   1.5789491E+02   1.5789491E+02   1.5789491E+02   1.5789491E+02
  1.5789491E+02   1.5789491E+02   1.5789491E+02   1.5789491E+02   1.5789491E+02   1.5789491E+02   1.5789491E+02   1.5789491E+02   1.5789491E+02   1.5789491E+02
  1.5789491E+02   1.5789491E+02   1.5789491E+02   1.5789491E+02   1.5789491E+02   1.5789491E+02   1.5789491E+02   1.5789491E+02   1.5789491E+02   1.5789491E+02
  1.5789491E+02   1.5789491E+02   1.5789491E+02   1.5789491E+02   1.5789491E+02   1.5789491E+02   1.5789491E+02   1.5789491E+02   1.5789491E+02   1.5789491E+02
  1.5789491E+02   1.5789491E+02   1.5789491E+02   1.5789491E+02   1.5789491E+02   1.5789491E+02   1.5789491E+02   1.5789491E+02   1.5789491E+02   1.5789491E+02
  1.5789491E+02   1.5789491E+02   1.5789491E+02   1.5789491E+02   1.5789491E+02   1.7105264E+02   1.7105264E+02   1.7105264E+02   1.7105264E+02   1.7105264E+02
  1.7105264E+02   1.7105264E+02   1.7105264E+02   1.7105264E+02   1.5789491E+02   1.7105264E+02   1.5789491E+02   1.7105264E+02   1.5789491E+02   1.5789491E+02
  1.7105264E+02   1.7105264E+02   1.7105264E+02   1.7105264E+02   1.7105264E+02   1.7105264E+02   1.7105264E+02   1.7105264E+02   1.7105264E+02   1.7105264E+02
  1.7105264E+02   1.7105264E+02   1.7105264E+02   1.7105264E+02   1.7105264E+02   1.7105264E+02   1.7105264E+02   1.7105264E+02   1.7105264E+02   1.7105264E+02
  1.7105264E+02   1.7105264E+02   1.7105264E+02   1.7105264E+02   1.7105264E+02   1.7105264E+02   1.7105264E+02   1.7105264E+02   1.7105264E+02   1.7105264E+02
  1.7105264E+02   1.7105264E+02   1.7105264E+02   1.7105264E+02   1.7105264E+02   1.7105264E+02   1.7105264E+02   1.7105264E+02   1.7105264E+02   1.7105264E+02
  1.7105264E+02   1.7105264E+02   1.7105264E+02   1.7105264E+02   1.7105264E+02   1.7105264E+02   1.7105264E+02   1.7105264E+02   1.7105264E+02   1.7105264E+02
  1.7105264E+02   1.7105264E+02   1.7105264E+02   1.7105264E+02   1.7105264E+02   1.7105264E+02   1.7105264E+02   1.7105264E+02   1.7105264E+02   1.7105264E+02
  1.7105264E+02   1.7105264E+02   1.7105264E+02   1.7105264E+02   1.7105264E+02   1.7105264E+02   1.7105264E+02   1.7105264E+02   1.7105264E+02   1.7105264E+02
  1.7105264E+02   1.7105264E+02   1.7105264E+02   1.7105264E+02   1.7105264E+02   1.7105264E+02   1.7105264E+02   1.7105264E+02   1.7105264E+02   1.7105264E+02
  1.7105264E+02   1.7105264E+02   1.7105264E+02   1.7105264E+02   1.7105264E+02   1.7105264E+02   1.7105264E+02   1.7105264E+02   1.7105264E+02   1.7105264E+02
  1.7105264E+02   1.7105264E+02   1.7105264E+02   1.7105264E+02   1.7105264E+02   1.7105264E+02   1.7105264E+02   1.7105264E+02   1.7105264E+02   1.7105264E+02
  1.7105264E+02   1.7105264E+02   1.7105264E+02   1.7105264E+02   1.7105264E+02   1.7105264E+02   1.7105264E+02   1.7105264E+02   1.7105264E+02   1.7105264E+02
  1.7105264E+02   1.7105264E+02   1.7105264E+02   1.7105264E+02   1.7105264E+02   1.7105264E+02   1.7105264E+02   1.7105264E+02   1.7105264E+02   1.7105264E+02
  1.7105264E+02   1.7105264E+02   1.7105264E+02   1.7105264E+02   1.7105264E+02   1.7105264E+02   1.7105264E+02   1.7105264E+02   1.7105264E+02   1.7105264E+02
  1.7105264E+02   1.7105264E+02   1.7105264E+02   1.7105264E+02   1.7105264E+02   1.7105264E+02   1.7105264E+02   1.7105264E+02   1.7105264E+02   1.7105264E+02
  1.7105264E+02   1.7105264E+02   1.7105264E+02   1.7105264E+02   1.7105264E+02   1.7105264E+02   1.7105264E+02   1.7105264E+02   1.7105264E+02   1.7105264E+02
  1.7105264E+02   1.7105264E+02   1.7105264E+02   1.7105264E+02   1.7105264E+02   1.7105264E+02   1.7105264E+02   1.7105264E+02   1.7105264E+02   1.7105264E+02
  1.7105264E+02   1.7105264E+02   1.7105264E+02   1.7105264E+02   1.7105264E+02   1.7105264E+02   1.7105264E+02   1.7105264E+02   1.7105264E+02   1.7105264E+02
  1.7105264E+02   1.7105264E+02   1.7105264E+02   1.7105264E+02   1.7105264E+02   1.7105264E+02   1.7105264E+02   1.7105264E+02   1.7105264E+02   1.7105264E+02
  1.7105264E+02   1.7105264E+02   1.7105264E+02   1.7105264E+02   1.7105264E+02   1.7105264E+02   1.7105264E+02   1.7105264E+02   1.7105264E+02   1.7105264E+02
  1.7105264E+02   1.7105264E+02   1.7105264E+02   1.7105264E+02   1.7105264E+02   1.7105264E+02   1.7105264E+02   1.7105264E+02   1.7105264E+02   1.7105264E+02
  1.7105264E+02   1.8421053E+02   1.8421053E+02   1.8421053E+02   1.8421053E+02   1.8421053E+02   1.8421053E+02   1.8421053E+02   1.8421053E+02   1.8421053E+02
  1.8421053E+02   1.8421053E+02   1.8421053E+02   1.7105264E+02   1.7105264E+02   1.7105264E+02   1.7105264E+02   1.7105264E+02   1.7105264E+02   1.7105264E+02
  1.7105264E+02   1.7105264E+02   1.7105264E+02   1.7105264E+02   1.7105264E+02   1.7105264E+02   1.7105264E+02   1.7105264E+02   1.7105264E+02   1.7105264E+02
  1.7105264E+02   1.7105264E+02   1.7105264E+02   1.7105264E+02   1.7105264E+02   1.7105264E+02   1.7105264E+02   1.7105264E+02   1.7105264E+02   1.7105264E+02
  1.7105264E+02   1.8421053E+02   1.8421053E+02   1.8421053E+02   1.8421053E+02   1.8421053E+02   1.8421053E+02   1.8421053E+02   1.8421053E+02   1.8421053E+02
  1.8421053E+02   1.8421053E+02   1.8421053E+02   1.8421053E+02   1.8421053E+02   1.8421053E+02   1.8421053E+02   1.7105264E+02   1.7105264E+02   1.7105264E+02
  1.7105264E+02   1.8421053E+02   1.8421053E+02   1.8421053E+02   1.8421053E+02   1.8421053E+02   1.8421053E+02   1.8421053E+02   1.8421053E+02   1.8421053E+02
  1.8421053E+02   1.8421053E+02   1.8421053E+02   1.8421053E+02   1.8421053E+02   1.8421053E+02   1.8421053E+02   1.8421053E+02   1.8421053E+02   1.8421053E+02
  1.8421053E+02   1.8421053E+02   1.8421053E+02   1.8421053E+02   1.8421053E+02   1.8421053E+02   1.8421053E+02   1.8421053E+02   1.8421053E+02   1.8421053E+02
  1.8421053E+02   1.8421053E+02   1.8421053E+02   1.8421053E+02   1.8421053E+02   1.8421053E+02   1.8421053E+02   1.8421053E+02   1.8421053E+02   1.8421053E+02
  1.8421053E+02   1.8421053E+02   1.8421053E+02   1.8421053E+02   1.8421053E+02   1.8421053E+02   1.8421053E+02   1.8421053E+02   1.8421053E+02   1.8421053E+02
  1.8421053E+02   1.8421053E+02   1.8421053E+02   1.8421053E+02   1.8421053E+02   1.8421053E+02   1.8421053E+02   1.8421053E+02   1.8421053E+02   1.8421053E+02
  1.8421053E+02   1.8421053E+02   1.8421053E+02   1.8421053E+02   1.8421053E+02   1.8421053E+02   1.8421053E+02   1.8421053E+02   1.8421053E+02   1.8421053E+02
  1.8421053E+02   1.8421053E+02   1.8421053E+02   1.8421053E+02   1.8421053E+02   1.8421053E+02   1.8421053E+02   1.8421053E+02   1.8421053E+02   1.8421053E+02
  1.8421053E+02   1.8421053E+02   1.8421053E+02   1.8421053E+02   1.8421053E+02   1.8421053E+02   1.8421053E+02   1.8421053E+02   1.8421053E+02   1.8421053E+02
  1.8421053E+02   1.8421053E+02   1.8421053E+02   1.8421053E+02   1.8421053E+02   1.8421053E+02   1.8421053E+02   1.8421053E+02   1.8421053E+02   1.8421053E+02
  1.8421053E+02   1.8421053E+02   1.8421053E+02   1.8421053E+02   1.8421053E+02   1.8421053E+02   1.8421053E+02   1.8421053E+02   1.8421053E+02   1.8421053E+02
  1.8421053E+02   1.8421053E+02   1.8421053E+02   1.8421053E+02   1.8421053E+02   1.8421053E+02   1.8421053E+02   1.8421053E+02   1.8421053E+02   1.8421053E+02
  1.8421053E+02   1.8421053E+02   1.8421053E+02   1.8421053E+02   1.8421053E+02   1.8421053E+02   1.8421053E+02   1.8421053E+02   1.8421053E+02   1.8421053E+02
  1.8421053E+02   1.8421053E+02   1.8421053E+02   1.8421053E+02   1.8421053E+02   1.8421053E+02   1.8421053E+02   1.8421053E+02   1.8421053E+02   1.8421053E+02
  1.8421053E+02   1.8421053E+02   1.8421053E+02   1.8421053E+02   1.8421053E+02   1.8421053E+02   1.8421053E+02   1.8421053E+02   1.8421053E+02   1.8421053E+02
  1.8421053E+02   1.8421053E+02   1.8421053E+02   1.8421053E+02   1.8421053E+02   1.8421053E+02   1.8421053E+02   1.8421053E+02   1.8421053E+02   1.8421053E+02
  1.8421053E+02   1.8421053E+02   1.8421053E+02   1.8421053E+02   1.8421053E+02   1.8421053E+02   1.8421053E+02   1.8421053E+02   1.8421053E+02   1.8421053E+02
  1.8421053E+02   1.8421053E+02   1.8421053E+02   1.8421053E+02   1.8421053E+02   1.8421053E+02   1.8421053E+02   1.8421053E+02   1.8421053E+02   1.8421053E+02
  1.8421053E+02   1.8421053E+02   1.8421053E+02   1.8421053E+02   1.8421053E+02   1.8421053E+02   1.8421053E+02   1.8421053E+02   1.8421053E+02   1.8421053E+02
  1.8421053E+02   1.8421053E+02   1.8421053E+02   1.8421053E+02   1.8421053E+02   1.8421053E+02   1.8421053E+02   1.8421053E+02   1.8421053E+02   1.8421053E+02
  1.8421053E+02   1.8421053E+02   1.8421053E+02   1.8421053E+02   1.8421053E+02   1.8421053E+02   1.8421053E+02   1.8421053E+02   1.8421053E+02   1.8421053E+02
  1.8421053E+02   1.8421053E+02   1.8421053E+02   1.8421053E+02   1.8421053E+02   1.9736842E+02   1.9736842E+02   1.9736842E+02   1.9736842E+02   1.9736842E+02
  1.9736842E+02   1.9736842E+02   1.9736842E+02   1.9736842E+02   1.9736842E+02   1.9736842E+02   1.8421053E+02   1.8421053E+02   1.8421053E+02   1.8421053E+02
  1.8421053E+02   1.8421053E+02   1.8421053E+02   1.8421053E+02   1.8421053E+02   1.8421053E+02   1.8421053E+02   1.8421053E+02   1.8421053E+02   1.8421053E+02
  1.8421053E+02   1.8421053E+02   1.8421053E+02   1.8421053E+02   1.8421053E+02   1.8421053E+02   1.8421053E+02   1.8421053E+02   1.8421053E+02   1.8421053E+02
  1.8421053E+02   1.8421053E+02   1.8421053E+02   1.9736842E+02   1.9736842E+02   1.9736842E+02   1.9736842E+02   1.9736842E+02   1.9736842E+02   1.9736842E+02
  1.9736842E+02   1.9736842E+02   1.9736842E+02   1.8421053E+02   1.8421053E+02   1.8421053E+02   1.8421053E+02   1.8421053E+02   1.8421053E+02   1.8421053E+02
  1.8421053E+02   1.8421053E+02   1.8421053E+02   1.8421053E+02   1.8421053E+02   1.8421053E+02   1.8421053E+02   1.8421053E+02   1.8421053E+02   1.8421053E+02
  1.8421053E+02   1.9736842E+02   1.9736842E+02   1.9736842E+02   1.9736842E+02   1.9736842E+02   1.9736842E+02   1.9736842E+02   1.9736842E+02   1.9736842E+02
  1.9736842E+02   1.9736842E+02   1.9736842E+02   1.9736842E+02   1.9736842E+02   1.9736842E+02   1.9736842E+02   1.9736842E+02   1.9736842E+02   1.9736842E+02
  1.9736842E+02   1.9736842E+02   1.9736842E+02   1.9736842E+02   1.9736842E+02   1.9736842E+02   1.9736842E+02   1.9736842E+02   1.9736842E+02   1.8421053E+02
  1.8421053E+02   1.8421053E+02   1.8421053E+02   1.8421053E+02   1.8421053E+02   1.8421053E+02   1.8421053E+02   1.8421053E+02   1.8421053E+02   1.8421053E+02
  1.8421053E+02   1.8421053E+02   1.8421053E+02   1.8421053E+02   1.8421053E+02   1.8421053E+02   1.8421053E+02   1.8421053E+02   1.8421053E+02   1.8421053E+02
  1.8421053E+02   1.8421053E+02   1.9736842E+02   1.9736842E+02   1.9736842E+02   1.9736842E+02   1.9736842E+02   1.9736842E+02   1.9736842E+02   1.9736842E+02
  1.9736842E+02   1.9736842E+02   1.9736842E+02   1.9736842E+02   1.9736842E+02   1.9736842E+02   1.9736842E+02   1.9736842E+02   1.9736842E+02   1.9736842E+02
  1.9736842E+02   1.9736842E+02   1.9736842E+02   1.9736842E+02   1.9736842E+02   1.9736842E+02   1.9736842E+02   1.9736842E+02   1.9736842E+02   1.9736842E+02
  1.9736842E+02   1.9736842E+02   1.9736842E+02   1.9736842E+02   1.9736842E+02   1.9736842E+02   1.9736842E+02   1.9736842E+02   1.9736842E+02   1.9736842E+02
  1.9736842E+02   1.9736842E+02   1.9736842E+02   1.9736842E+02   1.9736842E+02   1.9736842E+02   1.9736842E+02   1.9736842E+02   1.9736842E+02   1.9736842E+02
  1.9736842E+02   1.9736842E+02   1.9736842E+02   1.9736842E+02   1.9736842E+02   1.8421053E+02   1.8421053E+02   1.8421053E+02   1.8421053E+02   1.8421053E+02
  1.8421053E+02   1.8421053E+02   1.8421053E+02   1.8421053E+02   1.8421053E+02   1.8421053E+02   1.9736842E+02   1.9736842E+02   1.9736842E+02   1.9736842E+02
  1.9736842E+02   1.9736842E+02   1.9736842E+02   1.9736842E+02   1.9736842E+02   1.9736842E+02   1.9736842E+02   1.9736842E+02   1.9736842E+02   1.9736842E+02
  1.9736842E+02   1.9736842E+02   1.9736842E+02   1.9736842E+02   1.9736842E+02   1.9736842E+02   1.9736842E+02   1.9736842E+02   1.9736842E+02   1.9736842E+02
  1.9736842E+02   1.9736842E+02   1.9736842E+02   1.9736842E+02   1.9736842E+02   1.9736842E+02   1.9736842E+02   1.9736842E+02   1.9736842E+02   1.9736842E+02
  1.9736842E+02   1.9736842E+02   1.9736842E+02   1.9736842E+02   1.9736842E+02   1.9736842E+02   1.9736842E+02   1.9736842E+02   1.9736842E+02   1.9736842E+02
  1.9736842E+02   1.9736842E+02   1.9736842E+02   1.9736842E+02   1.9736842E+02   1.9736842E+02   1.9736842E+02   1.9736842E+02   1.9736842E+02   1.9736842E+02
  1.9736842E+02   1.9736842E+02   1.9736842E+02   1.9736842E+02   1.9736842E+02   1.9736842E+02   1.9736842E+02   1.9736842E+02   1.9736842E+02   1.9736842E+02
  1.9736842E+02   1.9736842E+02   1.9736842E+02   1.9736842E+02   1.9736842E+02   1.9736842E+02   1.9736842E+02   1.9736842E+02   1.9736842E+02   1.9736842E+02
  1.9736842E+02   1.9736842E+02   1.9736842E+02   1.9736842E+02   1.9736842E+02   1.9736842E+02   1.9736842E+02   1.9736842E+02   1.9736842E+02   1.9736842E+02
  1.9736842E+02   1.9736842E+02   1.9736842E+02   1.9736842E+02   1.9736842E+02   1.9736842E+02   1.9736842E+02   1.9736842E+02   1.9736842E+02   1.9736842E+02
  1.9736842E+02   1.9736842E+02   1.9736842E+02   1.9736842E+02   1.9736842E+02   1.9736842E+02   1.9736842E+02   1.9736842E+02   1.9736842E+02   1.9736842E+02
  1.9736842E+02   1.9736842E+02   1.9736842E+02   1.9736842E+02   1.9736842E+02   1.9736842E+02   1.9736842E+02   1.9736842E+02   1.9736842E+02   1.9736842E+02
  1.9736842E+02   1.9736842E+02   1.9736842E+02   1.9736842E+02   1.9736842E+02   1.9736842E+02   1.9736842E+02   1.9736842E+02   1.9736842E+02   1.9736842E+02
  1.9736842E+02   1.9736842E+02   1.9736842E+02   1.9736842E+02   1.9736842E+02   1.9736842E+02   1.9736842E+02   1.9736842E+02   1.9736842E+02   1.9736842E+02
  1.9736842E+02   1.9736842E+02   1.9736842E+02   1.9736842E+02   1.9736842E+02   1.9736842E+02   1.9736842E+02   1.9736842E+02   1.9736842E+02   1.9736842E+02
  1.9736842E+02   1.9736842E+02   1.9736842E+02   1.9736842E+02   1.9736842E+02   1.9736842E+02   1.9736842E+02   1.9736842E+02   1.9736842E+02   1.9736842E+02
  1.9736842E+02   1.9736842E+02   1.9736842E+02   1.9736842E+02   1.9736842E+02   1.9736842E+02   1.9736842E+02   1.9736842E+02   1.9736842E+02   1.9736842E+02
  1.9736842E+02   1.9736842E+02   1.9736842E+02   1.9736842E+02   1.9736842E+02   1.9736842E+02   1.9736842E+02   1.9736842E+02   1.9736842E+02   1.9736842E+02
  1.9736842E+02   1.9736842E+02   1.9736842E+02   1.9736842E+02   1.9736842E+02   1.9736842E+02   1.9736842E+02   1.9736842E+02   1.9736842E+02   1.9736842E+02
  1.9736842E+02   1.9736842E+02   1.9736842E+02   1.9736842E+02   1.9736842E+02   1.9736842E+02   1.9736842E+02   1.9736842E+02   1.9736842E+02   1.9736842E+02
  1.9736842E+02   1.9736842E+02   1.9736842E+02   1.9736842E+02   1.9736842E+02   1.9736842E+02   1.9736842E+02   1.9736842E+02   1.9736842E+02   1.9736842E+02
  1.9736842E+02   1.9736842E+02   1.9736842E+02   1.9736842E+02   1.9736842E+02   1.9736842E+02   1.9736842E+02   1.9736842E+02   1.9736842E+02   1.9736842E+02
  1.9736842E+02   1.9736842E+02   1.9736842E+02   1.9736842E+02   1.9736842E+02   1.9736842E+02   1.9736842E+02   1.9736842E+02   1.9736842E+02   1.9736842E+02
  1.9736842E+02   1.9736842E+02   1.9736842E+02   1.9736842E+02   1.9736842E+02   1.9736842E+02   1.9736842E+02   1.9736842E+02   1.9736842E+02   1.9736842E+02
  1.9736842E+02   1.9736842E+02   1.9736842E+02   1.9736842E+02   1.9736842E+02   2.1052632E+02   2.1052632E+02   2.1052632E+02   2.1052632E+02   2.1052632E+02
  2.1052632E+02   2.1052632E+02   2.1052632E+02   2.1052632E+02   2.1052632E+02   2.1052632E+02   2.1052632E+02   2.1052632E+02   2.1052632E+02   2.1052632E+02
  2.1052632E+02   2.1052632E+02   2.1052632E+02   2.1052632E+02   2.1052632E+02   2.1052632E+02   2.1052632E+02   2.1052632E+02   2.1052632E+02   2.1052632E+02
  2.1052632E+02   2.1052632E+02   2.1052632E+02   2.1052632E+02   2.1052632E+02   2.1052632E+02   2.1052632E+02   2.1052632E+02   2.1052632E+02   2.1052632E+02
  2.1052632E+02   2.1052632E+02   2.1052632E+02   2.1052632E+02   2.1052632E+02   2.1052632E+02   2.1052632E+02   2.1052632E+02   2.1052632E+02   2.1052632E+02
  2.1052632E+02   2.1052632E+02   2.1052632E+02   2.1052632E+02   2.1052632E+02   2.1052632E+02   2.1052632E+02   2.1052632E+02   2.1052632E+02   2.1052632E+02
  2.1052632E+02   2.1052632E+02   2.1052632E+02   2.1052632E+02   2.1052632E+02   2.1052632E+02   2.1052632E+02   2.1052632E+02   2.1052632E+02   2.1052632E+02
  2.1052632E+02   2.1052632E+02   2.1052632E+02   2.1052632E+02   2.1052632E+02   2.1052632E+02   2.1052632E+02   2.1052632E+02   2.1052632E+02   2.1052632E+02
  2.1052632E+02   2.1052632E+02   2.1052632E+02   2.1052632E+02   2.1052632E+02   2.1052632E+02   2.1052632E+02   2.1052632E+02   2.1052632E+02   2.1052632E+02
  2.1052632E+02   2.1052632E+02   2.1052632E+02   2.1052632E+02   2.1052632E+02   2.1052632E+02   2.1052632E+02   2.1052632E+02   2.1052632E+02   2.1052632E+02
  2.1052632E+02   2.1052632E+02   2.1052632E+02   2.1052632E+02   2.1052632E+02   2.1052632E+02   2.1052632E+02   2.1052632E+02   2.1052632E+02   2.1052632E+02
  2.1052632E+02   2.1052632E+02   2.1052632E+02   2.1052632E+02   2.1052632E+02   2.1052632E+02   2.1052632E+02   2.1052632E+02   2.1052632E+02   2.1052632E+02
  2.1052632E+02   2.1052632E+02   2.1052632E+02   2.1052632E+02   2.1052632E+02   2.1052632E+02   2.1052632E+02   2.1052632E+02   2.1052632E+02   2.1052632E+02
  2.1052632E+02   2.1052632E+02   2.1052632E+02   2.1052632E+02   2.1052632E+02   2.1052632E+02   2.1052632E+02   2.1052632E+02   2.1052632E+02   2.1052632E+02
  2.1052632E+02   2.1052632E+02   2.1052632E+02   2.1052632E+02   2.1052632E+02   2.1052632E+02   2.1052632E+02   2.1052632E+02   2.1052632E+02   2.1052632E+02
  2.1052632E+02   2.1052632E+02   2.1052632E+02   2.1052632E+02   2.1052632E+02   2.1052632E+02   2.1052632E+02   2.1052632E+02   2.1052632E+02   2.1052632E+02
  2.1052632E+02   2.1052632E+02   2.1052632E+02   2.1052632E+02   2.1052632E+02   2.1052632E+02   2.1052632E+02   2.1052632E+02   2.1052632E+02   2.1052632E+02
  2.1052632E+02   2.1052632E+02   2.1052632E+02   2.1052632E+02   2.1052632E+02   2.1052632E+02   2.1052632E+02   2.1052632E+02   2.1052632E+02   2.1052632E+02
  2.1052632E+02   2.1052632E+02   2.1052632E+02   2.1052632E+02   2.1052632E+02   2.1052632E+02   2.1052632E+02   2.1052632E+02   2.1052632E+02   2.1052632E+02
  2.1052632E+02   2.1052632E+02   2.1052632E+02   2.1052632E+02   2.1052632E+02   2.1052632E+02   2.1052632E+02   2.1052632E+02   2.1052632E+02   2.1052632E+02
  2.1052632E+02   2.1052632E+02   2.1052632E+02   2.1052632E+02   2.1052632E+02   2.1052632E+02   2.1052632E+02   2.1052632E+02   2.1052632E+02   2.1052632E+02
  2.1052632E+02   2.1052632E+02   2.1052632E+02   2.1052632E+02   2.1052632E+02   2.1052632E+02   2.1052632E+02   2.1052632E+02   2.1052632E+02   2.1052632E+02
  2.1052632E+02   2.1052632E+02   2.1052632E+02   2.1052632E+02   2.1052632E+02   2.1052632E+02   2.1052632E+02   2.1052632E+02   2.1052632E+02   2.1052632E+02
  2.1052632E+02   2.1052632E+02   2.1052632E+02   2.1052632E+02   2.1052632E+02   2.1052632E+02   2.1052632E+02   2.1052632E+02   2.1052632E+02   2.1052632E+02
  2.1052632E+02   2.1052632E+02   2.1052632E+02   2.1052632E+02   2.1052632E+02   2.1052632E+02   2.1052632E+02   2.1052632E+02   2.1052632E+02   2.1052632E+02
  2.1052632E+02   2.1052632E+02   2.1052632E+02   2.1052632E+02   2.1052632E+02   2.1052632E+02   2.1052632E+02   2.1052632E+02   2.1052632E+02   2.1052632E+02
  2.1052632E+02   2.1052632E+02   2.1052632E+02   2.1052632E+02   2.1052632E+02   2.1052632E+02   2.1052632E+02   2.1052632E+02   2.1052632E+02   2.1052632E+02
  2.1052632E+02   2.1052632E+02   2.1052632E+02   2.1052632E+02   2.1052632E+02   2.1052632E+02   2.1052632E+02   2.1052632E+02   2.1052632E+02   2.1052632E+02
  2.1052632E+02   2.1052632E+02   2.1052632E+02   2.1052632E+02   2.1052632E+02   2.1052632E+02   2.1052632E+02   2.1052632E+02   2.1052632E+02   2.1052632E+02
  2.1052632E+02   2.1052632E+02   2.1052632E+02   2.1052632E+02   2.1052632E+02   2.1052632E+02   2.1052632E+02   2.1052632E+02   2.1052632E+02   2.1052632E+02
  2.1052632E+02   2.1052632E+02   2.1052632E+02   2.1052632E+02   2.1052632E+02   2.1052632E+02   2.1052632E+02   2.1052632E+02   2.1052632E+02   2.1052632E+02
  2.1052632E+02   2.1052632E+02   2.1052632E+02   2.1052632E+02   2.1052632E+02   2.1052632E+02   2.1052632E+02   2.1052632E+02   2.1052632E+02   2.1052632E+02
  2.1052632E+02   2.1052632E+02   2.1052632E+02   2.1052632E+02   2.1052632E+02   2.1052632E+02   2.2368420E+02   2.2368420E+02   2.2368420E+02   2.2368420E+02
  2.2368420E+02   2.2368420E+02   2.2368420E+02   2.2368420E+02   2.2368420E+02   2.2368420E+02   2.2368420E+02   2.2368420E+02   2.2368420E+02   2.2368420E+02
  2.2368420E+02   2.2368420E+02   2.2368420E+02   2.2368420E+02   2.2368420E+02   2.2368420E+02   2.2368420E+02   2.2368420E+02   2.2368420E+02   2.2368420E+02
  2.2368420E+02   2.2368420E+02   2.2368420E+02   2.2368420E+02   2.2368420E+02   2.2368420E+02   2.2368420E+02   2.2368420E+02   2.2368420E+02   2.2368420E+02
  2.2368420E+02   2.2368420E+02   2.2368420E+02   2.2368420E+02   2.1052632E+02   2.1052632E+02   2.1052632E+02   2.1052632E+02   2.1052632E+02   2.1052632E+02
  2.2368420E+02   2.2368420E+02   2.2368420E+02   2.2368420E+02   2.2368420E+02   2.2368420E+02   2.2368420E+02   2.2368420E+02   2.2368420E+02   2.2368420E+02
  2.2368420E+02   2.2368420E+02   2.2368420E+02   2.2368420E+02   2.2368420E+02   2.2368420E+02   2.2368420E+02   2.1052632E+02   2.1052632E+02   2.1052632E+02
  2.1052632E+02   2.1052632E+02   2.2368420E+02   2.2368420E+02   2.2368420E+02   2.2368420E+02   2.2368420E+02   2.2368420E+02   2.2368420E+02   2.2368420E+02
  2.2368420E+02   2.2368420E+02   2.2368420E+02   2.2368420E+02   2.2368420E+02   2.2368420E+02   2.2368420E+02   2.2368420E+02   2.1052632E+02   2.1052632E+02
  2.1052632E+02   2.1052632E+02   2.1052632E+02   2.1052632E+02   2.1052632E+02   2.1052632E+02   2.2368420E+02   2.2368420E+02   2.2368420E+02   2.2368420E+02
  2.2368420E+02   2.2368420E+02   2.2368420E+02   2.2368420E+02   2.2368420E+02   2.2368420E+02   2.2368420E+02   2.2368420E+02   2.2368420E+02   2.2368420E+02
  2.2368420E+02   2.2368420E+02   2.2368420E+02   2.2368420E+02   2.2368420E+02   2.2368420E+02   2.2368420E+02   2.2368420E+02   2.2368420E+02   2.2368420E+02
  2.2368420E+02   2.2368420E+02   2.2368420E+02   2.2368420E+02   2.2368420E+02   2.2368420E+02   2.2368420E+02   2.2368420E+02   2.2368420E+02   2.2368420E+02
  2.2368420E+02   2.2368420E+02   2.2368420E+02   2.2368420E+02   2.2368420E+02   2.2368420E+02   2.2368420E+02   2.2368420E+02   2.2368420E+02   2.2368420E+02
  2.2368420E+02   2.2368420E+02   2.2368420E+02   2.2368420E+02   2.2368420E+02   2.2368420E+02   2.2368420E+02   2.2368420E+02   2.2368420E+02   2.2368420E+02
  2.2368420E+02   2.2368420E+02   2.2368420E+02   2.2368420E+02   2.2368420E+02   2.2368420E+02   2.2368420E+02   2.2368420E+02   2.2368420E+02   2.2368420E+02
  2.2368420E+02   2.2368420E+02   2.2368420E+02   2.2368420E+02   2.2368420E+02   2.2368420E+02   2.2368420E+02   2.2368420E+02   2.2368420E+02   2.2368420E+02
  2.2368420E+02   2.2368420E+02   2.2368420E+02   2.2368420E+02   2.2368420E+02   2.2368420E+02   2.2368420E+02   2.2368420E+02   2.2368420E+02   2.2368420E+02
  2.2368420E+02   2.2368420E+02   2.2368420E+02   2.2368420E+02   2.2368420E+02   2.2368420E+02   2.2368420E+02   2.2368420E+02   2.2368420E+02   2.2368420E+02
  2.2368420E+02   2.2368420E+02   2.2368420E+02   2.2368420E+02   2.2368420E+02   2.2368420E+02   2.2368420E+02   2.2368420E+02   2.2368420E+02   2.2368420E+02
  2.2368420E+02   2.2368420E+02   2.2368420E+02   2.2368420E+02   2.1052632E+02   2.1052632E+02   2.1052632E+02   2.1052632E+02   2.1052632E+02   2.1052632E+02
  2.1052632E+02   2.1052632E+02   2.2368420E+02   2.2368420E+02   2.2368420E+02   2.2368420E+02   2.2368420E+02   2.2368420E+02   2.2368420E+02   2.2368420E+02
  2.2368420E+02   2.2368420E+02   2.2368420E+02   2.2368420E+02   2.2368420E+02   2.2368420E+02   2.2368420E+02   2.2368420E+02   2.2368420E+02   2.2368420E+02
  2.2368420E+02   2.2368420E+02   2.2368420E+02   2.2368420E+02   2.2368420E+02   2.2368420E+02   2.2368420E+02   2.2368420E+02   2.2368420E+02   2.2368420E+02
  2.2368420E+02   2.2368420E+02   2.2368420E+02   2.2368420E+02   2.2368420E+02   2.2368420E+02   2.2368420E+02   2.2368420E+02   2.2368420E+02   2.2368420E+02
  2.2368420E+02   2.2368420E+02   2.2368420E+02   2.2368420E+02   2.2368420E+02   2.2368420E+02   2.2368420E+02   2.2368420E+02   2.2368420E+02   2.2368420E+02
  2.2368420E+02   2.2368420E+02   2.2368420E+02   2.2368420E+02   2.2368420E+02   2.2368420E+02   2.2368420E+02   2.2368420E+02   2.2368420E+02   2.2368420E+02
  2.2368420E+02   2.2368420E+02   2.2368420E+02   2.2368420E+02   2.2368420E+02   2.2368420E+02   2.2368420E+02   2.2368420E+02   2.2368420E+02   2.2368420E+02
  2.2368420E+02   2.2368420E+02   2.2368420E+02   2.2368420E+02   2.2368420E+02   2.2368420E+02   2.2368420E+02   2.2368420E+02   2.2368420E+02   2.2368420E+02
  2.2368420E+02   2.2368420E+02   2.2368420E+02   2.2368420E+02   2.2368420E+02   2.2368420E+02   2.2368420E+02   2.2368420E+02   2.2368420E+02   2.2368420E+02
  2.2368420E+02   2.2368420E+02   2.2368420E+02   2.2368420E+02   2.2368420E+02   2.2368420E+02   2.2368420E+02   2.2368420E+02   2.2368420E+02   2.2368420E+02
  2.2368420E+02   2.2368420E+02   2.2368420E+02   2.2368420E+02   2.2368420E+02   2.2368420E+02   2.2368420E+02   2.2368420E+02   2.2368420E+02   2.2368420E+02
  2.2368420E+02   2.2368420E+02   2.2368420E+02   2.2368420E+02   2.2368420E+02   2.2368420E+02   2.2368420E+02   2.2368420E+02   2.2368420E+02   2.2368420E+02
  2.2368420E+02   2.3684210E+02   2.3684210E+02   2.3684210E+02   2.3684210E+02   2.3684210E+02   2.3684210E+02   2.2368420E+02   2.2368420E+02   2.2368420E+02
  2.2368420E+02   2.2368420E+02   2.2368420E+02   2.2368420E+02   2.2368420E+02   2.2368420E+02   2.2368420E+02   2.2368420E+02   2.2368420E+02   2.2368420E+02
  2.2368420E+02   2.2368420E+02   2.2368420E+02   2.2368420E+02   2.3684210E+02   2.3684210E+02   2.3684210E+02   2.3684210E+02   2.3684210E+02   2.3684210E+02
  2.3684210E+02   2.3684210E+02   2.3684210E+02   2.3684210E+02   2.3684210E+02   2.3684210E+02   2.3684210E+02   2.3684210E+02   2.3684210E+02   2.3684210E+02
  2.3684210E+02   2.3684210E+02   2.3684210E+02   2.3684210E+02   2.3684210E+02   2.3684210E+02   2.2368420E+02   2.2368420E+02   2.2368420E+02   2.2368420E+02
  2.2368420E+02   2.2368420E+02   2.2368420E+02   2.2368420E+02   2.2368420E+02   2.2368420E+02   2.2368420E+02   2.2368420E+02   2.2368420E+02   2.2368420E+02
  2.2368420E+02   2.2368420E+02   2.2368420E+02   2.2368420E+02   2.2368420E+02   2.2368420E+02   2.2368420E+02   2.2368420E+02   2.2368420E+02   2.2368420E+02
  2.2368420E+02   2.2368420E+02   2.2368420E+02   2.2368420E+02   2.2368420E+02   2.2368420E+02   2.2368420E+02   2.2368420E+02   2.2368420E+02   2.2368420E+02
  2.2368420E+02   2.2368420E+02   2.2368420E+02   2.2368420E+02   2.2368420E+02   2.2368420E+02   2.2368420E+02   2.2368420E+02   2.2368420E+02   2.2368420E+02
  2.2368420E+02   2.2368420E+02   2.2368420E+02   2.2368420E+02   2.2368420E+02   2.2368420E+02   2.2368420E+02   2.2368420E+02   2.2368420E+02   2.3684210E+02
  2.3684210E+02   2.3684210E+02   2.3684210E+02   2.3684210E+02   2.3684210E+02   2.3684210E+02   2.3684210E+02   2.3684210E+02   2.3684210E+02   2.3684210E+02
  2.3684210E+02   2.3684210E+02   2.3684210E+02   2.3684210E+02   2.3684210E+02   2.3684210E+02   2.3684210E+02   2.2368420E+02   2.3684210E+02   2.3684210E+02
  2.3684210E+02   2.3684210E+02   2.2368420E+02   2.3684210E+02   2.3684210E+02   2.2368420E+02   2.2368420E+02   2.2368420E+02   2.2368420E+02   2.2368420E+02
  2.3684210E+02   2.3684210E+02   2.3684210E+02   2.3684210E+02   2.3684210E+02   2.3684210E+02   2.3684210E+02   2.3684210E+02   2.3684210E+02   2.3684210E+02
  2.3684210E+02   2.3684210E+02   2.3684210E+02   2.3684210E+02   2.3684210E+02   2.3684210E+02   2.3684210E+02   2.3684210E+02   2.3684210E+02   2.3684210E+02
  2.3684210E+02   2.3684210E+02   2.3684210E+02   2.3684210E+02   2.3684210E+02   2.3684210E+02   2.2368420E+02   2.2368420E+02   2.2368420E+02   2.2368420E+02
  2.2368420E+02   2.2368420E+02   2.2368420E+02   2.2368420E+02   2.2368420E+02   2.2368420E+02   2.2368420E+02   2.2368420E+02   2.2368420E+02   2.2368420E+02
  2.2368420E+02   2.2368420E+02   2.2368420E+02   2.2368420E+02   2.2368420E+02   2.3684210E+02   2.3684210E+02   2.3684210E+02   2.3684210E+02   2.3684210E+02
  2.3684210E+02   2.3684210E+02   2.3684210E+02   2.3684210E+02   2.3684210E+02   2.3684210E+02   2.3684210E+02   2.3684210E+02   2.3684210E+02   2.3684210E+02
  2.3684210E+02   2.3684210E+02   2.3684210E+02   2.3684210E+02   2.3684210E+02   2.3684210E+02   2.3684210E+02   2.3684210E+02   2.3684210E+02   2.3684210E+02
  2.3684210E+02   2.3684210E+02   2.3684210E+02   2.3684210E+02   2.3684210E+02   2.3684210E+02   2.3684210E+02   2.3684210E+02   2.3684210E+02   2.3684210E+02
  2.3684210E+02   2.3684210E+02   2.3684210E+02   2.3684210E+02   2.3684210E+02   2.3684210E+02   2.3684210E+02   2.3684210E+02   2.3684210E+02   2.3684210E+02
  2.3684210E+02   2.3684210E+02   2.3684210E+02   2.3684210E+02   2.3684210E+02   2.3684210E+02   2.3684210E+02   2.3684210E+02   2.3684210E+02   2.3684210E+02
  2.3684210E+02   2.3684210E+02   2.3684210E+02   2.3684210E+02   2.3684210E+02   2.3684210E+02   2.3684210E+02   2.3684210E+02   2.3684210E+02   2.3684210E+02
  2.3684210E+02   2.3684210E+02   2.3684210E+02   2.3684210E+02   2.3684210E+02   2.3684210E+02   2.3684210E+02   2.3684210E+02   2.3684210E+02   2.3684210E+02
  2.3684210E+02   2.3684210E+02   2.3684210E+02   2.3684210E+02   2.3684210E+02   2.3684210E+02   2.3684210E+02   2.3684210E+02   2.3684210E+02   2.3684210E+02
  2.3684210E+02   2.3684210E+02   2.3684210E+02   2.2368420E+02   2.2368420E+02   2.2368420E+02   2.2368420E+02   2.2368420E+02   2.2368420E+02   2.2368420E+02
  2.2368420E+02   2.2368420E+02   2.2368420E+02   2.2368420E+02   2.2368420E+02   2.2368420E+02   2.2368420E+02   2.2368420E+02   2.2368420E+02   2.2368420E+02
  2.2368420E+02   2.2368420E+02   2.2368420E+02   2.2368420E+02   2.2368420E+02   2.2368420E+02   2.2368420E+02   2.2368420E+02   2.2368420E+02   2.2368420E+02
  2.2368420E+02   2.2368420E+02   2.2368420E+02   2.2368420E+02   2.2368420E+02   2.2368420E+02   2.2368420E+02   2.2368420E+02   2.2368420E+02   2.2368420E+02
  2.2368420E+02   2.2368420E+02   2.2368420E+02   2.2368420E+02   2.2368420E+02   2.2368420E+02   2.2368420E+02   2.2368420E+02   2.2368420E+02   2.2368420E+02
  2.2368420E+02   2.2368420E+02   2.2368420E+02   2.2368420E+02   2.2368420E+02   2.2368420E+02   2.2368420E+02   2.2368420E+02   2.2368420E+02   2.2368420E+02
  2.2368420E+02   2.2368420E+02   2.2368420E+02   2.2368420E+02   2.2368420E+02   2.2368420E+02   2.2368420E+02   2.2368420E+02   2.2368420E+02   2.2368420E+02
  2.2368420E+02   2.2368420E+02   2.2368420E+02   2.2368420E+02   2.2368420E+02   2.2368420E+02   2.2368420E+02   2.2368420E+02   2.2368420E+02   2.2368420E+02
  2.2368420E+02   2.2368420E+02   2.2368420E+02   2.2368420E+02   2.2368420E+02   2.2368420E+02   2.2368420E+02   2.2368420E+02   2.2368420E+02   2.2368420E+02
  2.2368420E+02   2.2368420E+02   2.2368420E+02   2.2368420E+02   2.2368420E+02   2.2368420E+02   2.2368420E+02   2.2368420E+02   2.2368420E+02   2.2368420E+02
  2.2368420E+02   2.2368420E+02   2.2368420E+02   2.2368420E+02   2.3684210E+02   2.2368420E+02   2.3684210E+02   2.2368420E+02   2.3684210E+02   2.3684210E+02
  2.3684210E+02   2.3684210E+02   2.3684210E+02   2.3684210E+02   2.3684210E+02   2.3684210E+02   2.3684210E+02   2.3684210E+02   2.3684210E+02   2.3684210E+02
  2.3684210E+02   2.3684210E+02   2.3684210E+02   2.3684210E+02   2.3684210E+02   2.3684210E+02   2.3684210E+02   2.3684210E+02   2.3684210E+02   2.3684210E+02
  2.3684210E+02   2.3684210E+02   2.3684210E+02   2.3684210E+02   2.3684210E+02   2.3684210E+02   2.3684210E+02   2.3684210E+02   2.3684210E+02   2.3684210E+02
  2.3684210E+02   2.3684210E+02   2.3684210E+02   2.3684210E+02   2.3684210E+02   2.3684210E+02   2.3684210E+02   2.3684210E+02   2.3684210E+02   2.3684210E+02
  2.3684210E+02   2.3684210E+02   2.3684210E+02   2.3684210E+02   2.3684210E+02   2.3684210E+02   2.3684210E+02   2.3684210E+02   2.3684210E+02   2.3684210E+02
  2.3684210E+02   2.3684210E+02   2.3684210E+02   2.3684210E+02   2.3684210E+02   2.3684210E+02   2.3684210E+02   2.3684210E+02   2.3684210E+02   2.3684210E+02
  2.3684210E+02   2.3684210E+02   2.3684210E+02   2.3684210E+02   2.3684210E+02   2.3684210E+02   2.3684210E+02   2.3684210E+02   2.3684210E+02   2.3684210E+02
  2.3684210E+02   2.3684210E+02   2.3684210E+02   2.3684210E+02   2.3684210E+02   2.3684210E+02   2.3684210E+02   2.3684210E+02   2.3684210E+02   2.3684210E+02
  2.3684210E+02   2.3684210E+02   2.3684210E+02   2.3684210E+02   2.3684210E+02   2.3684210E+02   2.3684210E+02   2.3684210E+02   2.3684210E+02   2.3684210E+02
  2.3684210E+02   2.3684210E+02   2.3684210E+02   2.3684210E+02   2.3684210E+02   2.3684210E+02   2.3684210E+02   2.3684210E+02   2.3684210E+02   2.3684210E+02
  2.3684210E+02   2.3684210E+02   2.3684210E+02   2.3684210E+02   2.3684210E+02   2.3684210E+02   2.3684210E+02   2.3684210E+02   2.3684210E+02   2.3684210E+02
  2.3684210E+02   2.3684210E+02   2.3684210E+02   2.3684210E+02   2.3684210E+02   2.3684210E+02   2.3684210E+02   2.3684210E+02   2.3684210E+02   2.3684210E+02
  2.3684210E+02   2.3684210E+02   2.3684210E+02   2.3684210E+02   2.3684210E+02   2.3684210E+02   2.3684210E+02   2.3684210E+02   2.3684210E+02   2.3684210E+02
  2.3684210E+02   2.3684210E+02   2.3684210E+02   2.3684210E+02   2.3684210E+02   2.3684210E+02   2.3684210E+02   2.3684210E+02   2.3684210E+02   2.3684210E+02
  2.3684210E+02   2.3684210E+02   2.3684210E+02   2.3684210E+02   2.3684210E+02   2.3684210E+02   2.3684210E+02   2.3684210E+02   2.3684210E+02   2.3684210E+02
  2.3684210E+02   2.3684210E+02   2.3684210E+02   2.3684210E+02   2.3684210E+02   2.3684210E+02   2.3684210E+02   2.3684210E+02   2.3684210E+02   2.3684210E+02
  2.3684210E+02   2.3684210E+02   2.3684210E+02   2.3684210E+02   2.3684210E+02   2.3684210E+02   2.3684210E+02   2.3684210E+02   2.3684210E+02   2.3684210E+02
  2.3684210E+02   2.3684210E+02   2.3684210E+02   2.3684210E+02   2.3684210E+02   2.3684210E+02   2.3684210E+02   2.3684210E+02   2.3684210E+02   2.3684210E+02
  2.3684210E+02   2.3684210E+02   2.3684210E+02   2.3684210E+02   2.3684210E+02   2.3684210E+02   2.3684210E+02   2.3684210E+02   2.3684210E+02   2.3684210E+02
  2.3684210E+02   2.3684210E+02   2.3684210E+02   2.3684210E+02   2.3684210E+02   2.3684210E+02   2.3684210E+02   2.3684210E+02   2.3684210E+02   2.3684210E+02
  2.3684210E+02   2.3684210E+02   2.3684210E+02   2.3684210E+02   2.3684210E+02   2.3684210E+02   2.3684210E+02   2.3684210E+02   2.3684210E+02   2.3684210E+02
  2.3684210E+02   2.3684210E+02   2.3684210E+02   2.3684210E+02   2.3684210E+02   2.3684210E+02   2.3684210E+02   2.3684210E+02   2.3684210E+02   2.3684210E+02
  2.5000000E+02   2.5000000E+02   2.5000000E+02   2.5000000E+02   2.5000000E+02   2.5000000E+02   2.5000000E+02   2.5000000E+02   2.5000000E+02   2.5000000E+02
  2.5000000E+02   2.5000000E+02   2.5000000E+02   2.5000000E+02   2.5000000E+02   2.5000000E+02   2.5000000E+02   2.5000000E+02   2.5000000E+02   2.5000000E+02
  2.5000000E+02   2.5000000E+02   2.5000000E+02   2.5000000E+02   2.5000000E+02   2.5000000E+02   2.5000000E+02   2.3684210E+02   2.3684210E+02   2.3684210E+02
  2.3684210E+02   2.3684210E+02   2.3684210E+02   2.3684210E+02   2.3684210E+02   2.3684210E+02   2.3684210E+02   2.3684210E+02   2.3684210E+02   2.3684210E+02
  2.3684210E+02   2.3684210E+02   2.3684210E+02   2.3684210E+02   2.3684210E+02   2.3684210E+02   2.3684210E+02   2.3684210E+02   2.3684210E+02   2.3684210E+02
  2.3684210E+02   2.3684210E+02   2.3684210E+02   2.3684210E+02   2.3684210E+02   2.3684210E+02   2.3684210E+02   2.3684210E+02   2.3684210E+02   2.3684210E+02
  2.3684210E+02   2.3684210E+02   2.3684210E+02   2.3684210E+02   2.3684210E+02   2.3684210E+02   2.3684210E+02   2.3684210E+02   2.3684210E+02   2.3684210E+02
  2.3684210E+02   2.3684210E+02   2.3684210E+02   2.3684210E+02   2.3684210E+02   2.3684210E+02   2.3684210E+02   2.3684210E+02   2.3684210E+02   2.3684210E+02
  2.3684210E+02   2.3684210E+02   2.3684210E+02   2.3684210E+02   2.3684210E+02   2.3684210E+02   2.3684210E+02   2.3684210E+02   2.3684210E+02   2.3684210E+02
  2.3684210E+02   2.3684210E+02   2.3684210E+02   2.3684210E+02   2.3684210E+02   2.3684210E+02   2.3684210E+02   2.3684210E+02   2.3684210E+02   2.3684210E+02
  2.3684210E+02   2.3684210E+02   2.3684210E+02   2.3684210E+02   2.3684210E+02   2.3684210E+02   2.3684210E+02   2.3684210E+02   2.3684210E+02   2.3684210E+02
  2.3684210E+02   2.3684210E+02   2.3684210E+02   2.3684210E+02   2.3684210E+02   2.3684210E+02   2.3684210E+02   2.3684210E+02   2.3684210E+02   2.3684210E+02
  2.3684210E+02   2.3684210E+02   2.3684210E+02   2.3684210E+02   2.3684210E+02   2.3684210E+02   2.3684210E+02   2.3684210E+02   2.3684210E+02   2.3684210E+02
  2.3684210E+02   2.3684210E+02   2.3684210E+02   2.3684210E+02   2.3684210E+02   2.3684210E+02   2.3684210E+02   2.3684210E+02   2.3684210E+02   2.3684210E+02
  2.3684210E+02   2.3684210E+02   2.3684210E+02   2.3684210E+02   2.3684210E+02   2.3684210E+02   2.3684210E+02   2.3684210E+02   2.3684210E+02   2.3684210E+02
  2.3684210E+02   2.3684210E+02   2.3684210E+02   2.3684210E+02   2.3684210E+02   2.3684210E+02   2.3684210E+02   2.3684210E+02   2.3684210E+02   2.3684210E+02
  2.3684210E+02   2.3684210E+02   2.3684210E+02   2.3684210E+02   2.3684210E+02   2.3684210E+02   2.3684210E+02   2.3684210E+02   2.3684210E+02   2.3684210E+02
  2.3684210E+02   2.3684210E+02   2.3684210E+02   2.3684210E+02   2.3684210E+02   2.3684210E+02   2.3684210E+02   2.3684210E+02   2.3684210E+02   2.3684210E+02
  2.3684210E+02   2.3684210E+02   2.3684210E+02   2.3684210E+02   2.3684210E+02   2.3684210E+02   2.3684210E+02   2.3684210E+02   2.3684210E+02   2.3684210E+02
  2.3684210E+02   2.3684210E+02   2.3684210E+02   2.3684210E+02   2.3684210E+02   2.3684210E+02   2.3684210E+02   2.3684210E+02   2.3684210E+02   2.3684210E+02
  2.3684210E+02   2.3684210E+02   2.3684210E+02   2.5000000E+02   2.5000000E+02   2.5000000E+02   2.5000000E+02   2.5000000E+02   2.5000000E+02   2.5000000E+02
  2.5000000E+02   2.5000000E+02   2.5000000E+02   2.5000000E+02   2.5000000E+02   2.5000000E+02   2.5000000E+02   2.5000000E+02   2.5000000E+02   2.5000000E+02
  2.5000000E+02   2.5000000E+02   2.5000000E+02   2.5000000E+02   2.5000000E+02   2.5000000E+02   2.5000000E+02   2.5000000E+02   2.5000000E+02   2.5000000E+02
  2.5000000E+02   2.5000000E+02   2.5000000E+02   2.5000000E+02   2.5000000E+02   2.5000000E+02   2.5000000E+02   2.5000000E+02   2.5000000E+02   2.5000000E+02
  2.5000000E+02   2.5000000E+02   2.5000000E+02   2.5000000E+02   2.5000000E+02   2.5000000E+02   2.5000000E+02   2.5000000E+02   2.5000000E+02   2.5000000E+02
  2.5000000E+02   2.5000000E+02   2.5000000E+02   2.5000000E+02   2.5000000E+02   2.5000000E+02   2.5000000E+02   2.5000000E+02   2.5000000E+02   2.5000000E+02
  2.5000000E+02   2.5000000E+02   2.5000000E+02   2.5000000E+02   2.5000000E+02   2.5000000E+02   2.5000000E+02   2.5000000E+02   2.5000000E+02   2.5000000E+02
  2.5000000E+02   2.5000000E+02   2.5000000E+02   2.5000000E+02   2.5000000E+02   2.5000000E+02   2.5000000E+02   2.5000000E+02   2.5000000E+02   2.5000000E+02
  2.5000000E+02   2.5000000E+02   2.5000000E+02   2.5000000E+02   2.5000000E+02   2.5000000E+02   2.5000000E+02   2.5000000E+02   2.5000000E+02   2.5000000E+02
  2.5000000E+02   2.5000000E+02   2.5000000E+02   2.5000000E+02   2.5000000E+02   2.5000000E+02   2.5000000E+02   2.5000000E+02   2.5000000E+02   2.5000000E+02
  2.5000000E+02   2.5000000E+02   2.5000000E+02   2.5000000E+02   2.5000000E+02   2.5000000E+02   2.5000000E+02   2.5000000E+02   2.5000000E+02   2.5000000E+02
  2.5000000E+02   2.5000000E+02   2.5000000E+02   2.5000000E+02   2.5000000E+02   2.5000000E+02   2.5000000E+02   2.5000000E+02   2.5000000E+02   2.5000000E+02
  2.5000000E+02   2.5000000E+02   2.3684210E+02   2.3684210E+02   2.5000000E+02   2.3684210E+02   2.3684210E+02   2.3684210E+02   2.5000000E+02   2.5000000E+02
  2.3684210E+02   2.5000000E+02   2.5000000E+02   2.5000000E+02   2.5000000E+02   2.5000000E+02   2.3684210E+02   2.5000000E+02   2.5000000E+02   2.5000000E+02
  2.5000000E+02   2.5000000E+02   2.5000000E+02   2.5000000E+02   2.5000000E+02   2.5000000E+02   2.5000000E+02   2.5000000E+02   2.5000000E+02   2.5000000E+02
  2.5000000E+02   2.5000000E+02   2.5000000E+02   2.5000000E+02   2.5000000E+02   2.5000000E+02   2.5000000E+02   2.5000000E+02   2.5000000E+02   2.5000000E+02
  2.5000000E+02   2.5000000E+02   2.5000000E+02   2.5000000E+02   2.5000000E+02   2.5000000E+02   2.5000000E+02   2.5000000E+02   2.3684210E+02   2.3684210E+02
  2.3684210E+02   2.3684210E+02   2.3684210E+02   2.3684210E+02   2.3684210E+02   2.3684210E+02   2.3684210E+02   2.3684210E+02   2.3684210E+02   2.3684210E+02
  2.3684210E+02   2.3684210E+02   2.3684210E+02   2.3684210E+02   2.3684210E+02   2.3684210E+02   2.3684210E+02   2.3684210E+02   2.3684210E+02   2.3684210E+02
  2.5000000E+02   2.5000000E+02   2.5000000E+02   2.5000000E+02   2.5000000E+02   2.5000000E+02   2.5000000E+02   2.5000000E+02   2.5000000E+02   2.5000000E+02
  2.5000000E+02   2.5000000E+02   2.5000000E+02   2.5000000E+02   2.5000000E+02   2.5000000E+02   2.5000000E+02   2.5000000E+02   2.5000000E+02   2.5000000E+02
  2.5000000E+02   2.5000000E+02   2.5000000E+02   2.5000000E+02   2.5000000E+02   2.5000000E+02   2.5000000E+02   2.5000000E+02   2.5000000E+02   2.5000000E+02
  2.5000000E+02   2.5000000E+02   2.5000000E+02   2.5000000E+02   2.5000000E+02   2.5000000E+02   2.5000000E+02   2.5000000E+02   2.5000000E+02   2.5000000E+02
  2.5000000E+02   2.5000000E+02   2.5000000E+02   2.5000000E+02   2.5000000E+02   2.5000000E+02   2.5000000E+02   2.5000000E+02   2.5000000E+02   2.5000000E+02
  2.5000000E+02   2.5000000E+02   2.5000000E+02   2.5000000E+02   2.5000000E+02   2.5000000E+02   2.5000000E+02   2.5000000E+02   2.5000000E+02   2.5000000E+02
  2.5000000E+02   2.5000000E+02   2.5000000E+02   2.5000000E+02   2.5000000E+02   2.5000000E+02   2.5000000E+02   2.3684210E+02   2.3684210E+02   2.3684210E+02
  2.3684210E+02   2.3684210E+02   2.3684210E+02   2.3684210E+02   2.3684210E+02   2.3684210E+02   2.3684210E+02   2.3684210E+02   2.3684210E+02   2.3684210E+02
  2.3684210E+02   2.3684210E+02   2.3684210E+02   2.3684210E+02   2.3684210E+02   2.3684210E+02   2.3684210E+02   2.3684210E+02   2.3684210E+02   2.3684210E+02
  2.3684210E+02   2.3684210E+02   2.3684210E+02   2.3684210E+02   2.3684210E+02   2.3684210E+02   2.3684210E+02   2.3684210E+02   2.3684210E+02   2.3684210E+02
  2.3684210E+02   2.3684210E+02   2.3684210E+02   2.3684210E+02   2.5000000E+02   2.5000000E+02   2.5000000E+02   2.5000000E+02   2.5000000E+02   2.5000000E+02
  2.5000000E+02   2.5000000E+02   2.5000000E+02   2.5000000E+02   2.5000000E+02   2.5000000E+02   2.5000000E+02   2.5000000E+02   2.5000000E+02   2.5000000E+02
  2.5000000E+02   2.5000000E+02   2.5000000E+02   2.5000000E+02   2.5000000E+02   2.5000000E+02   2.5000000E+02   2.5000000E+02   2.5000000E+02   2.5000000E+02
  2.5000000E+02   2.5000000E+02   2.5000000E+02   2.5000000E+02   2.5000000E+02   2.5000000E+02   2.5000000E+02   2.5000000E+02   2.5000000E+02   2.5000000E+02
  2.5000000E+02   2.5000000E+02   2.5000000E+02   2.5000000E+02   2.5000000E+02   2.5000000E+02   2.5000000E+02   2.5000000E+02   2.5000000E+02   2.5000000E+02
  2.5000000E+02   2.5000000E+02   2.5000000E+02   2.5000000E+02   2.5000000E+02   2.5000000E+02   2.5000000E+02   2.5000000E+02   2.5000000E+02   2.5000000E+02
  2.5000000E+02   2.5000000E+02   2.5000000E+02   2.5000000E+02   2.5000000E+02   2.5000000E+02   2.5000000E+02   2.5000000E+02   2.5000000E+02   2.5000000E+02
  2.5000000E+02   2.5000000E+02   2.5000000E+02   2.5000000E+02   2.5000000E+02   2.3684210E+02   2.3684210E+02   2.3684210E+02   2.3684210E+02   2.3684210E+02
  2.3684210E+02   2.3684210E+02   2.3684210E+02   2.3684210E+02   2.3684210E+02   2.3684210E+02   2.3684210E+02   2.3684210E+02   2.3684210E+02   2.3684210E+02
  2.3684210E+02   2.3684210E+02   2.3684210E+02   2.3684210E+02   2.3684210E+02   2.3684210E+02   2.3684210E+02   2.3684210E+02   2.3684210E+02   2.3684210E+02
  2.3684210E+02   2.3684210E+02   2.3684210E+02   2.3684210E+02   2.3684210E+02   2.3684210E+02   2.3684210E+02   2.3684210E+02   2.3684210E+02   2.3684210E+02
  2.3684210E+02   2.3684210E+02   2.3684210E+02   2.3684210E+02   2.3684210E+02   2.3684210E+02   2.3684210E+02   2.3684210E+02   2.3684210E+02   2.3684210E+02
  2.3684210E+02   2.3684210E+02   2.3684210E+02   2.3684210E+02   2.3684210E+02   2.3684210E+02   2.3684210E+02   2.3684210E+02   2.3684210E+02   2.3684210E+02
  2.3684210E+02   2.3684210E+02   2.3684210E+02   2.3684210E+02   2.3684210E+02   2.3684210E+02   2.3684210E+02   2.3684210E+02   2.3684210E+02   2.3684210E+02
  2.3684210E+02   2.3684210E+02   2.3684210E+02   2.3684210E+02   2.3684210E+02   2.3684210E+02   2.3684210E+02   2.3684210E+02   2.3684210E+02   2.3684210E+02
  2.3684210E+02   2.3684210E+02   2.3684210E+02   2.3684210E+02   2.3684210E+02   2.3684210E+02   2.3684210E+02   2.3684210E+02   2.3684210E+02   2.3684210E+02
  2.3684210E+02   2.3684210E+02   2.2368420E+02   2.2368420E+02   2.2368420E+02   2.2368420E+02   2.2368420E+02   2.2368420E+02   2.2368420E+02   2.2368420E+02
  2.2368420E+02   2.2368420E+02   2.3684210E+02   2.3684210E+02   2.3684210E+02   2.3684210E+02   2.3684210E+02   2.3684210E+02   2.3684210E+02   2.3684210E+02
  2.3684210E+02   2.3684210E+02   2.5000000E+02   2.5000000E+02   2.5000000E+02   2.5000000E+02   2.5000000E+02   2.5000000E+02   2.5000000E+02   2.5000000E+02
  2.5000000E+02   2.5000000E+02   2.5000000E+02   2.5000000E+02   2.5000000E+02   2.5000000E+02   2.5000000E+02   2.5000000E+02   2.5000000E+02   2.5000000E+02
  2.5000000E+02   2.5000000E+02   2.5000000E+02   2.5000000E+02   2.5000000E+02   2.5000000E+02   2.5000000E+02   2.5000000E+02   2.5000000E+02   2.5000000E+02
  2.5000000E+02   2.5000000E+02   2.5000000E+02   2.5000000E+02   2.5000000E+02   2.5000000E+02   2.5000000E+02   2.5000000E+02   2.5000000E+02   2.5000000E+02
  2.5000000E+02   2.5000000E+02   2.5000000E+02   2.5000000E+02   2.5000000E+02   2.5000000E+02   2.5000000E+02   2.5000000E+02   2.5000000E+02   2.5000000E+02
  2.5000000E+02   2.5000000E+02   2.5000000E+02   2.5000000E+02   2.5000000E+02   2.5000000E+02   2.5000000E+02   2.5000000E+02   2.5000000E+02   2.5000000E+02
  2.5000000E+02   2.5000000E+02   2.5000000E+02   2.5000000E+02   2.5000000E+02   2.5000000E+02   2.5000000E+02   2.5000000E+02   2.5000000E+02   2.5000000E+02
  2.5000000E+02   2.5000000E+02   2.5000000E+02   2.5000000E+02   2.5000000E+02   2.5000000E+02   2.5000000E+02   2.5000000E+02   2.5000000E+02   2.5000000E+02
  2.5000000E+02   2.5000000E+02   2.5000000E+02   2.5000000E+02   2.5000000E+02   2.5000000E+02   2.5000000E+02   2.5000000E+02   2.5000000E+02   2.5000000E+02
  2.5000000E+02   2.5000000E+02   2.5000000E+02   2.5000000E+02   2.5000000E+02   2.5000000E+02   2.5000000E+02   2.5000000E+02   2.5000000E+02   2.5000000E+02
  2.5000000E+02   2.5000000E+02   2.5000000E+02   2.5000000E+02   2.5000000E+02   2.5000000E+02   2.5000000E+02   2.5000000E+02   2.5000000E+02   2.5000000E+02
  2.5000000E+02   2.5000000E+02   2.5000000E+02   2.5000000E+02   2.5000000E+02   2.5000000E+02   2.5000000E+02   2.3684210E+02   2.3684210E+02   2.3684210E+02
  2.3684210E+02   2.3684210E+02   2.3684210E+02   2.3684210E+02   2.3684210E+02   2.3684210E+02   2.3684210E+02   2.3684210E+02   2.3684210E+02   2.3684210E+02
  2.3684210E+02   2.3684210E+02   2.3684210E+02   2.3684210E+02   2.3684210E+02   2.3684210E+02   2.3684210E+02   2.3684210E+02   2.3684210E+02   2.3684210E+02
  2.3684210E+02   2.3684210E+02   2.3684210E+02   2.3684210E+02   2.3684210E+02   2.3684210E+02   2.3684210E+02   2.3684210E+02   2.3684210E+02   2.3684210E+02
  2.3684210E+02   2.3684210E+02   2.3684210E+02   2.3684210E+02   2.3684210E+02   2.3684210E+02   2.3684210E+02   2.3684210E+02   2.3684210E+02   2.3684210E+02
  2.3684210E+02   2.3684210E+02   2.3684210E+02   2.3684210E+02   2.3684210E+02   2.3684210E+02   2.3684210E+02   2.3684210E+02   2.5000000E+02   2.5000000E+02
  2.5000000E+02   2.3684210E+02   2.3684210E+02   2.3684210E+02   2.5000000E+02   2.3684210E+02   2.5000000E+02   2.3684210E+02   2.3684210E+02   2.3684210E+02
  2.3684210E+02   2.3684210E+02   2.3684210E+02   2.3684210E+02   2.3684210E+02   2.3684210E+02   2.3684210E+02   2.3684210E+02   2.5000000E+02   2.5000000E+02
  2.5000000E+02   2.5000000E+02   2.5000000E+02   2.5000000E+02   2.5000000E+02   2.5000000E+02   2.5000000E+02   2.5000000E+02   2.5000000E+02   2.5000000E+02
  2.5000000E+02   2.5000000E+02   2.5000000E+02   2.5000000E+02   2.5000000E+02   2.5000000E+02   2.5000000E+02   2.5000000E+02   2.5000000E+02   2.5000000E+02
  2.5000000E+02   2.5000000E+02   2.5000000E+02   2.5000000E+02   2.5000000E+02   2.5000000E+02   2.5000000E+02   2.5000000E+02   2.5000000E+02   2.5000000E+02
  2.5000000E+02   2.5000000E+02   2.5000000E+02   2.5000000E+02   2.5000000E+02   2.5000000E+02   2.5000000E+02   2.5000000E+02   2.5000000E+02   2.5000000E+02
  2.5000000E+02   2.5000000E+02   2.5000000E+02   2.5000000E+02   2.5000000E+02   2.5000000E+02   2.5000000E+02   2.5000000E+02   2.5000000E+02   2.5000000E+02
  2.5000000E+02   2.5000000E+02   2.5000000E+02   2.5000000E+02   2.5000000E+02   2.5000000E+02   2.5000000E+02   2.5000000E+02   2.5000000E+02   2.5000000E+02
  2.5000000E+02   2.5000000E+02   2.5000000E+02   2.5000000E+02   2.5000000E+02   2.5000000E+02   2.5000000E+02   2.5000000E+02   2.5000000E+02   2.5000000E+02
  2.5000000E+02   2.5000000E+02   2.5000000E+02   2.5000000E+02   2.5000000E+02   2.5000000E+02   2.5000000E+02   2.5000000E+02   2.5000000E+02   2.5000000E+02
  2.5000000E+02   2.5000000E+02   2.5000000E+02   2.5000000E+02   2.5000000E+02   2.5000000E+02   2.5000000E+02   2.5000000E+02   2.5000000E+02   2.5000000E+02
  2.5000000E+02   2.5000000E+02   2.5000000E+02   2.5000000E+02   2.5000000E+02   2.5000000E+02   2.5000000E+02   2.5000000E+02   2.5000000E+02   2.5000000E+02
  2.5000000E+02   2.5000000E+02   2.5000000E+02   2.5000000E+02   2.5000000E+02   2.5000000E+02   2.5000000E+02   2.5000000E+02   2.5000000E+02   2.5000000E+02
  2.5000000E+02   2.5000000E+02   2.5000000E+02   2.6315790E+02   2.6315790E+02   2.5000000E+02   2.5000000E+02   2.6315790E+02   2.6315790E+02   2.6315790E+02
  2.5000000E+02   2.5000000E+02   2.5000000E+02   2.5000000E+02   2.5000000E+02   2.5000000E+02   2.5000000E+02   2.5000000E+02   2.5000000E+02   2.5000000E+02
  2.5000000E+02   2.5000000E+02   2.5000000E+02   2.5000000E+02   2.5000000E+02   2.5000000E+02   2.5000000E+02   2.5000000E+02   2.5000000E+02   2.5000000E+02
  2.5000000E+02   2.5000000E+02   2.5000000E+02   2.5000000E+02   2.5000000E+02   2.5000000E+02   2.5000000E+02   2.5000000E+02   2.5000000E+02   2.5000000E+02
  2.5000000E+02   2.5000000E+02   2.5000000E+02   2.5000000E+02   2.5000000E+02   2.5000000E+02   2.5000000E+02   2.5000000E+02   2.5000000E+02   2.5000000E+02
  2.5000000E+02   2.5000000E+02   2.5000000E+02   2.5000000E+02   2.5000000E+02   2.5000000E+02   2.5000000E+02   2.5000000E+02   2.5000000E+02   2.5000000E+02
  2.5000000E+02   2.5000000E+02   2.5000000E+02   2.5000000E+02   2.5000000E+02   2.5000000E+02   2.5000000E+02   2.5000000E+02   2.5000000E+02   2.5000000E+02
  2.5000000E+02   2.5000000E+02   2.5000000E+02   2.5000000E+02   2.5000000E+02   2.5000000E+02   2.5000000E+02   2.5000000E+02   2.5000000E+02   2.5000000E+02
  2.5000000E+02   2.5000000E+02   2.5000000E+02   2.5000000E+02   2.5000000E+02   2.5000000E+02   2.5000000E+02   2.5000000E+02   2.5000000E+02   2.5000000E+02
  2.5000000E+02   2.5000000E+02   2.5000000E+02   2.5000000E+02   2.5000000E+02   2.5000000E+02   2.5000000E+02   2.5000000E+02   2.5000000E+02   2.5000000E+02
  2.5000000E+02   2.5000000E+02   2.5000000E+02   2.5000000E+02   2.3684210E+02   2.3684210E+02   2.5000000E+02   2.3684210E+02   2.3684210E+02   2.3684210E+02
  2.5000000E+02   2.5000000E+02   2.5000000E+02   2.5000000E+02   2.5000000E+02   2.5000000E+02   2.5000000E+02   2.5000000E+02   2.5000000E+02   2.5000000E+02
  2.5000000E+02   2.5000000E+02   2.5000000E+02   2.3684210E+02   2.5000000E+02   2.5000000E+02   2.5000000E+02   2.5000000E+02   2.5000000E+02   2.5000000E+02
  2.5000000E+02   2.5000000E+02   2.5000000E+02   2.5000000E+02   2.5000000E+02   2.5000000E+02   2.5000000E+02   2.5000000E+02   2.5000000E+02   2.3684210E+02
  2.3684210E+02   2.3684210E+02   2.3684210E+02   2.3684210E+02   2.3684210E+02   2.3684210E+02   2.3684210E+02   2.3684210E+02   2.3684210E+02   2.3684210E+02
  2.3684210E+02   2.3684210E+02   2.5000000E+02   2.5000000E+02   2.3684210E+02   2.3684210E+02   2.5000000E+02   2.5000000E+02   2.5000000E+02   2.5000000E+02
  2.5000000E+02   2.5000000E+02   2.5000000E+02   2.5000000E+02   2.5000000E+02   2.5000000E+02   2.5000000E+02   2.5000000E+02   2.5000000E+02   2.5000000E+02
  2.5000000E+02   2.5000000E+02   2.5000000E+02   2.5000000E+02   2.5000000E+02   2.5000000E+02   2.5000000E+02   2.5000000E+02   2.5000000E+02   2.5000000E+02
  2.5000000E+02   2.5000000E+02   2.5000000E+02   2.5000000E+02   2.5000000E+02   2.5000000E+02   2.5000000E+02   2.5000000E+02   2.5000000E+02   2.5000000E+02
  2.5000000E+02   2.5000000E+02   2.5000000E+02   2.5000000E+02   2.5000000E+02   2.5000000E+02   2.5000000E+02   2.5000000E+02   2.5000000E+02   2.5000000E+02
  2.5000000E+02   2.5000000E+02   2.5000000E+02   2.5000000E+02   2.5000000E+02   2.5000000E+02   2.5000000E+02   2.5000000E+02   2.5000000E+02   2.5000000E+02
  2.5000000E+02   2.5000000E+02   2.5000000E+02   2.5000000E+02   2.5000000E+02   2.5000000E+02   2.5000000E+02   2.5000000E+02   2.5000000E+02   2.5000000E+02
  2.5000000E+02   2.5000000E+02   2.5000000E+02   2.5000000E+02   2.5000000E+02   2.5000000E+02   2.5000000E+02   2.5000000E+02   2.5000000E+02   2.5000000E+02
  2.5000000E+02   2.5000000E+02   2.5000000E+02   2.5000000E+02   2.5000000E+02   2.5000000E+02   2.5000000E+02   2.5000000E+02   2.5000000E+02   2.5000000E+02
  2.5000000E+02   2.5000000E+02   2.5000000E+02   2.5000000E+02   2.5000000E+02   2.5000000E+02   2.5000000E+02   2.5000000E+02   2.5000000E+02   2.5000000E+02
  2.5000000E+02   2.5000000E+02   2.5000000E+02   2.5000000E+02   2.5000000E+02   2.5000000E+02   2.5000000E+02   2.5000000E+02   2.5000000E+02   2.5000000E+02
  2.5000000E+02   2.5000000E+02   2.5000000E+02   2.5000000E+02   2.5000000E+02   2.5000000E+02   2.5000000E+02   2.5000000E+02   2.5000000E+02   2.5000000E+02
  2.5000000E+02   2.5000000E+02   2.5000000E+02   2.5000000E+02   2.5000000E+02   2.5000000E+02   2.5000000E+02   2.5000000E+02   2.5000000E+02   2.5000000E+02
  2.5000000E+02   2.5000000E+02   2.5000000E+02   2.5000000E+02   2.5000000E+02   2.5000000E+02   2.5000000E+02   2.5000000E+02   2.5000000E+02   2.5000000E+02
  2.5000000E+02   2.5000000E+02   2.5000000E+02   2.5000000E+02   2.5000000E+02   2.5000000E+02   2.5000000E+02   2.5000000E+02   2.5000000E+02   2.5000000E+02
  2.5000000E+02   2.5000000E+02   2.5000000E+02   2.5000000E+02   2.5000000E+02   2.5000000E+02   2.5000000E+02   2.5000000E+02   2.5000000E+02   2.5000000E+02
  2.5000000E+02   2.5000000E+02   2.5000000E+02   2.5000000E+02   2.5000000E+02   2.5000000E+02   2.5000000E+02   2.5000000E+02   2.5000000E+02   2.5000000E+02
  2.5000000E+02   2.5000000E+02   2.5000000E+02   2.5000000E+02   2.5000000E+02   2.5000000E+02   2.5000000E+02   2.5000000E+02   2.5000000E+02   2.5000000E+02
  2.5000000E+02   2.5000000E+02   2.5000000E+02   2.5000000E+02   2.5000000E+02   2.5000000E+02   2.5000000E+02   2.5000000E+02   2.3684210E+02   2.3684210E+02
  2.3684210E+02   2.5000000E+02   2.5000000E+02   2.5000000E+02   2.5000000E+02   2.5000000E+02   2.5000000E+02   2.5000000E+02   2.5000000E+02   2.5000000E+02
  2.3684210E+02   2.3684210E+02   2.3684210E+02   2.3684210E+02   2.3684210E+02   2.3684210E+02   2.3684210E+02   2.3684210E+02   2.3684210E+02   2.3684210E+02
  2.3684210E+02   2.3684210E+02   2.3684210E+02   2.3684210E+02   2.3684210E+02   2.3684210E+02   2.3684210E+02   2.3684210E+02   2.3684210E+02   2.3684210E+02
  2.3684210E+02   2.3684210E+02   2.3684210E+02   2.3684210E+02   2.3684210E+02   2.3684210E+02   2.3684210E+02   2.3684210E+02   2.3684210E+02   2.3684210E+02
  2.3684210E+02   2.3684210E+02   2.3684210E+02   2.3684210E+02   2.3684210E+02   2.3684210E+02   2.3684210E+02   2.3684210E+02   2.3684210E+02   2.3684210E+02
  2.3684210E+02   2.3684210E+02   2.3684210E+02   2.3684210E+02   2.3684210E+02   2.3684210E+02   2.3684210E+02   2.3684210E+02   2.3684210E+02   2.3684210E+02
  2.3684210E+02   2.3684210E+02   2.3684210E+02   2.3684210E+02   2.3684210E+02   2.3684210E+02   2.3684210E+02   2.3684210E+02   2.3684210E+02   2.3684210E+02
  2.3684210E+02   2.3684210E+02   2.3684210E+02   2.3684210E+02   2.5000000E+02   2.5000000E+02   2.3684210E+02   2.5000000E+02   2.5000000E+02   2.5000000E+02
  2.5000000E+02   2.5000000E+02   2.5000000E+02   2.5000000E+02   2.5000000E+02   2.5000000E+02   2.5000000E+02   2.5000000E+02   2.5000000E+02   2.5000000E+02
  2.5000000E+02   2.5000000E+02   2.5000000E+02   2.5000000E+02   2.5000000E+02   2.5000000E+02   2.5000000E+02   2.5000000E+02   2.5000000E+02   2.5000000E+02
  2.5000000E+02   2.5000000E+02   2.5000000E+02   2.5000000E+02   2.5000000E+02   2.5000000E+02   2.5000000E+02   2.5000000E+02   2.5000000E+02   2.5000000E+02
  2.5000000E+02   2.5000000E+02   2.5000000E+02   2.5000000E+02   2.5000000E+02   2.5000000E+02   2.5000000E+02   2.5000000E+02   2.5000000E+02   2.5000000E+02
  2.5000000E+02   2.5000000E+02   2.5000000E+02   2.5000000E+02   2.5000000E+02   2.5000000E+02   2.5000000E+02   2.5000000E+02   2.5000000E+02   2.5000000E+02
  2.5000000E+02   2.5000000E+02   2.5000000E+02   2.5000000E+02   2.5000000E+02   2.5000000E+02   2.5000000E+02   2.5000000E+02   2.5000000E+02   2.5000000E+02
  2.5000000E+02   2.5000000E+02   2.5000000E+02   2.5000000E+02   2.5000000E+02   2.5000000E+02   2.5000000E+02   2.5000000E+02   2.5000000E+02   2.5000000E+02
  2.5000000E+02   2.5000000E+02   2.5000000E+02   2.5000000E+02   2.5000000E+02   2.5000000E+02   2.5000000E+02   2.5000000E+02   2.5000000E+02   2.5000000E+02
  2.5000000E+02   2.5000000E+02   2.5000000E+02   2.5000000E+02   2.5000000E+02   2.5000000E+02   2.5000000E+02   2.5000000E+02   2.5000000E+02   2.5000000E+02
  2.5000000E+02   2.5000000E+02   2.5000000E+02   2.5000000E+02   2.5000000E+02   2.5000000E+02   2.5000000E+02   2.5000000E+02   2.5000000E+02   2.5000000E+02
  2.5000000E+02   2.5000000E+02   2.5000000E+02   2.5000000E+02   2.5000000E+02   2.5000000E+02   2.5000000E+02   2.5000000E+02   2.5000000E+02   2.5000000E+02
  2.5000000E+02   2.5000000E+02   2.5000000E+02   2.5000000E+02   2.5000000E+02   2.5000000E+02   2.5000000E+02   2.5000000E+02   2.5000000E+02   2.5000000E+02
  2.5000000E+02   2.5000000E+02   2.5000000E+02   2.5000000E+02   2.5000000E+02   2.5000000E+02   2.5000000E+02   2.5000000E+02   2.5000000E+02   2.5000000E+02
  2.5000000E+02   2.5000000E+02   2.5000000E+02   2.5000000E+02   2.5000000E+02   2.5000000E+02   2.5000000E+02   2.5000000E+02   2.5000000E+02   2.5000000E+02
  2.5000000E+02   2.5000000E+02   2.5000000E+02   2.5000000E+02   2.5000000E+02   2.5000000E+02   2.5000000E+02   2.5000000E+02   2.5000000E+02   2.5000000E+02
  2.5000000E+02   2.5000000E+02   2.5000000E+02   2.5000000E+02   2.5000000E+02   2.5000000E+02   2.5000000E+02   2.5000000E+02   2.5000000E+02   2.3684210E+02
  2.3684210E+02   2.3684210E+02   2.3684210E+02   2.3684210E+02   2.3684210E+02   2.3684210E+02   2.3684210E+02   2.3684210E+02   2.3684210E+02   2.3684210E+02
  2.3684210E+02   2.3684210E+02   2.3684210E+02   2.3684210E+02   2.3684210E+02   2.3684210E+02   2.3684210E+02   2.3684210E+02   2.3684210E+02   2.3684210E+02
  2.3684210E+02   2.3684210E+02   2.3684210E+02   2.3684210E+02   2.3684210E+02   2.3684210E+02   2.3684210E+02   2.3684210E+02   2.3684210E+02   2.3684210E+02
  2.3684210E+02   2.3684210E+02   2.5000000E+02   2.3684210E+02   2.5000000E+02   2.5000000E+02   2.3684210E+02   2.5000000E+02   2.3684210E+02   2.3684210E+02
  2.3684210E+02   2.3684210E+02   2.3684210E+02   2.5000000E+02   2.5000000E+02   2.5000000E+02   2.5000000E+02   2.5000000E+02   2.5000000E+02   2.5000000E+02
  2.5000000E+02   2.5000000E+02   2.5000000E+02   2.5000000E+02   2.5000000E+02   2.5000000E+02   2.5000000E+02   2.5000000E+02   2.5000000E+02   2.5000000E+02
  2.5000000E+02   2.5000000E+02   2.5000000E+02   2.5000000E+02   2.5000000E+02   2.5000000E+02   2.5000000E+02   2.5000000E+02   2.5000000E+02   2.5000000E+02
  2.5000000E+02   2.5000000E+02   2.5000000E+02   2.5000000E+02   2.5000000E+02   2.5000000E+02   2.5000000E+02   2.5000000E+02   2.5000000E+02   2.5000000E+02
  2.3684210E+02   2.3684210E+02   2.5000000E+02   2.5000000E+02   2.3684210E+02   2.3684210E+02   2.3684210E+02   2.3684210E+02   2.3684210E+02   2.3684210E+02
  2.3684210E+02   2.3684210E+02   2.3684210E+02   2.3684210E+02   2.3684210E+02   2.3684210E+02   2.3684210E+02   2.3684210E+02   2.3684210E+02   2.3684210E+02
  2.3684210E+02   2.3684210E+02   2.3684210E+02   2.3684210E+02   2.3684210E+02   2.3684210E+02   2.3684210E+02   2.3684210E+02   2.3684210E+02   2.3684210E+02
  2.3684210E+02   2.3684210E+02   2.3684210E+02   2.3684210E+02   2.3684210E+02   2.3684210E+02   2.3684210E+02   2.3684210E+02   2.3684210E+02   2.3684210E+02
  2.3684210E+02   2.3684210E+02   2.3684210E+02   2.3684210E+02   2.3684210E+02   2.3684210E+02   2.3684210E+02   2.3684210E+02   2.3684210E+02   2.3684210E+02
  2.3684210E+02   2.3684210E+02   2.3684210E+02   2.3684210E+02   2.3684210E+02   2.3684210E+02   2.3684210E+02   2.3684210E+02   2.3684210E+02   2.3684210E+02
  2.3684210E+02   2.3684210E+02   2.5000000E+02   2.5000000E+02   2.5000000E+02   2.5000000E+02   2.5000000E+02   2.5000000E+02   2.5000000E+02   2.5000000E+02
  2.5000000E+02   2.5000000E+02   2.5000000E+02   2.5000000E+02   2.5000000E+02   2.3684210E+02   2.5000000E+02   2.3684210E+02   2.5000000E+02   2.5000000E+02
  2.3684210E+02   2.5000000E+02   2.5000000E+02   2.5000000E+02   2.5000000E+02   2.5000000E+02   2.5000000E+02   2.5000000E+02   2.5000000E+02   2.3684210E+02
  2.5000000E+02   2.5000000E+02   2.5000000E+02   2.5000000E+02   2.5000000E+02   2.5000000E+02   2.5000000E+02   2.5000000E+02   2.5000000E+02   2.5000000E+02
  2.3684210E+02   2.3684210E+02   2.3684210E+02   2.3684210E+02   2.3684210E+02   2.3684210E+02   2.3684210E+02   2.3684210E+02   2.3684210E+02   2.3684210E+02
  2.3684210E+02   2.3684210E+02   2.3684210E+02   2.3684210E+02   2.3684210E+02   2.3684210E+02   2.3684210E+02   2.3684210E+02   2.3684210E+02   2.3684210E+02
  2.3684210E+02   2.3684210E+02   2.3684210E+02   2.3684210E+02   2.3684210E+02   2.3684210E+02   2.3684210E+02   2.3684210E+02   2.3684210E+02   2.3684210E+02
  2.3684210E+02   2.3684210E+02   2.3684210E+02   2.3684210E+02   2.3684210E+02   2.3684210E+02   2.3684210E+02   2.3684210E+02   2.3684210E+02   2.3684210E+02
  2.3684210E+02   2.3684210E+02   2.3684210E+02   2.5000000E+02   2.5000000E+02   2.5000000E+02   2.5000000E+02   2.5000000E+02   2.5000000E+02   2.5000000E+02
  2.5000000E+02   2.5000000E+02   2.5000000E+02   2.5000000E+02   2.5000000E+02   2.5000000E+02   2.5000000E+02   2.5000000E+02   2.5000000E+02   2.5000000E+02
  2.5000000E+02   2.5000000E+02   2.5000000E+02   2.5000000E+02   2.5000000E+02   2.5000000E+02   2.5000000E+02   2.5000000E+02   2.5000000E+02   2.5000000E+02
  2.5000000E+02   2.5000000E+02   2.5000000E+02   2.5000000E+02   2.5000000E+02   2.3684210E+02   2.3684210E+02   2.3684210E+02   2.3684210E+02   2.3684210E+02
  2.3684210E+02   2.3684210E+02   2.3684210E+02   2.3684210E+02   2.3684210E+02   2.3684210E+02   2.3684210E+02   2.3684210E+02   2.3684210E+02   2.3684210E+02
  2.3684210E+02   2.3684210E+02   2.3684210E+02   2.3684210E+02   2.3684210E+02   2.3684210E+02   2.3684210E+02   2.3684210E+02   2.3684210E+02   2.3684210E+02
  2.3684210E+02   2.3684210E+02   2.3684210E+02   2.3684210E+02   2.3684210E+02   2.3684210E+02   2.3684210E+02   2.3684210E+02   2.5000000E+02   2.5000000E+02
  2.3684210E+02   2.5000000E+02   2.5000000E+02   2.5000000E+02   2.5000000E+02   2.5000000E+02   2.5000000E+02   2.5000000E+02   2.5000000E+02   2.5000000E+02
  2.3684210E+02   2.5000000E+02   2.5000000E+02   2.3684210E+02   2.5000000E+02   2.5000000E+02   2.3684210E+02   2.3684210E+02   2.3684210E+02   2.3684210E+02
  2.3684210E+02   2.3684210E+02   2.3684210E+02   2.3684210E+02   2.3684210E+02   2.3684210E+02   2.3684210E+02   2.3684210E+02   2.3684210E+02   2.3684210E+02
  2.5000000E+02   2.5000000E+02   2.5000000E+02   2.5000000E+02   2.5000000E+02   2.5000000E+02   2.5000000E+02   2.5000000E+02   2.5000000E+02   2.5000000E+02
  2.5000000E+02   2.5000000E+02   2.5000000E+02   2.5000000E+02   2.5000000E+02   2.5000000E+02   2.5000000E+02   2.5000000E+02   2.5000000E+02   2.5000000E+02
  2.5000000E+02   2.5000000E+02   2.5000000E+02   2.5000000E+02   2.5000000E+02   2.5000000E+02   2.5000000E+02   2.3684210E+02   2.3684210E+02   2.3684210E+02
  2.3684210E+02   2.3684210E+02   2.3684210E+02   2.3684210E+02   2.3684210E+02   2.3684210E+02   2.3684210E+02   2.2368420E+02   2.2368420E+02   2.2368420E+02
  2.2368420E+02   2.2368420E+02   2.2368420E+02   2.2368420E+02   2.2368420E+02   2.5000000E+02   2.5000000E+02   2.5000000E+02   2.5000000E+02   2.5000000E+02
  2.5000000E+02   2.3684210E+02   2.3684210E+02   2.3684210E+02   2.3684210E+02   2.3684210E+02   2.3684210E+02   2.3684210E+02   2.3684210E+02   2.3684210E+02
  2.3684210E+02   2.3684210E+02   2.3684210E+02   2.3684210E+02   2.3684210E+02   2.3684210E+02   2.3684210E+02   2.3684210E+02   2.3684210E+02   2.3684210E+02
  2.3684210E+02   2.3684210E+02   2.3684210E+02   2.3684210E+02   2.3684210E+02   2.3684210E+02   2.3684210E+02   2.3684210E+02   2.3684210E+02   2.3684210E+02
  2.3684210E+02   2.3684210E+02   2.3684210E+02   2.3684210E+02   2.3684210E+02   2.3684210E+02   2.3684210E+02   2.3684210E+02   2.3684210E+02   2.3684210E+02
  2.3684210E+02   2.3684210E+02   2.3684210E+02   2.3684210E+02   2.3684210E+02   2.3684210E+02   2.3684210E+02   2.3684210E+02   2.3684210E+02   2.3684210E+02
  2.3684210E+02   2.3684210E+02   2.3684210E+02   2.3684210E+02   2.3684210E+02   2.3684210E+02   2.3684210E+02   2.3684210E+02   2.3684210E+02   2.3684210E+02
  2.3684210E+02   2.3684210E+02   2.3684210E+02   2.3684210E+02   2.5000000E+02   2.5000000E+02   2.5000000E+02   2.5000000E+02   2.5000000E+02   2.5000000E+02
  2.5000000E+02   2.5000000E+02   2.5000000E+02   2.5000000E+02   2.5000000E+02   2.5000000E+02   2.5000000E+02   2.5000000E+02   2.5000000E+02   2.5000000E+02
  2.5000000E+02   2.5000000E+02   2.5000000E+02   2.5000000E+02   2.5000000E+02   2.5000000E+02   2.5000000E+02   2.5000000E+02   2.5000000E+02   2.5000000E+02
  2.5000000E+02   2.5000000E+02   2.5000000E+02   2.5000000E+02   2.5000000E+02   2.5000000E+02   2.5000000E+02   2.5000000E+02   2.5000000E+02   2.5000000E+02
  2.5000000E+02   2.5000000E+02   2.5000000E+02   2.5000000E+02   2.5000000E+02   2.5000000E+02   2.5000000E+02   2.5000000E+02   2.5000000E+02   2.5000000E+02
  2.5000000E+02   2.5000000E+02   2.5000000E+02   2.5000000E+02   2.5000000E+02   2.5000000E+02   2.5000000E+02   2.5000000E+02   2.5000000E+02   2.5000000E+02
  2.5000000E+02   2.5000000E+02   2.5000000E+02   2.5000000E+02   2.5000000E+02   2.5000000E+02   2.5000000E+02   2.5000000E+02   2.5000000E+02   2.5000000E+02
  2.5000000E+02   2.5000000E+02   2.5000000E+02   2.5000000E+02   2.5000000E+02   2.5000000E+02   2.5000000E+02   2.5000000E+02   2.3684210E+02   2.3684210E+02
  2.5000000E+02   2.5000000E+02   2.5000000E+02   2.5000000E+02   2.5000000E+02   2.5000000E+02   2.5000000E+02   2.5000000E+02   2.5000000E+02   2.5000000E+02
  2.5000000E+02   2.5000000E+02   2.5000000E+02   2.5000000E+02   2.5000000E+02   2.5000000E+02   2.5000000E+02   2.5000000E+02   2.5000000E+02   2.5000000E+02
  2.5000000E+02   2.5000000E+02   2.5000000E+02   2.5000000E+02   2.5000000E+02   2.5000000E+02   2.5000000E+02   2.5000000E+02   2.5000000E+02   2.5000000E+02
  2.5000000E+02   2.5000000E+02   2.5000000E+02   2.5000000E+02   2.5000000E+02   2.5000000E+02   2.5000000E+02   2.5000000E+02   2.5000000E+02   2.5000000E+02
  2.5000000E+02   2.3684210E+02   2.5000000E+02   2.3684210E+02   2.5000000E+02   2.3684210E+02   2.5000000E+02   2.5000000E+02   2.5000000E+02   2.5000000E+02
  2.5000000E+02   2.5000000E+02   2.5000000E+02   2.5000000E+02   2.5000000E+02   2.5000000E+02   2.5000000E+02   2.3684210E+02   2.3684210E+02   2.3684210E+02
  2.3684210E+02   2.3684210E+02   2.3684210E+02   2.3684210E+02   2.3684210E+02   2.3684210E+02   2.3684210E+02   2.3684210E+02   2.5000000E+02   2.3684210E+02
  2.5000000E+02   2.5000000E+02   2.5000000E+02   2.5000000E+02   2.5000000E+02   2.5000000E+02   2.5000000E+02   2.5000000E+02   2.5000000E+02   2.5000000E+02
  2.5000000E+02   2.5000000E+02   2.5000000E+02   2.5000000E+02   2.5000000E+02   2.5000000E+02   2.5000000E+02   2.5000000E+02   2.5000000E+02   2.5000000E+02
  2.5000000E+02   2.3684210E+02   2.5000000E+02   2.3684210E+02   2.5000000E+02   2.3684210E+02   2.5000000E+02   2.5000000E+02   2.5000000E+02   2.5000000E+02
  2.5000000E+02   2.5000000E+02   2.5000000E+02   2.5000000E+02   2.5000000E+02   2.5000000E+02   2.5000000E+02   2.3684210E+02   2.3684210E+02   2.3684210E+02
  2.3684210E+02   2.3684210E+02   2.3684210E+02   2.3684210E+02   2.3684210E+02   2.3684210E+02   2.3684210E+02   2.3684210E+02   2.3684210E+02   2.3684210E+02
  2.3684210E+02   2.3684210E+02   2.3684210E+02   2.3684210E+02   2.5000000E+02   2.5000000E+02   2.5000000E+02   2.5000000E+02   2.5000000E+02   2.5000000E+02
  2.5000000E+02   2.5000000E+02   2.5000000E+02   2.5000000E+02   2.5000000E+02   2.5000000E+02   2.5000000E+02   2.5000000E+02   2.5000000E+02   2.5000000E+02
  2.5000000E+02   2.5000000E+02   2.5000000E+02   2.5000000E+02   2.5000000E+02   2.5000000E+02   2.5000000E+02   2.5000000E+02   2.5000000E+02   2.5000000E+02
  2.5000000E+02   2.5000000E+02   2.5000000E+02   2.5000000E+02   2.5000000E+02   2.5000000E+02   2.5000000E+02   2.5000000E+02   2.5000000E+02   2.5000000E+02
  2.5000000E+02   2.5000000E+02   2.5000000E+02   2.5000000E+02   2.5000000E+02   2.5000000E+02   2.5000000E+02   2.5000000E+02   2.5000000E+02   2.5000000E+02
  2.5000000E+02   2.5000000E+02   2.5000000E+02   2.5000000E+02   2.5000000E+02   2.5000000E+02   2.5000000E+02   2.5000000E+02   2.5000000E+02   2.5000000E+02
  2.3684210E+02   2.3684210E+02   2.3684210E+02   2.3684210E+02   2.3684210E+02   2.3684210E+02   2.3684210E+02   2.3684210E+02   2.3684210E+02   2.3684210E+02
  2.3684210E+02   2.3684210E+02   2.3684210E+02   2.3684210E+02   2.3684210E+02   2.3684210E+02   2.3684210E+02   2.3684210E+02   2.3684210E+02   2.3684210E+02
  2.3684210E+02   2.3684210E+02   2.3684210E+02   2.3684210E+02   2.3684210E+02   2.3684210E+02   2.3684210E+02   2.3684210E+02   2.3684210E+02   2.3684210E+02
  2.3684210E+02   2.5000000E+02   2.5000000E+02   2.5000000E+02   2.5000000E+02   2.5000000E+02   2.5000000E+02   2.5000000E+02   2.5000000E+02   2.5000000E+02
  2.5000000E+02   2.5000000E+02   2.5000000E+02   2.5000000E+02   2.5000000E+02   2.5000000E+02   2.5000000E+02   2.5000000E+02   2.5000000E+02   2.5000000E+02
  2.5000000E+02   2.5000000E+02   2.5000000E+02   2.5000000E+02   2.5000000E+02   2.5000000E+02   2.5000000E+02   2.5000000E+02   2.5000000E+02   2.5000000E+02
  2.5000000E+02   2.5000000E+02   2.5000000E+02   2.5000000E+02   2.5000000E+02   2.5000000E+02   2.5000000E+02   2.5000000E+02   2.5000000E+02   2.5000000E+02
  2.5000000E+02   2.5000000E+02   2.5000000E+02   2.5000000E+02   2.5000000E+02   2.5000000E+02   2.5000000E+02   2.5000000E+02   2.5000000E+02   2.5000000E+02
  2.5000000E+02   2.5000000E+02   2.5000000E+02   2.5000000E+02   2.5000000E+02   2.5000000E+02   2.5000000E+02   2.5000000E+02   2.5000000E+02   2.5000000E+02
  2.5000000E+02   2.5000000E+02   2.5000000E+02   2.5000000E+02   2.5000000E+02   2.5000000E+02   2.5000000E+02   2.5000000E+02   2.5000000E+02   2.5000000E+02
  2.5000000E+02   2.5000000E+02   2.5000000E+02   2.5000000E+02   2.5000000E+02   2.5000000E+02   2.5000000E+02   2.5000000E+02   2.5000000E+02   2.5000000E+02
  2.5000000E+02   2.5000000E+02   2.5000000E+02   2.5000000E+02   2.5000000E+02   2.5000000E+02   2.5000000E+02   2.5000000E+02   2.5000000E+02   2.5000000E+02
  2.5000000E+02   2.5000000E+02   2.3684210E+02   2.3684210E+02   2.3684210E+02   2.3684210E+02   2.3684210E+02   2.3684210E+02   2.3684210E+02   2.3684210E+02
  2.3684210E+02   2.3684210E+02   2.3684210E+02   2.3684210E+02   2.3684210E+02   2.3684210E+02   2.3684210E+02   2.3684210E+02   2.3684210E+02   2.2368420E+02
  2.2368420E+02   2.2368420E+02   2.2368420E+02   2.2368420E+02   2.2368420E+02   2.2368420E+02   2.2368420E+02   2.2368420E+02   2.5000000E+02   2.5000000E+02
  2.5000000E+02   2.5000000E+02   2.5000000E+02   2.5000000E+02   2.5000000E+02   2.5000000E+02   2.5000000E+02   2.5000000E+02   2.5000000E+02   2.5000000E+02
  2.5000000E+02   2.5000000E+02   2.5000000E+02   2.5000000E+02   2.5000000E+02   2.5000000E+02   2.5000000E+02   2.3684210E+02   2.3684210E+02   2.3684210E+02
  2.3684210E+02   2.2368420E+02   2.2368420E+02   2.2368420E+02   2.2368420E+02   2.2368420E+02   2.2368420E+02   2.2368420E+02   2.2368420E+02   2.2368420E+02
  2.2368420E+02   2.2368420E+02   2.2368420E+02   2.2368420E+02   2.2368420E+02   2.3684210E+02   2.3684210E+02   2.3684210E+02   2.3684210E+02   2.3684210E+02
  2.3684210E+02   2.3684210E+02   2.3684210E+02   2.3684210E+02   2.3684210E+02   2.3684210E+02   2.3684210E+02   2.3684210E+02   2.3684210E+02   2.3684210E+02
  2.3684210E+02   2.3684210E+02   2.3684210E+02   2.3684210E+02   2.3684210E+02   2.3684210E+02   2.3684210E+02   2.3684210E+02   2.3684210E+02   2.3684210E+02
  2.3684210E+02   2.3684210E+02   2.3684210E+02   2.3684210E+02   2.3684210E+02   2.3684210E+02   2.3684210E+02   2.3684210E+02   2.3684210E+02   2.3684210E+02
  2.3684210E+02   2.3684210E+02   2.3684210E+02   2.3684210E+02   2.3684210E+02   2.3684210E+02   2.3684210E+02   2.3684210E+02   2.3684210E+02   2.3684210E+02
  2.3684210E+02   2.3684210E+02   2.3684210E+02   2.3684210E+02   2.3684210E+02   2.3684210E+02   2.3684210E+02   2.3684210E+02   2.3684210E+02   2.3684210E+02
  2.3684210E+02   2.3684210E+02   2.3684210E+02   2.3684210E+02   2.3684210E+02   2.3684210E+02   2.3684210E+02   2.2368420E+02   2.3684210E+02   2.3684210E+02
  2.3684210E+02   2.3684210E+02   2.3684210E+02   2.3684210E+02   2.3684210E+02   2.3684210E+02   2.3684210E+02   2.3684210E+02   2.3684210E+02   2.3684210E+02
  2.3684210E+02   2.3684210E+02   2.3684210E+02   2.3684210E+02   2.3684210E+02   2.3684210E+02   2.3684210E+02   2.3684210E+02   2.3684210E+02   2.3684210E+02
  2.3684210E+02   2.3684210E+02   2.3684210E+02   2.3684210E+02   2.3684210E+02   2.3684210E+02   2.3684210E+02   2.3684210E+02   2.3684210E+02   2.3684210E+02
  2.3684210E+02   2.3684210E+02   2.3684210E+02   2.3684210E+02   2.3684210E+02   2.3684210E+02   2.3684210E+02   2.3684210E+02   2.3684210E+02   2.3684210E+02
  2.3684210E+02   2.3684210E+02   2.3684210E+02   2.3684210E+02   2.3684210E+02   2.3684210E+02   2.3684210E+02   2.3684210E+02   2.5000000E+02   2.5000000E+02
  2.5000000E+02   2.5000000E+02   2.5000000E+02   2.5000000E+02   2.5000000E+02   2.5000000E+02   2.5000000E+02   2.5000000E+02   2.5000000E+02   2.5000000E+02
  2.5000000E+02   2.5000000E+02   2.5000000E+02   2.5000000E+02   2.5000000E+02   2.5000000E+02   2.2368420E+02   2.2368420E+02   2.2368420E+02   2.2368420E+02
  2.2368420E+02   2.2368420E+02   2.3684210E+02   2.2368420E+02   2.2368420E+02   2.2368420E+02   2.2368420E+02   2.3684210E+02   2.3684210E+02   2.3684210E+02
  2.3684210E+02   2.3684210E+02   2.3684210E+02   2.3684210E+02   2.3684210E+02   2.3684210E+02   2.3684210E+02   2.3684210E+02   2.3684210E+02   2.3684210E+02
  2.3684210E+02   2.3684210E+02   2.3684210E+02   2.3684210E+02   2.3684210E+02   2.3684210E+02   2.3684210E+02   2.3684210E+02   2.3684210E+02   2.3684210E+02
  2.3684210E+02   2.3684210E+02   2.3684210E+02   2.3684210E+02   2.3684210E+02   2.3684210E+02   2.3684210E+02   2.3684210E+02   2.3684210E+02   2.3684210E+02
  2.3684210E+02   2.3684210E+02   2.3684210E+02   2.3684210E+02   2.3684210E+02   2.3684210E+02   2.3684210E+02   2.3684210E+02   2.3684210E+02   2.3684210E+02
  2.3684210E+02   2.3684210E+02   2.3684210E+02   2.3684210E+02   2.3684210E+02   2.3684210E+02   2.3684210E+02   2.3684210E+02   2.3684210E+02   2.3684210E+02
  2.3684210E+02   2.3684210E+02   2.3684210E+02   2.3684210E+02   2.3684210E+02   2.3684210E+02   2.3684210E+02   2.3684210E+02   2.3684210E+02   2.3684210E+02
  2.3684210E+02   2.3684210E+02   2.3684210E+02   2.3684210E+02   2.3684210E+02   2.3684210E+02   2.2368420E+02   2.2368420E+02   2.2368420E+02   2.2368420E+02
  2.2368420E+02   2.2368420E+02   2.2368420E+02   2.2368420E+02   2.2368420E+02   2.2368420E+02   2.2368420E+02   2.2368420E+02   2.3684210E+02   2.3684210E+02
  2.3684210E+02   2.3684210E+02   2.3684210E+02   2.3684210E+02   2.3684210E+02   2.3684210E+02   2.3684210E+02   2.3684210E+02   2.3684210E+02   2.3684210E+02
  2.3684210E+02   2.3684210E+02   2.3684210E+02   2.3684210E+02   2.3684210E+02   2.3684210E+02   2.3684210E+02   2.3684210E+02   2.3684210E+02   2.2368420E+02
  2.2368420E+02   2.3684210E+02   2.3684210E+02   2.3684210E+02   2.3684210E+02   2.3684210E+02   2.3684210E+02   2.3684210E+02   2.3684210E+02   2.3684210E+02
  2.3684210E+02   2.3684210E+02   2.3684210E+02   2.3684210E+02   2.3684210E+02   2.3684210E+02   2.3684210E+02   2.3684210E+02   2.3684210E+02   2.3684210E+02
  2.3684210E+02   2.3684210E+02   2.3684210E+02   2.3684210E+02   2.3684210E+02   2.3684210E+02   2.3684210E+02   2.3684210E+02   2.3684210E+02   2.3684210E+02
  2.3684210E+02   2.3684210E+02   2.3684210E+02   2.5000000E+02   2.5000000E+02   2.5000000E+02   2.5000000E+02   2.5000000E+02   2.5000000E+02   2.5000000E+02
  2.5000000E+02   2.5000000E+02   2.5000000E+02   2.5000000E+02   2.5000000E+02   2.5000000E+02   2.5000000E+02   2.5000000E+02   2.2368420E+02   2.5000000E+02
  2.5000000E+02   2.5000000E+02   2.5000000E+02   2.5000000E+02   2.5000000E+02   2.5000000E+02   2.5000000E+02   2.5000000E+02   2.5000000E+02   2.5000000E+02
  2.5000000E+02   2.5000000E+02   2.5000000E+02   2.5000000E+02   2.5000000E+02   2.5000000E+02   2.5000000E+02   2.5000000E+02   2.5000000E+02   2.5000000E+02
  2.5000000E+02   2.3684210E+02   2.3684210E+02   2.3684210E+02   2.3684210E+02   2.3684210E+02   2.3684210E+02   2.3684210E+02   2.3684210E+02   2.3684210E+02
  2.3684210E+02   2.3684210E+02   2.3684210E+02   2.3684210E+02   2.3684210E+02   2.3684210E+02   2.3684210E+02   2.3684210E+02   2.3684210E+02   2.3684210E+02
  2.3684210E+02   2.3684210E+02   2.3684210E+02   2.3684210E+02   2.3684210E+02   2.3684210E+02   2.3684210E+02   2.3684210E+02   2.3684210E+02   2.3684210E+02
  2.3684210E+02   2.3684210E+02   2.3684210E+02   2.3684210E+02   2.3684210E+02   2.3684210E+02   2.3684210E+02   2.3684210E+02   2.3684210E+02   2.3684210E+02
  2.3684210E+02   2.3684210E+02   2.3684210E+02   2.3684210E+02   2.3684210E+02   2.3684210E+02   2.3684210E+02   2.3684210E+02   2.3684210E+02   2.3684210E+02
  2.3684210E+02   2.3684210E+02   2.3684210E+02   2.3684210E+02   2.3684210E+02   2.3684210E+02   2.3684210E+02   2.3684210E+02   2.3684210E+02   2.3684210E+02
  2.3684210E+02   2.3684210E+02   2.3684210E+02   2.3684210E+02   2.3684210E+02   2.3684210E+02   2.3684210E+02   2.3684210E+02   2.3684210E+02   2.3684210E+02
  2.3684210E+02   2.3684210E+02   2.3684210E+02   2.3684210E+02   2.3684210E+02   2.3684210E+02   2.2368420E+02   2.3684210E+02   2.2368420E+02   2.3684210E+02
  2.3684210E+02   2.3684210E+02   2.3684210E+02   2.3684210E+02   2.3684210E+02   2.3684210E+02   2.3684210E+02   2.3684210E+02   2.3684210E+02   2.2368420E+02
  2.2368420E+02   2.2368420E+02   2.2368420E+02   2.2368420E+02   2.2368420E+02   2.2368420E+02   2.2368420E+02   2.2368420E+02   2.2368420E+02   2.2368420E+02
  2.2368420E+02   2.2368420E+02   2.2368420E+02   2.2368420E+02   2.2368420E+02   2.2368420E+02   2.2368420E+02   2.2368420E+02   2.2368420E+02   2.2368420E+02
  2.2368420E+02   2.2368420E+02   2.2368420E+02   2.2368420E+02   2.2368420E+02   2.2368420E+02   2.3684210E+02   2.3684210E+02   2.3684210E+02   2.3684210E+02
  2.3684210E+02   2.3684210E+02   2.3684210E+02   2.3684210E+02   2.3684210E+02   2.3684210E+02   2.3684210E+02   2.3684210E+02   2.2368420E+02   2.2368420E+02
  2.2368420E+02   2.2368420E+02   2.2368420E+02   2.2368420E+02   2.2368420E+02   2.2368420E+02   2.2368420E+02   2.2368420E+02   2.2368420E+02   2.2368420E+02
  2.2368420E+02   2.2368420E+02   2.3684210E+02   2.3684210E+02   2.3684210E+02   2.3684210E+02   2.3684210E+02   2.3684210E+02   2.3684210E+02   2.3684210E+02
  2.3684210E+02   2.3684210E+02   2.3684210E+02   2.3684210E+02   2.3684210E+02   2.3684210E+02   2.3684210E+02   2.3684210E+02   2.3684210E+02   2.3684210E+02
  2.3684210E+02   2.3684210E+02   2.3684210E+02   2.3684210E+02   2.3684210E+02   2.3684210E+02   2.3684210E+02   2.2368420E+02   2.2368420E+02   2.2368420E+02
  2.2368420E+02   2.2368420E+02   2.2368420E+02   2.2368420E+02   2.2368420E+02   2.5000000E+02   2.5000000E+02   2.5000000E+02   2.5000000E+02   2.5000000E+02
  2.5000000E+02   2.5000000E+02   2.5000000E+02   2.5000000E+02   2.5000000E+02   2.5000000E+02   2.5000000E+02   2.5000000E+02   2.5000000E+02   2.5000000E+02
  2.5000000E+02   2.5000000E+02   2.5000000E+02   2.5000000E+02   2.5000000E+02   2.5000000E+02   2.5000000E+02   2.5000000E+02   2.5000000E+02   2.5000000E+02
  2.5000000E+02   2.5000000E+02   2.5000000E+02   2.5000000E+02   2.5000000E+02   2.5000000E+02   2.5000000E+02   2.5000000E+02   2.5000000E+02   2.5000000E+02
  2.5000000E+02   2.5000000E+02   2.5000000E+02   2.5000000E+02   2.5000000E+02   2.5000000E+02   2.5000000E+02   2.5000000E+02   2.5000000E+02   2.5000000E+02
  2.3684210E+02   2.5000000E+02   2.3684210E+02   2.3684210E+02   2.3684210E+02   2.3684210E+02   2.3684210E+02   2.3684210E+02   2.3684210E+02   2.3684210E+02
  2.3684210E+02   2.3684210E+02   2.3684210E+02   2.3684210E+02   2.3684210E+02   2.3684210E+02   2.3684210E+02   2.3684210E+02   2.3684210E+02   2.3684210E+02
  2.3684210E+02   2.3684210E+02   2.3684210E+02   2.3684210E+02   2.3684210E+02   2.3684210E+02   2.3684210E+02   2.3684210E+02   2.3684210E+02   2.3684210E+02
  2.3684210E+02   2.3684210E+02   2.3684210E+02   2.3684210E+02   2.3684210E+02   2.3684210E+02   2.3684210E+02   2.3684210E+02   2.3684210E+02   2.3684210E+02
  2.3684210E+02   2.3684210E+02   2.3684210E+02   2.3684210E+02   2.3684210E+02   2.3684210E+02   2.3684210E+02   2.3684210E+02   2.3684210E+02   2.3684210E+02
  2.3684210E+02   2.3684210E+02   2.3684210E+02   2.3684210E+02   2.3684210E+02   2.3684210E+02   2.3684210E+02   2.3684210E+02   2.3684210E+02   2.3684210E+02
  2.3684210E+02   2.3684210E+02   2.3684210E+02   2.3684210E+02   2.3684210E+02   2.3684210E+02   2.3684210E+02   2.3684210E+02   2.3684210E+02   2.3684210E+02
  2.3684210E+02   2.3684210E+02   2.3684210E+02   2.2368420E+02   2.3684210E+02   2.3684210E+02   2.3684210E+02   2.2368420E+02   2.2368420E+02   2.2368420E+02
  2.2368420E+02   2.2368420E+02   2.2368420E+02   2.2368420E+02   2.2368420E+02   2.2368420E+02   2.2368420E+02   2.2368420E+02   2.3684210E+02   2.3684210E+02
  2.3684210E+02   2.3684210E+02   2.3684210E+02   2.3684210E+02   2.3684210E+02   2.3684210E+02   2.3684210E+02   2.3684210E+02   2.3684210E+02   2.3684210E+02
  2.3684210E+02   2.3684210E+02   2.3684210E+02   2.3684210E+02   2.3684210E+02   2.3684210E+02   2.3684210E+02   2.3684210E+02   2.3684210E+02   2.3684210E+02
  2.3684210E+02   2.3684210E+02   2.2368420E+02   2.2368420E+02   2.2368420E+02   2.2368420E+02   2.2368420E+02   2.2368420E+02   2.2368420E+02   2.2368420E+02
  2.2368420E+02   2.2368420E+02   2.2368420E+02   2.2368420E+02   2.2368420E+02   2.2368420E+02   2.2368420E+02   2.2368420E+02   2.2368420E+02   2.2368420E+02
  2.2368420E+02   2.2368420E+02   2.2368420E+02   2.2368420E+02   2.2368420E+02   2.3684210E+02   2.3684210E+02   2.3684210E+02   2.3684210E+02   2.3684210E+02
  2.3684210E+02   2.3684210E+02   2.3684210E+02   2.3684210E+02   2.3684210E+02   2.3684210E+02   2.3684210E+02   2.3684210E+02   2.3684210E+02   2.3684210E+02
  2.3684210E+02   2.3684210E+02   2.3684210E+02   2.3684210E+02   2.3684210E+02   2.3684210E+02   2.3684210E+02   2.3684210E+02   2.3684210E+02   2.3684210E+02
  2.3684210E+02   2.3684210E+02   2.3684210E+02   2.5000000E+02   2.5000000E+02   2.5000000E+02   2.5000000E+02   2.5000000E+02   2.5000000E+02   2.5000000E+02
  2.5000000E+02   2.5000000E+02   2.5000000E+02   2.5000000E+02   2.3684210E+02   2.3684210E+02   2.3684210E+02   2.3684210E+02   2.3684210E+02   2.3684210E+02
  2.3684210E+02   2.3684210E+02   2.3684210E+02   2.3684210E+02   2.3684210E+02   2.3684210E+02   2.3684210E+02   2.3684210E+02   2.3684210E+02   2.3684210E+02
  2.3684210E+02   2.3684210E+02   2.3684210E+02   2.3684210E+02   2.3684210E+02   2.3684210E+02   2.3684210E+02   2.3684210E+02   2.3684210E+02   2.3684210E+02
  2.3684210E+02   2.3684210E+02   2.3684210E+02   2.3684210E+02   2.3684210E+02   2.3684210E+02   2.3684210E+02   2.3684210E+02   2.3684210E+02   2.3684210E+02
  2.3684210E+02   2.3684210E+02   2.3684210E+02   2.3684210E+02   2.3684210E+02   2.3684210E+02   2.3684210E+02   2.3684210E+02   2.3684210E+02   2.3684210E+02
  2.3684210E+02   2.3684210E+02   2.3684210E+02   2.2368420E+02   2.2368420E+02   2.2368420E+02   2.2368420E+02   2.2368420E+02   2.2368420E+02   2.2368420E+02
  2.2368420E+02   2.2368420E+02   2.2368420E+02   2.2368420E+02   2.2368420E+02   2.2368420E+02   2.2368420E+02   2.2368420E+02   2.2368420E+02   2.2368420E+02
  2.2368420E+02   2.2368420E+02   2.2368420E+02   2.2368420E+02   2.2368420E+02   2.2368420E+02   2.2368420E+02   2.2368420E+02   2.2368420E+02   2.2368420E+02
  2.2368420E+02   2.2368420E+02   2.2368420E+02   2.2368420E+02   2.2368420E+02   2.2368420E+02   2.2368420E+02   2.2368420E+02   2.2368420E+02   2.2368420E+02
  2.2368420E+02   2.2368420E+02   2.2368420E+02   2.2368420E+02   2.3684210E+02   2.3684210E+02   2.3684210E+02   2.3684210E+02   2.3684210E+02   2.3684210E+02
  2.3684210E+02   2.3684210E+02   2.3684210E+02   2.3684210E+02   2.3684210E+02   2.3684210E+02   2.3684210E+02   2.3684210E+02   2.3684210E+02   2.3684210E+02
  2.3684210E+02   2.3684210E+02   2.3684210E+02   2.3684210E+02   2.3684210E+02   2.3684210E+02   2.3684210E+02   2.3684210E+02   2.3684210E+02   2.3684210E+02
  2.3684210E+02   2.3684210E+02   2.3684210E+02   2.3684210E+02   2.3684210E+02   2.3684210E+02   2.3684210E+02   2.3684210E+02   2.3684210E+02   2.3684210E+02
  2.3684210E+02   2.3684210E+02   2.3684210E+02   2.3684210E+02   2.3684210E+02   2.3684210E+02   2.3684210E+02   2.3684210E+02   2.3684210E+02   2.3684210E+02
  2.3684210E+02   2.3684210E+02   2.3684210E+02   2.3684210E+02   2.3684210E+02   2.3684210E+02   2.3684210E+02   2.3684210E+02   2.3684210E+02   2.3684210E+02
  2.3684210E+02   2.3684210E+02   2.3684210E+02   2.3684210E+02   2.3684210E+02   2.3684210E+02   2.3684210E+02   2.3684210E+02   2.2368420E+02   2.3684210E+02
  2.3684210E+02   2.3684210E+02   2.3684210E+02   2.3684210E+02   2.3684210E+02   2.3684210E+02   2.3684210E+02   2.3684210E+02   2.3684210E+02   2.3684210E+02
  2.3684210E+02   2.3684210E+02   2.3684210E+02   2.3684210E+02   2.3684210E+02   2.3684210E+02   2.3684210E+02   2.3684210E+02   2.3684210E+02   2.3684210E+02
  2.3684210E+02   2.3684210E+02   2.3684210E+02   2.3684210E+02   2.3684210E+02   2.3684210E+02   2.3684210E+02   2.3684210E+02   2.3684210E+02   2.3684210E+02
  2.3684210E+02   2.3684210E+02   2.3684210E+02   2.3684210E+02   2.3684210E+02   2.3684210E+02   2.3684210E+02   2.3684210E+02   2.3684210E+02   2.3684210E+02
  2.3684210E+02   2.3684210E+02   2.3684210E+02   2.3684210E+02   2.3684210E+02   2.3684210E+02   2.3684210E+02   2.3684210E+02   2.3684210E+02   2.3684210E+02
  2.3684210E+02   2.3684210E+02   2.3684210E+02   2.3684210E+02   2.3684210E+02   2.3684210E+02   2.3684210E+02   2.3684210E+02   2.3684210E+02   2.3684210E+02
  2.3684210E+02   2.3684210E+02   2.3684210E+02   2.3684210E+02   2.2368420E+02   2.2368420E+02   2.2368420E+02   2.2368420E+02   2.2368420E+02   2.2368420E+02
  2.2368420E+02   2.2368420E+02   2.2368420E+02   2.2368420E+02   2.2368420E+02   2.2368420E+02   2.2368420E+02   2.2368420E+02   2.2368420E+02   2.1052632E+02
  2.1052632E+02   2.1052632E+02   2.1052632E+02   2.1052632E+02   2.1052632E+02   2.1052632E+02   2.1052632E+02   2.2368420E+02   2.2368420E+02   2.2368420E+02
  2.2368420E+02   2.2368420E+02   2.2368420E+02   2.2368420E+02   2.2368420E+02   2.2368420E+02   2.2368420E+02   2.2368420E+02   2.2368420E+02   2.2368420E+02
  2.2368420E+02   2.2368420E+02   2.2368420E+02   2.2368420E+02   2.2368420E+02   2.2368420E+02   2.2368420E+02   2.2368420E+02   2.2368420E+02   2.2368420E+02
  2.2368420E+02   2.2368420E+02   2.2368420E+02   2.2368420E+02   2.2368420E+02   2.2368420E+02   2.2368420E+02   2.2368420E+02   2.2368420E+02   2.2368420E+02
  2.2368420E+02   2.2368420E+02   2.2368420E+02   2.3684210E+02   2.3684210E+02   2.3684210E+02   2.3684210E+02   2.3684210E+02   2.3684210E+02   2.3684210E+02
  2.3684210E+02   2.3684210E+02   2.3684210E+02   2.3684210E+02   2.3684210E+02   2.3684210E+02   2.3684210E+02   2.3684210E+02   2.3684210E+02   2.3684210E+02
  2.3684210E+02   2.3684210E+02   2.3684210E+02   2.3684210E+02   2.3684210E+02   2.3684210E+02   2.5000000E+02   2.3684210E+02   2.5000000E+02   2.5000000E+02
  2.5000000E+02   2.5000000E+02   2.5000000E+02   2.3684210E+02   2.3684210E+02   2.3684210E+02   2.3684210E+02   2.3684210E+02   2.3684210E+02   2.3684210E+02
  2.3684210E+02   2.3684210E+02   2.3684210E+02   2.3684210E+02   2.3684210E+02   2.3684210E+02   2.3684210E+02   2.3684210E+02   2.3684210E+02   2.3684210E+02
  2.3684210E+02   2.3684210E+02   2.3684210E+02   2.3684210E+02   2.3684210E+02   2.3684210E+02   2.3684210E+02   2.3684210E+02   2.3684210E+02   2.3684210E+02
  2.3684210E+02   2.3684210E+02   2.3684210E+02   2.3684210E+02   2.3684210E+02   2.3684210E+02   2.3684210E+02   2.3684210E+02   2.5000000E+02   2.5000000E+02
  2.5000000E+02   2.3684210E+02   2.3684210E+02   2.3684210E+02   2.3684210E+02   2.3684210E+02   2.3684210E+02   2.3684210E+02   2.3684210E+02   2.3684210E+02
  2.3684210E+02   2.3684210E+02   2.3684210E+02   2.3684210E+02   2.3684210E+02   2.3684210E+02   2.3684210E+02   2.3684210E+02   2.3684210E+02   2.3684210E+02
  2.3684210E+02   2.3684210E+02   2.3684210E+02   2.3684210E+02   2.3684210E+02   2.3684210E+02   2.3684210E+02   2.3684210E+02   2.3684210E+02   2.3684210E+02
  2.3684210E+02   2.3684210E+02   2.3684210E+02   2.3684210E+02   2.3684210E+02   2.3684210E+02   2.3684210E+02   2.3684210E+02   2.3684210E+02   2.3684210E+02
  2.3684210E+02   2.3684210E+02   2.3684210E+02   2.3684210E+02   2.3684210E+02   2.3684210E+02   2.3684210E+02   2.3684210E+02   2.3684210E+02   2.3684210E+02
  2.3684210E+02   2.3684210E+02   2.3684210E+02   2.3684210E+02   2.3684210E+02   2.3684210E+02   2.3684210E+02   2.3684210E+02   2.3684210E+02   2.3684210E+02
  2.3684210E+02   2.3684210E+02   2.3684210E+02   2.3684210E+02   2.3684210E+02   2.3684210E+02   2.3684210E+02   2.3684210E+02   2.3684210E+02   2.3684210E+02
  2.3684210E+02   2.3684210E+02   2.3684210E+02   2.3684210E+02   2.3684210E+02   2.3684210E+02   2.3684210E+02   2.3684210E+02   2.3684210E+02   2.3684210E+02
  2.3684210E+02   2.3684210E+02   2.3684210E+02   2.3684210E+02   2.3684210E+02   2.3684210E+02   2.3684210E+02   2.3684210E+02   2.3684210E+02   2.3684210E+02
  2.3684210E+02   2.3684210E+02   2.3684210E+02   2.3684210E+02   2.3684210E+02   2.3684210E+02   2.3684210E+02   2.3684210E+02   2.3684210E+02   2.3684210E+02
  2.3684210E+02   2.3684210E+02   2.3684210E+02   2.3684210E+02   2.3684210E+02   2.3684210E+02   2.3684210E+02   2.3684210E+02   2.3684210E+02   2.3684210E+02
  2.3684210E+02   2.3684210E+02   2.3684210E+02   2.3684210E+02   2.3684210E+02   2.3684210E+02   2.3684210E+02   2.3684210E+02   2.3684210E+02   2.3684210E+02
  2.3684210E+02   2.3684210E+02   2.3684210E+02   2.3684210E+02   2.3684210E+02   2.3684210E+02   2.3684210E+02   2.5000000E+02   2.5000000E+02   2.5000000E+02
  2.5000000E+02   2.5000000E+02   2.5000000E+02   2.5000000E+02   2.2368420E+02   2.2368420E+02   2.2368420E+02   2.2368420E+02   2.2368420E+02   2.2368420E+02
  2.2368420E+02   2.2368420E+02   2.2368420E+02   2.2368420E+02   2.2368420E+02   2.2368420E+02   2.2368420E+02   2.2368420E+02   2.2368420E+02   2.2368420E+02
  2.2368420E+02   2.2368420E+02   2.2368420E+02   2.2368420E+02   2.2368420E+02   2.2368420E+02   2.2368420E+02   2.2368420E+02   2.2368420E+02   2.2368420E+02
  2.2368420E+02   2.2368420E+02   2.2368420E+02   2.2368420E+02   2.2368420E+02   2.2368420E+02   2.2368420E+02   2.2368420E+02   2.2368420E+02   2.2368420E+02
  2.2368420E+02   2.2368420E+02   2.2368420E+02   2.2368420E+02   2.2368420E+02   2.2368420E+02   2.2368420E+02   2.2368420E+02   2.2368420E+02   2.2368420E+02
  2.2368420E+02   2.2368420E+02   2.2368420E+02   2.2368420E+02   2.2368420E+02   2.2368420E+02   2.2368420E+02   2.2368420E+02   2.2368420E+02   2.2368420E+02
  2.2368420E+02   2.2368420E+02   2.2368420E+02   2.2368420E+02   2.2368420E+02   2.2368420E+02   2.2368420E+02   2.2368420E+02   2.2368420E+02   2.2368420E+02
  2.2368420E+02   2.2368420E+02   2.2368420E+02   2.2368420E+02   2.2368420E+02   2.2368420E+02   2.2368420E+02   2.2368420E+02   2.2368420E+02   2.2368420E+02
  2.2368420E+02   2.2368420E+02   2.2368420E+02   2.2368420E+02   2.2368420E+02   2.2368420E+02   2.2368420E+02   2.2368420E+02   2.2368420E+02   2.2368420E+02
  2.2368420E+02   2.2368420E+02   2.2368420E+02   2.2368420E+02   2.2368420E+02   2.2368420E+02   2.2368420E+02   2.2368420E+02   2.2368420E+02   2.2368420E+02
  2.2368420E+02   2.2368420E+02   2.2368420E+02   2.2368420E+02   2.2368420E+02   2.2368420E+02   2.2368420E+02   2.2368420E+02   2.2368420E+02   2.2368420E+02
  2.2368420E+02   2.3684210E+02   2.3684210E+02   2.3684210E+02   2.3684210E+02   2.3684210E+02   2.3684210E+02   2.3684210E+02   2.3684210E+02   2.3684210E+02
  2.3684210E+02   2.3684210E+02   2.3684210E+02   2.3684210E+02   2.3684210E+02   2.3684210E+02   2.3684210E+02   2.3684210E+02   2.3684210E+02   2.3684210E+02
  2.3684210E+02   2.3684210E+02   2.3684210E+02   2.3684210E+02   2.3684210E+02   2.3684210E+02   2.3684210E+02   2.3684210E+02   2.3684210E+02   2.3684210E+02
  2.3684210E+02   2.3684210E+02   2.3684210E+02   2.3684210E+02   2.3684210E+02   2.3684210E+02   2.3684210E+02   2.3684210E+02   2.3684210E+02   2.3684210E+02
  2.3684210E+02   2.3684210E+02   2.3684210E+02   2.3684210E+02   2.3684210E+02   2.3684210E+02   2.3684210E+02   2.3684210E+02   2.3684210E+02   2.3684210E+02
  2.3684210E+02   2.3684210E+02   2.3684210E+02   2.3684210E+02   2.3684210E+02   2.3684210E+02   2.3684210E+02   2.3684210E+02   2.3684210E+02   2.3684210E+02
  2.3684210E+02
  3.6983160E-04   3.7302467E-04   3.6401767E-04   3.7728777E-04   3.3151807E-04   2.9717540E-04   2.6319362E-04   2.2668907E-04   1.8632511E-04   1.4656656E-04
  1.1624617E-04   8.4610117E-05   5.1529634E-05   2.6612193E-05   5.1681649E-08  -2.6539679E-05  -5.1352719E-05  -7.6224496E-05  -9.6837568E-05  -1.1881355E-04
 -1.4184786E-04  -1.6111936E-04  -1.8188567E-04  -2.0056339E-04  -2.1916504E-04  -2.3566930E-04  -2.5134257E-04  -2.6862868E-04  -2.8350682E-04  -2.9880833E-04
 -3.1423700E-04  -3.3168658E-04  -3.4517134E-04  -3.5597937E-04  -3.6984196E-04  -3.8388933E-04  -3.9683701E-04  -4.0638683E-04  -4.2177225E-04  -4.3512805E-04
 -4.4845452E-04  -4.5902852E-04  -4.7032183E-04  -4.8274294E-04  -4.9241091E-04  -5.0322927E-04  -5.1802542E-04  -5.2966527E-04  -5.4208993E-04  -5.5199821E-04
 -5.6378148E-04  -5.7394558E-04  -5.8610179E-04  -5.9607724E-04  -6.0558744E-04  -6.1756716E-04  -6.2582962E-04  -6.3888961E-04  -6.4898195E-04  -6.6075247E-04
 -6.6866825E-04  -6.7870488E-04  -6.8922335E-04  -6.9894840E-04  -7.0738618E-04  -7.2042504E-04  -7.3174352E-04  -7.4189319E-04  -7.5485441E-04  -7.6467713E-04
 -7.7568262E-04  -7.8391033E-04  -7.9196534E-04  -8.0068310E-04  -8.0911245E-04  -8.1639213E-04  -8.2481944E-04  -8.3566189E-04  -8.4579055E-04  -8.5157843E-04
 -8.5987343E-04  -8.7232591E-04  -8.7751576E-04  -8.8904978E-04  -8.9912862E-04  -9.0636022E-04  -9.1532909E-04  -9.2105829E-04  -9.2977571E-04  -9.3864271E-04
 -9.4889494E-04  -9.6022821E-04  -9.6547685E-04  -9.7217452E-04  -9.8106381E-04  -9.9296169E-04  -1.0038303E-03  -1.0099395E-03  -1.0148572E-03  -1.0201255E-03
 -1.0287773E-03  -1.0301505E-03  -1.0368954E-03  -1.0451956E-03  -1.0455680E-03  -1.0507115E-03  -1.0609436E-03  -1.0691991E-03  -1.0733085E-03  -1.0771842E-03
 -1.0832979E-03  -1.0927686E-03  -1.0993348E-03  -1.1124804E-03  -1.1213500E-03  -1.1296871E-03  -1.1351395E-03  -1.1412735E-03  -1.1469063E-03  -1.1577422E-03
 -1.1656559E-03  -1.1747410E-03  -1.1833684E-03  -1.1912171E-03  -1.1940812E-03  -1.2053642E-03  -1.2105698E-03  -1.2216312E-03  -1.2247090E-03  -1.2269516E-03
 -1.2317500E-03  -1.2394194E-03  -1.2488618E-03  -1.2556775E-03  -1.2646996E-03  -1.2715141E-03  -1.2746537E-03  -1.2827299E-03  -1.2885751E-03  -1.2967086E-03
 -1.3038578E-03  -1.3148674E-03  -1.3212319E-03  -1.3333721E-03  -1.3368219E-03  -1.3433471E-03  -1.3550491E-03  -1.3526012E-03  -1.3586642E-03  -1.3617373E-03
 -1.3687881E-03  -1.3768524E-03  -1.3831473E-03  -1.3883677E-03  -1.4003349E-03  -1.4019710E-03  -1.4144845E-03  -1.4180831E-03  -1.4240494E-03  -1.4261740E-03
 -1.4302756E-03  -1.4311019E-03  -1.4402689E-03  -1.4478157E-03  -1.4529396E-03  -1.4479102E-03  -1.4509627E-03  -1.4561869E-03  -1.4616000E-03  -1.4628964E-03
 -1.4651646E-03  -1.4664615E-03  -1.4816739E-03  -1.4939592E-03  -1.5018578E-03  -1.5029208E-03  -1.5060623E-03  -1.5126457E-03  -1.5176085E-03  -1.5222996E-03
 -1.5357350E-03  -1.5418112E-03  -1.5421064E-03  -1.5495961E-03  -1.5532981E-03  -1.5604594E-03  -1.5641715E-03  -1.5675063E-03  -1.5724737E-03  -1.5778890E-03
 -1.5813615E-03  -1.5830352E-03  -1.5874214E-03  -1.5949393E-03  -1.6007546E-03  -1.6093495E-03  -1.6124708E-03  -1.6188005E-03  -1.6258039E-03  -1.6219353E-03
 -1.6251800E-03  -1.6301129E-03  -1.6387141E-03  -1.6358769E-03  -1.6414458E-03  -1.6458884E-03  -1.6560836E-03  -1.6634602E-03  -1.6694341E-03  -1.6756216E-03
 -1.6821030E-03  -1.6865182E-03  -1.6965227E-03  -1.7070152E-03  -1.7183743E-03  -1.7235881E-03  -1.7336971E-03  -1.7390134E-03  -1.7423823E-03  -1.7430629E-03
 -1.7509845E-03  -1.7578679E-03  -1.7620837E-03  -1.7657836E-03  -1.7795709E-03  -1.7905233E-03  -1.7889972E-03  -1.7976469E-03  -1.8017929E-03  -1.8065354E-03
 -1.8141755E-03  -1.8223189E-03  -1.8349652E-03  -1.8380195E-03  -1.8409458E-03  -1.8411826E-03  -1.8465326E-03  -1.8503265E-03  -1.8538354E-03  -1.8537251E-03
 -1.8508467E-03  -1.8546301E-03  -1.8600093E-03  -1.8572460E-03  -1.8590137E-03  -1.8650580E-03  -1.8666527E-03  -1.8673426E-03  -1.8670260E-03  -1.8813636E-03
 -1.8908527E-03  -1.8956675E-03  -1.9043431E-03  -1.9121387E-03  -1.9100665E-03  -1.9152209E-03  -1.9299418E-03  -1.9363951E-03  -1.9515803E-03  -1.9629961E-03
 -1.9634948E-03  -1.9745114E-03  -1.9896841E-03  -1.9974122E-03  -2.0060376E-03  -2.0275789E-03  -2.0375531E-03  -2.0498522E-03  -2.0612085E-03  -2.0700896E-03
 -2.0793232E-03  -2.0781697E-03  -2.0909815E-03  -2.0921708E-03  -2.0889686E-03  -2.0882457E-03  -2.0908287E-03  -2.0925857E-03  -2.0884045E-03  -2.0890064E-03
 -2.0913149E-03  -2.1000963E-03  -2.1026731E-03  -2.1080705E-03  -2.1145120E-03  -2.1267589E-03  -2.1301911E-03  -2.1430601E-03  -2.1442142E-03  -2.1536653E-03
 -2.1549908E-03  -2.1593878E-03  -2.1591936E-03  -2.1695415E-03  -2.1768734E-03  -2.1895950E-03  -2.1966987E-03  -2.2008100E-03  -2.2134634E-03  -2.2145601E-03
 -2.2133370E-03  -2.2219692E-03  -2.2215710E-03  -2.2393216E-03  -2.2435773E-03  -2.2378126E-03  -2.2345786E-03  -2.2377223E-03  -2.2274626E-03  -2.2255962E-03
 -2.2272721E-03  -2.2253911E-03  -2.2281520E-03  -2.2363123E-03  -2.2406231E-03  -2.2467398E-03  -2.2590864E-03  -2.2613865E-03  -2.2603350E-03  -2.2722599E-03
 -2.2732425E-03  -2.2826320E-03  -2.2800197E-03  -2.2806406E-03  -2.2879434E-03  -2.2948540E-03  -2.3047766E-03  -2.3168256E-03  -2.3280371E-03  -2.3395638E-03
 -2.3443331E-03  -2.3502510E-03  -2.3576936E-03  -2.3686248E-03  -2.3839157E-03  -2.3956141E-03  -2.4094479E-03  -2.4010879E-03  -2.4064609E-03  -2.4097124E-03
 -2.4197120E-03  -2.4220848E-03  -2.4301291E-03  -2.4343482E-03  -2.4343531E-03  -2.4416042E-03  -2.4461793E-03  -2.4485926E-03  -2.4609729E-03  -2.4604213E-03
 -2.4749213E-03  -2.4750077E-03  -2.4772214E-03  -2.4792075E-03  -2.4864250E-03  -2.4939529E-03  -2.5020496E-03  -2.5011026E-03  -2.5135835E-03  -2.5167919E-03
 -2.5172539E-03  -2.5146108E-03  -2.5211433E-03  -2.5155416E-03  -2.5175388E-03  -2.5177002E-03  -2.5276542E-03  -2.5246022E-03  -2.5219813E-03  -2.5289198E-03
 -2.5374228E-03  -2.5480362E-03  -2.5532313E-03  -2.5583503E-03  -2.5641974E-03  -2.5732180E-03  -2.5841829E-03  -2.5914335E-03  -2.6059248E-03  -2.6084885E-03
 -2.6221555E-03  -2.6246640E-03  -2.6291937E-03  -2.6345537E-03  -2.6352678E-03  -2.6417770E-03  -2.6425850E-03  -2.6471079E-03  -2.6530433E-03  -2.6598971E-03
 -2.6539480E-03  -2.6584070E-03  -2.6546048E-03  -2.6560356E-03  -2.6548158E-03  -2.6629863E-03  -2.6666024E-03  -2.6672329E-03  -2.6702173E-03  -2.6892021E-03
 -2.6953833E-03  -2.7131527E-03  -2.7085457E-03  -2.7219336E-03  -2.7395396E-03  -2.7358152E-03  -2.7524035E-03  -2.7568701E-03  -2.7594424E-03  -2.7523895E-03
 -2.7605412E-03  -2.7628834E-03  -2.7739089E-03  -2.7925204E-03  -2.7988853E-03  -2.8070479E-03  -2.7994630E-03  -2.7956872E-03  -2.7977948E-03  -2.7995124E-03
 -2.7981678E-03  -2.7962113E-03  -2.7952073E-03  -2.7894634E-03  -2.7902729E-03  -2.7951058E-03  -2.7983142E-03  -2.8021783E-03  -2.8066190E-03  -2.8259049E-03
 -2.8277100E-03  -2.8283207E-03  -2.8306353E-03  -2.8296607E-03  -2.8384053E-03  -2.8363410E-03  -2.8558359E-03  -2.8612716E-03  -2.8686440E-03  -2.8624488E-03
 -2.8704382E-03  -2.8693455E-03  -2.8862255E-03  -2.8945799E-03  -2.8929869E-03  -2.8926283E-03  -2.8959748E-03  -2.8948286E-03  -2.8999615E-03  -2.9124445E-03
 -2.9119991E-03  -2.9087164E-03  -2.9175654E-03  -2.9219049E-03  -2.9213240E-03  -2.9241766E-03  -2.9303969E-03  -2.9394880E-03  -2.9452650E-03  -2.9558605E-03
 -2.9568297E-03  -2.9669208E-03  -2.9766695E-03  -2.9841997E-03  -2.9889930E-03  -2.9929143E-03  -2.9938146E-03  -2.9867305E-03  -2.9953485E-03  -3.0047644E-03
 -3.0057691E-03  -2.9975704E-03  -3.0041011E-03  -3.0113806E-03  -3.0148062E-03  -3.0128607E-03  -3.0312494E-03  -3.0309767E-03  -3.0471438E-03  -3.0440714E-03
 -3.0385717E-03  -3.0365668E-03  -3.0409256E-03  -3.0365004E-03  -3.0352408E-03  -3.0381724E-03  -3.0422281E-03  -3.0369642E-03  -3.0425189E-03  -3.0433733E-03
 -3.0367274E-03  -3.0407300E-03  -3.0531280E-03  -3.0520989E-03  -3.0503909E-03  -3.0641577E-03  -3.0653276E-03  -3.0741713E-03  -3.0700190E-03  -3.0710336E-03
 -3.0859290E-03  -3.0965898E-03  -3.1061189E-03  -3.1113939E-03  -3.1149276E-03  -3.1152412E-03  -3.1162242E-03  -3.1101150E-03  -3.1092132E-03  -3.1141513E-03
 -3.1199825E-03  -3.1203898E-03  -3.1118938E-03  -3.1103056E-03  -3.1153322E-03  -3.1270355E-03  -3.1361491E-03  -3.1497518E-03  -3.1541868E-03  -3.1680020E-03
 -3.1745855E-03  -3.1747168E-03  -3.1692793E-03  -3.1649370E-03  -3.1592723E-03  -3.1502121E-03  -3.1603125E-03  -3.1599584E-03  -3.1633377E-03  -3.1685005E-03
 -3.1664635E-03  -3.1670020E-03  -3.1602972E-03  -3.1558450E-03  -3.1553702E-03  -3.1635221E-03  -3.1688572E-03  -3.1735376E-03  -3.1864622E-03  -3.1883384E-03
 -3.1995056E-03  -3.2042365E-03  -3.2254355E-03  -3.2279801E-03  -3.2341834E-03  -3.2356190E-03  -3.2392349E-03  -3.2498562E-03  -3.2520192E-03  -3.2589186E-03
 -3.2639075E-03  -3.2718012E-03  -3.2708908E-03  -3.2614397E-03  -3.2498380E-03  -3.2547722E-03  -3.2587352E-03  -3.2635720E-03  -3.2754550E-03  -3.2771619E-03
 -3.2824820E-03  -3.2907189E-03  -3.2849521E-03  -3.2858001E-03  -3.2774648E-03  -3.2802310E-03  -3.2812364E-03  -3.2834108E-03  -3.2900840E-03  -3.2993297E-03
 -3.2923403E-03  -3.3041174E-03  -3.3306347E-03  -3.3332943E-03  -3.3494316E-03  -3.3483256E-03  -3.3704592E-03  -3.3659525E-03  -3.3772779E-03  -3.3815543E-03
 -3.3910198E-03  -3.3890374E-03  -3.3945600E-03  -3.3992985E-03  -3.4134721E-03  -3.4128919E-03  -3.3947490E-03  -3.3780576E-03  -3.3744916E-03  -3.3728781E-03
 -3.3882735E-03  -3.3939313E-03  -3.3994231E-03  -3.4024543E-03  -3.4017940E-03  -3.4051882E-03  -3.4037034E-03  -3.4029363E-03  -3.4096243E-03  -3.3977581E-03
 -3.4048778E-03  -3.4005516E-03  -3.4088050E-03  -3.4034199E-03  -3.4145236E-03  -3.4178903E-03  -3.4274124E-03  -3.4334329E-03  -3.4421640E-03  -3.4508435E-03
 -3.4552848E-03  -3.4508107E-03  -3.4548689E-03  -3.4554966E-03  -3.4413857E-03  -3.4356697E-03  -3.4360783E-03  -3.4492263E-03  -3.4498384E-03  -3.4436840E-03
 -3.4538973E-03  -3.4602792E-03  -3.4464896E-03  -3.4504300E-03  -3.4508947E-03  -3.4452681E-03  -3.4418129E-03  -3.4495431E-03  -3.4583474E-03  -3.4607737E-03
 -3.4655761E-03  -3.4610922E-03  -3.4619954E-03  -3.4528952E-03  -3.4656418E-03  -3.4664725E-03  -3.4629758E-03  -3.4611903E-03  -3.4736178E-03  -3.4725938E-03
 -3.4654308E-03  -3.4612864E-03  -3.4611723E-03  -3.4567416E-03  -3.4554198E-03  -3.4639230E-03  -3.4803723E-03  -3.4903528E-03  -3.4816863E-03  -3.4801962E-03
 -3.4830973E-03  -3.5015217E-03  -3.4979552E-03  -3.5018509E-03  -3.5061892E-03  -3.5017349E-03  -3.5050521E-03  -3.5122433E-03  -3.5084176E-03  -3.4995482E-03
 -3.5035727E-03  -3.4957954E-03  -3.5021675E-03  -3.5168049E-03  -3.5255353E-03  -3.5358276E-03  -3.5276813E-03  -3.5469155E-03  -3.5536161E-03  -3.5560941E-03
 -3.5553880E-03  -3.5602613E-03  -3.5617989E-03  -3.5626029E-03  -3.5629137E-03  -3.5641519E-03  -3.5725168E-03  -3.5716426E-03  -3.5656889E-03  -3.5684071E-03
 -3.5751734E-03  -3.5819260E-03  -3.5838303E-03  -3.5933095E-03  -3.5944898E-03  -3.6043359E-03  -3.6042475E-03  -3.5960244E-03  -3.5926683E-03  -3.5860194E-03
 -3.5880019E-03  -3.5818357E-03  -3.5918180E-03  -3.5859847E-03  -3.5719143E-03  -3.5821714E-03  -3.5857870E-03  -3.6018465E-03  -3.5986290E-03  -3.5901372E-03
 -3.5941277E-03  -3.5831660E-03  -3.5874576E-03  -3.5894925E-03  -3.5955901E-03  -3.5918481E-03  -3.5905291E-03  -3.5985566E-03  -3.5970833E-03  -3.6134967E-03
 -3.6173363E-03  -3.6132548E-03  -3.6226623E-03  -3.6267370E-03  -3.6428540E-03  -3.6366070E-03  -3.6393071E-03  -3.6449376E-03  -3.6444946E-03  -3.6337641E-03
 -3.6436904E-03  -3.6314088E-03  -3.6291163E-03  -3.6296905E-03  -3.6267729E-03  -3.6439514E-03  -3.6490774E-03  -3.6504567E-03  -3.6545540E-03  -3.6480972E-03
 -3.6592255E-03  -3.6605047E-03  -3.6700098E-03  -3.6732617E-03  -3.6799917E-03  -3.6849617E-03  -3.6801319E-03  -3.6821277E-03  -3.6829798E-03  -3.6991264E-03
 -3.7038228E-03  -3.7029746E-03  -3.7064082E-03  -3.7115160E-03  -3.7127184E-03  -3.7138048E-03  -3.7250568E-03  -3.7259064E-03  -3.7274144E-03  -3.7448430E-03
 -3.7479226E-03  -3.7564542E-03  -3.7572132E-03  -3.7590675E-03  -3.7725074E-03  -3.7656142E-03  -3.7582880E-03  -3.7619888E-03  -3.7712264E-03  -3.7642701E-03
 -3.7706865E-03  -3.7872803E-03  -3.7883427E-03  -3.7842684E-03  -3.7844633E-03  -3.7776274E-03  -3.7746266E-03  -3.7741361E-03  -3.7747982E-03  -3.7754027E-03
 -3.7849618E-03  -3.7762367E-03  -3.7893327E-03  -3.7901390E-03  -3.7898384E-03  -3.7984741E-03  -3.7982992E-03  -3.8125482E-03  -3.8055775E-03  -3.8085601E-03
 -3.8096856E-03  -3.8189034E-03  -3.8224231E-03  -3.8244589E-03  -3.8235437E-03  -3.8138963E-03  -3.8225453E-03  -3.8354108E-03  -3.8435382E-03  -3.8470931E-03
 -3.8453364E-03  -3.8409994E-03  -3.8520535E-03  -3.8595961E-03  -3.8712609E-03  -3.8694544E-03  -3.8813381E-03  -3.8839136E-03  -3.8879924E-03  -3.9035219E-03
 -3.9071026E-03  -3.9165975E-03  -3.9226850E-03  -3.9346330E-03  -3.9357659E-03  -3.9297859E-03  -3.9361115E-03  -3.9441064E-03  -3.9434880E-03  -3.9562918E-03
 -3.9564646E-03  -3.9587216E-03  -3.9652954E-03  -3.9765779E-03  -3.9751823E-03  -3.9816787E-03  -3.9726691E-03  -3.9697960E-03  -3.9838194E-03  -3.9929617E-03
 -4.0012607E-03  -4.0024817E-03  -4.0108399E-03  -4.0094932E-03  -4.0209754E-03  -4.0321336E-03  -4.0420759E-03  -4.0527005E-03  -4.0505147E-03  -4.0629995E-03
 -4.0659397E-03  -4.0758913E-03  -4.0887748E-03  -4.0946496E-03  -4.0969653E-03  -4.0989881E-03  -4.1070543E-03  -4.1203704E-03  -4.1173026E-03  -4.1263844E-03
 -4.1209925E-03  -4.1316296E-03  -4.1258349E-03  -4.1262610E-03  -4.1408320E-03  -4.1421154E-03  -4.1433470E-03  -4.1300324E-03  -4.1179811E-03  -4.1111936E-03
 -4.1067768E-03  -4.1080583E-03  -4.1125342E-03  -4.1189292E-03  -4.1152197E-03  -4.1246573E-03  -4.1270112E-03  -4.1232500E-03  -4.1263709E-03  -4.1387379E-03
 -4.1460204E-03  -4.1453540E-03  -4.1443920E-03  -4.1570780E-03  -4.1573402E-03  -4.1578328E-03  -4.1481820E-03  -4.1416883E-03  -4.1423501E-03  -4.1404665E-03
 -4.1387407E-03  -4.1357405E-03  -4.1336808E-03  -4.1353218E-03  -4.1200952E-03  -4.1119740E-03  -4.1014371E-03  -4.1059880E-03  -4.1018268E-03  -4.1050725E-03
 -4.1109351E-03  -4.1030399E-03  -4.1101184E-03  -4.1142595E-03  -4.1023521E-03  -4.1059186E-03  -4.1058776E-03  -4.1084029E-03  -4.1004159E-03  -4.0956889E-03
 -4.0883874E-03  -4.0911832E-03  -4.0948838E-03  -4.1060769E-03  -4.1100322E-03  -4.1166106E-03  -4.1162674E-03  -4.1149058E-03  -4.1196691E-03  -4.1110320E-03
 -4.1094525E-03  -4.1114027E-03  -4.0920167E-03  -4.0989155E-03  -4.1001178E-03  -4.1175336E-03  -4.1124406E-03  -4.1018585E-03  -4.1022180E-03  -4.1066124E-03
 -4.1140872E-03  -4.1281073E-03  -4.1248859E-03  -4.1300543E-03  -4.1204523E-03  -4.1352711E-03  -4.1406006E-03  -4.1435091E-03  -4.1422960E-03  -4.1386480E-03
 -4.1415058E-03  -4.1442537E-03  -4.1383994E-03  -4.1395277E-03  -4.1323984E-03  -4.1359062E-03  -4.1367938E-03  -4.1379104E-03  -4.1390574E-03  -4.1463007E-03
 -4.1485112E-03  -4.1546221E-03  -4.1512097E-03  -4.1489280E-03  -4.1438369E-03  -4.1354322E-03  -4.1419035E-03  -4.1428399E-03  -4.1433419E-03  -4.1472204E-03
 -4.1645761E-03  -4.1662757E-03  -4.1705770E-03  -4.1808565E-03  -4.1803429E-03  -4.1917120E-03  -4.1951640E-03  -4.2045787E-03  -4.1957716E-03  -4.2046197E-03
 -4.2134291E-03  -4.2104470E-03  -4.1979002E-03  -4.2039356E-03  -4.1965488E-03  -4.2150225E-03  -4.2271921E-03  -4.2325412E-03  -4.2331554E-03  -4.2315028E-03
 -4.2193457E-03  -4.2025689E-03  -4.1996744E-03  -4.1935267E-03  -4.1990569E-03  -4.1930070E-03  -4.1930806E-03  -4.1990089E-03  -4.2067389E-03  -4.2061280E-03
 -4.2041424E-03  -4.2057512E-03  -4.1997395E-03  -4.2079985E-03  -4.1946587E-03  -4.1993340E-03  -4.2041461E-03  -4.2077387E-03  -4.2089880E-03  -4.2202044E-03
 -4.2252159E-03  -4.2338343E-03  -4.2290539E-03  -4.2360611E-03  -4.2382218E-03  -4.2552212E-03  -4.2453692E-03  -4.2511164E-03  -4.2499099E-03  -4.2477618E-03
 -4.2573703E-03  -4.2551453E-03  -4.2659426E-03  -4.2615584E-03  -4.2619356E-03  -4.2600376E-03  -4.2521833E-03  -4.2505865E-03  -4.2570075E-03  -4.2559220E-03
 -4.2627845E-03  -4.2640567E-03  -4.2599910E-03  -4.2542554E-03  -4.2490726E-03  -4.2641670E-03  -4.2675426E-03  -4.2605014E-03  -4.2509148E-03  -4.2650318E-03
 -4.2726770E-03  -4.2750780E-03  -4.2717252E-03  -4.2702616E-03  -4.2753993E-03  -4.2799604E-03  -4.2826766E-03  -4.2841155E-03  -4.2959941E-03  -4.2989524E-03
 -4.2892396E-03  -4.2876285E-03  -4.2814557E-03  -4.2868555E-03  -4.2740204E-03  -4.2731231E-03  -4.2706737E-03  -4.2728293E-03  -4.2709038E-03  -4.2796908E-03
 -4.2730179E-03  -4.2814482E-03  -4.2868354E-03  -4.2875092E-03  -4.2965682E-03  -4.2948863E-03  -4.2899586E-03  -4.2864932E-03  -4.2810817E-03  -4.2824326E-03
 -4.2796391E-03  -4.2822170E-03  -4.2817988E-03  -4.2858860E-03  -4.2845081E-03  -4.2865667E-03  -4.2748307E-03  -4.2734426E-03  -4.2898441E-03  -4.2985156E-03
 -4.3037906E-03  -4.3108310E-03  -4.2986781E-03  -4.3076631E-03  -4.3120417E-03  -4.3187644E-03  -4.3173516E-03  -4.3143574E-03  -4.3222820E-03  -4.3153767E-03
 -4.3184389E-03  -4.3134885E-03  -4.3141260E-03  -4.3052230E-03  -4.3069180E-03  -4.3026223E-03  -4.2975950E-03  -4.3040519E-03  -4.3048179E-03  -4.2985678E-03
 -4.3036644E-03  -4.3011080E-03  -4.2893724E-03  -4.2878776E-03  -4.2754957E-03  -4.2793984E-03  -4.2713135E-03  -4.2814398E-03  -4.2808219E-03  -4.2808987E-03
 -4.2805327E-03  -4.2748456E-03  -4.2837895E-03  -4.3060225E-03  -4.3175626E-03  -4.3157628E-03  -4.3351888E-03  -4.3355837E-03  -4.3368293E-03  -4.3396917E-03
 -4.3468159E-03  -4.3646712E-03  -4.3719797E-03  -4.3821880E-03  -4.3893657E-03  -4.3941098E-03  -4.3966770E-03  -4.3950137E-03  -4.4033141E-03  -4.4098292E-03
 -4.4104531E-03  -4.4060447E-03  -4.4131000E-03  -4.4156536E-03  -4.4066594E-03  -4.4124569E-03  -4.4100578E-03  -4.4051642E-03  -4.3983283E-03  -4.3972768E-03
 -4.4000731E-03  -4.3972773E-03  -4.4038394E-03  -4.4023646E-03  -4.4116853E-03  -4.4166911E-03  -4.4247559E-03  -4.4356347E-03  -4.4477526E-03  -4.4467063E-03
 -4.4427263E-03  -4.4322205E-03  -4.4298172E-03  -4.4377814E-03  -4.4362484E-03  -4.4346694E-03  -4.4382946E-03  -4.4537201E-03  -4.4621644E-03  -4.4710361E-03
 -4.4610454E-03  -4.4501093E-03  -4.4599976E-03  -4.4526733E-03  -4.4473922E-03  -4.4504441E-03  -4.4584130E-03  -4.4729006E-03  -4.4762138E-03  -4.4769398E-03
 -4.4730050E-03  -4.4795470E-03  -4.4769873E-03  -4.4768518E-03  -4.4826660E-03  -4.4939206E-03  -4.4910088E-03  -4.4909976E-03  -4.4941232E-03  -4.4847061E-03
 -4.4842656E-03  -4.4806199E-03  -4.4835340E-03  -4.4755088E-03  -4.4749114E-03  -4.4735316E-03  -4.4673863E-03  -4.4636927E-03  -4.4597886E-03  -4.4469852E-03
 -4.4544693E-03  -4.4528288E-03  -4.4484939E-03  -4.4428669E-03  -4.4438574E-03  -4.4451421E-03  -4.4473852E-03  -4.4429819E-03  -4.4428641E-03  -4.4350722E-03
 -4.4490537E-03  -4.4570644E-03  -4.4759754E-03  -4.4683856E-03  -4.4765635E-03  -4.4804197E-03  -4.4774730E-03  -4.4737342E-03  -4.4838623E-03  -4.4868398E-03
 -4.4963066E-03  -4.4989330E-03  -4.5144022E-03  -4.5139897E-03  -4.5265211E-03  -4.5308806E-03  -4.5324462E-03  -4.5386776E-03  -4.5395740E-03  -4.5422786E-03
 -4.5383731E-03  -4.5383410E-03  -4.5228554E-03  -4.5174337E-03  -4.5110011E-03  -4.5163939E-03  -4.5262533E-03  -4.5272447E-03  -4.5237322E-03  -4.5193550E-03
 -4.5295414E-03  -4.5245844E-03  -4.5297858E-03  -4.5219860E-03  -4.5364187E-03  -4.5457943E-03  -4.5668925E-03  -4.5753652E-03  -4.5849956E-03  -4.5855953E-03
 -4.5969640E-03  -4.6010790E-03  -4.6108738E-03  -4.6141003E-03  -4.6060276E-03  -4.6049464E-03  -4.6044108E-03  -4.5970976E-03  -4.6029333E-03  -4.6136985E-03
 -4.6041980E-03  -4.6021892E-03  -4.5943279E-03  -4.6031061E-03  -4.5982893E-03  -4.5893989E-03  -4.5974655E-03  -4.5964108E-03  -4.5955135E-03  -4.5997635E-03
 -4.6090456E-03  -4.6221111E-03  -4.6160794E-03  -4.6149818E-03  -4.6098949E-03  -4.6268562E-03  -4.6466561E-03  -4.6474067E-03  -4.6572252E-03  -4.6527940E-03
 -4.6662465E-03  -4.6601226E-03  -4.6560955E-03  -4.6565067E-03  -4.6492135E-03  -4.6568778E-03  -4.6484764E-03  -4.6526273E-03  -4.6618083E-03  -4.6455809E-03
 -4.6365331E-03  -4.6283016E-03  -4.6297633E-03  -4.6232613E-03  -4.6251914E-03  -4.6310085E-03  -4.6279165E-03  -4.6241945E-03  -4.6275849E-03  -4.6109548E-03
 -4.6043480E-03  -4.6028988E-03  -4.6154270E-03  -4.6143234E-03  -4.6353308E-03  -4.6265498E-03  -4.6317554E-03  -4.6365592E-03  -4.6259989E-03  -4.6273516E-03
 -4.6212398E-03  -4.6217488E-03  -4.6277372E-03  -4.6104188E-03  -4.6087676E-03  -4.6137539E-03  -4.6072612E-03  -4.6129292E-03  -4.6250913E-03  -4.6196226E-03
 -4.6089734E-03  -4.6095471E-03  -4.6029394E-03  -4.6009915E-03  -4.6032481E-03  -4.6074660E-03  -4.6135057E-03  -4.6104593E-03  -4.6038860E-03  -4.6027591E-03
 -4.6042856E-03  -4.6007726E-03  -4.5993137E-03  -4.6037054E-03  -4.6037394E-03  -4.5993314E-03  -4.5869024E-03  -4.5879451E-03  -4.5874580E-03  -4.5907246E-03
 -4.5756181E-03  -4.5648240E-03  -4.5589693E-03  -4.5485883E-03  -4.5582363E-03  -4.5481757E-03  -4.5392583E-03  -4.5371675E-03  -4.5360792E-03  -4.5272047E-03
 -4.5315144E-03  -4.5416625E-03  -4.5396807E-03  -4.5556459E-03  -4.5619942E-03  -4.5763385E-03  -4.5713959E-03  -4.5815273E-03  -4.5728623E-03  -4.5806966E-03
 -4.5804749E-03  -4.5886887E-03  -4.5970320E-03  -4.5962352E-03  -4.5921747E-03  -4.5891046E-03  -4.5886934E-03  -4.5833006E-03  -4.5715286E-03  -4.5761978E-03
 -4.5822905E-03  -4.5719319E-03  -4.5785937E-03  -4.5843236E-03  -4.5951130E-03  -4.5859758E-03  -4.5898794E-03  -4.5940992E-03  -4.5979004E-03  -4.6070707E-03
 -4.6064570E-03  -4.6096309E-03  -4.6146805E-03  -4.6186671E-03  -4.6210256E-03  -4.6342844E-03  -4.6441359E-03  -4.6511944E-03  -4.6441462E-03  -4.6476959E-03
 -4.6495292E-03  -4.6540899E-03  -4.6510985E-03  -4.6489160E-03  -4.6499199E-03  -4.6411199E-03  -4.6495888E-03  -4.6543563E-03  -4.6620267E-03  -4.6656420E-03
 -4.6689310E-03  -4.6802247E-03  -4.6785432E-03  -4.6762871E-03  -4.6844492E-03  -4.6930914E-03  -4.7020675E-03  -4.7158599E-03  -4.7177090E-03  -4.7211838E-03
 -4.7220034E-03  -4.7114235E-03  -4.7065578E-03  -4.7119795E-03  -4.7056400E-03  -4.6911584E-03  -4.6921088E-03  -4.6904180E-03  -4.6887095E-03  -4.6975953E-03
 -4.6930183E-03  -4.7081737E-03  -4.7073881E-03  -4.7099418E-03  -4.7138520E-03  -4.7222553E-03  -4.7343383E-03  -4.7337464E-03  -4.7399015E-03  -4.7460357E-03
 -4.7438284E-03  -4.7429418E-03  -4.7501442E-03  -4.7493028E-03  -4.7469446E-03  -4.7540101E-03  -4.7443104E-03  -4.7346456E-03  -4.7531640E-03  -4.7490443E-03
 -4.7548721E-03  -4.7573526E-03  -4.7540255E-03  -4.7517163E-03  -4.7603720E-03  -4.7649671E-03  -4.7690948E-03  -4.7684535E-03  -4.7635925E-03  -4.7713108E-03
 -4.7826297E-03  -4.7877096E-03  -4.7905371E-03  -4.7772862E-03  -4.7767558E-03  -4.7689211E-03  -4.7854930E-03  -4.7839656E-03  -4.7796341E-03  -4.7679744E-03
 -4.7565605E-03  -4.7591645E-03  -4.7658151E-03  -4.7720056E-03  -4.7762068E-03  -4.7798906E-03  -4.7857095E-03  -4.7841207E-03  -4.7840802E-03  -4.7875391E-03
 -4.7972864E-03  -4.8122439E-03  -4.8139635E-03  -4.8123449E-03  -4.8167869E-03  -4.8211007E-03  -4.8238672E-03  -4.8243538E-03  -4.8234905E-03  -4.8274072E-03
 -4.8315376E-03  -4.8173731E-03  -4.8224656E-03  -4.8281197E-03  -4.8149978E-03  -4.8189624E-03  -4.8192227E-03  -4.8314719E-03  -4.8244768E-03  -4.8212251E-03
 -4.8217638E-03  -4.8247147E-03  -4.8203245E-03  -4.8098802E-03  -4.8086634E-03  -4.8028459E-03  -4.8074923E-03  -4.8178500E-03  -4.8174113E-03  -4.8264326E-03
 -4.8148129E-03  -4.8088636E-03  -4.8115440E-03  -4.8207780E-03  -4.8349211E-03  -4.8227822E-03  -4.8173680E-03  -4.8170849E-03  -4.8274817E-03  -4.8390590E-03
 -4.8353942E-03  -4.8337807E-03  -4.8299530E-03  -4.8254947E-03  -4.8116427E-03  -4.8075547E-03  -4.8012384E-03  -4.8118252E-03  -4.8054075E-03  -4.8231990E-03
 -4.8169615E-03  -4.8288279E-03  -4.8364485E-03  -4.8339488E-03  -4.8372522E-03  -4.8379232E-03  -4.8432960E-03  -4.8397970E-03  -4.8431875E-03  -4.8336876E-03
 -4.8308908E-03  -4.8509673E-03  -4.8694550E-03  -4.8717414E-03  -4.8783221E-03  -4.8774043E-03  -4.8782197E-03  -4.8772544E-03  -4.8826714E-03  -4.8874365E-03
 -4.8937472E-03  -4.8985006E-03  -4.9161958E-03  -4.9187546E-03  -4.9307286E-03  -4.9354397E-03  -4.9472023E-03  -4.9459627E-03  -4.9605994E-03  -4.9715745E-03
 -4.9687107E-03  -4.9545970E-03  -4.9538631E-03  -4.9560978E-03  -4.9589369E-03  -4.9560741E-03  -4.9588191E-03  -4.9546240E-03  -4.9606957E-03  -4.9745492E-03
 -4.9801958E-03  -4.9731582E-03  -4.9747443E-03  -4.9761520E-03  -4.9754223E-03  -4.9879760E-03  -4.9956054E-03  -4.9924003E-03  -5.0015813E-03  -5.0049908E-03
 -5.0105476E-03  -5.0092819E-03  -5.0094388E-03  -5.0100721E-03  -5.0080237E-03  -5.0078244E-03  -5.0049149E-03  -4.9982159E-03  -4.9989983E-03  -4.9962150E-03
 -4.9986499E-03  -5.0072651E-03  -4.9971389E-03  -5.0024912E-03  -4.9979198E-03  -4.9961838E-03  -5.0027180E-03  -4.9841795E-03  -4.9811224E-03  -4.9823732E-03
 -4.9751499E-03  -4.9684718E-03  -4.9747503E-03  -4.9677719E-03  -4.9647246E-03  -4.9767424E-03  -4.9769785E-03  -4.9847504E-03  -4.9823187E-03  -4.9911807E-03
 -4.9955677E-03  -4.9957116E-03  -5.0010192E-03  -5.0002295E-03  -4.9987780E-03  -5.0007566E-03  -4.9903649E-03  -4.9875975E-03  -4.9929637E-03  -4.9987100E-03
 -4.9957135E-03  -4.9943551E-03  -5.0022108E-03  -4.9995389E-03  -4.9940445E-03  -4.9978625E-03  -4.9935780E-03  -4.9922010E-03  -4.9956143E-03  -5.0011277E-03
 -5.0066835E-03  -5.0005023E-03  -4.9938215E-03  -4.9962029E-03  -5.0080423E-03  -5.0096936E-03  -5.0073671E-03  -5.0003999E-03  -4.9944469E-03  -4.9967719E-03
 -5.0127357E-03  -5.0175088E-03  -5.0254073E-03  -5.0260751E-03  -5.0310609E-03  -5.0386079E-03  -5.0438032E-03  -5.0520739E-03  -5.0498517E-03  -5.0722966E-03
 -5.0727082E-03  -5.0755525E-03  -5.0750743E-03  -5.0707520E-03  -5.0677760E-03  -5.0671985E-03  -5.0568427E-03  -5.0769309E-03  -5.0712940E-03  -5.0607426E-03
 -5.0731902E-03  -5.0985217E-03  -5.0941994E-03  -5.0904779E-03  -5.1005981E-03  -5.0967894E-03  -5.0929249E-03  -5.1076268E-03  -5.1163333E-03  -5.1217796E-03
 -5.1205242E-03  -5.1270425E-03  -5.1141912E-03  -5.1283049E-03  -5.1233489E-03  -5.1269531E-03  -5.1294127E-03  -5.1239752E-03  -5.1099309E-03  -5.1142094E-03
 -5.1311641E-03  -5.1470171E-03  -5.1414706E-03  -5.1512844E-03  -5.1546711E-03  -5.1533780E-03  -5.1637013E-03  -5.1687052E-03  -5.1839445E-03  -5.1892386E-03
 -5.1890835E-03  -5.1949634E-03  -5.2007656E-03  -5.2108900E-03  -5.2131405E-03  -5.2208346E-03  -5.2402294E-03  -5.2463608E-03  -5.2519115E-03  -5.2509820E-03
 -5.2535692E-03  -5.2621257E-03  -5.2665453E-03  -5.2757929E-03  -5.2771531E-03  -5.2747000E-03  -5.2824561E-03  -5.2783117E-03  -5.2824318E-03  -5.2936175E-03
 -5.2929106E-03  -5.3045992E-03  -5.3123124E-03  -5.3095454E-03  -5.3097513E-03  -5.2943728E-03  -5.3087389E-03  -5.2978289E-03  -5.3127646E-03  -5.3148768E-03
 -5.3159199E-03  -5.3110737E-03  -5.3115049E-03  -5.2936804E-03  -5.2928668E-03  -5.3040269E-03  -5.3052958E-03  -5.2892375E-03  -5.2922196E-03  -5.3022830E-03
 -5.2915066E-03  -5.2766218E-03  -5.2701007E-03  -5.2714744E-03  -5.2745561E-03  -5.2807941E-03  -5.2857124E-03  -5.2993349E-03  -5.3089014E-03  -5.3132726E-03
 -5.3076008E-03  -5.3112162E-03  -5.3167474E-03  -5.3205900E-03  -5.3276331E-03  -5.3303749E-03  -5.3495048E-03  -5.3615174E-03  -5.3757383E-03  -5.3796316E-03
 -5.3662318E-03  -5.3555933E-03  -5.3603086E-03  -5.3525548E-03  -5.3571011E-03  -5.3396039E-03  -5.3320643E-03  -5.3189714E-03  -5.3257491E-03  -5.3306962E-03
 -5.3387731E-03  -5.3419010E-03  -5.3331396E-03  -5.3294352E-03  -5.3291102E-03  -5.3386302E-03  -5.3532491E-03  -5.3668618E-03  -5.3820428E-03  -5.3899684E-03
 -5.4018740E-03  -5.4074368E-03  -5.4095527E-03  -5.4095015E-03  -5.4085236E-03  -5.4313256E-03  -5.4310928E-03  -5.4305005E-03  -5.4240101E-03  -5.4237125E-03
 -5.4244585E-03  -5.4383697E-03  -5.4296018E-03  -5.4346654E-03  -5.4380209E-03  -5.4346849E-03  -5.4319799E-03  -5.4306192E-03  -5.4403651E-03  -5.4476373E-03
 -5.4518748E-03  -5.4562967E-03  -5.4535889E-03  -5.4565948E-03  -5.4569757E-03  -5.4624267E-03  -5.4637040E-03  -5.4632961E-03  -5.4603149E-03  -5.4691262E-03
 -5.4567382E-03  -5.4471688E-03  -5.4594674E-03  -5.4647215E-03  -5.4653911E-03  -5.4528173E-03  -5.4633738E-03  -5.4491176E-03  -5.4542772E-03  -5.4577598E-03
 -5.4548797E-03  -5.4557608E-03  -5.4836865E-03  -5.4806913E-03  -5.4867128E-03  -5.4915864E-03  -5.4922262E-03  -5.4925806E-03  -5.4938225E-03  -5.5072731E-03
 -5.5141873E-03  -5.5023190E-03  -5.5020754E-03  -5.4961140E-03  -5.4867635E-03  -5.5021155E-03  -5.4980572E-03  -5.5091465E-03  -5.5134255E-03  -5.5244882E-03
 -5.5354703E-03  -5.5535226E-03  -5.5641485E-03  -5.5541145E-03  -5.5549601E-03  -5.5596195E-03  -5.5530751E-03  -5.5580726E-03  -5.5559580E-03  -5.5568726E-03
 -5.5534532E-03  -5.5418871E-03  -5.5327183E-03  -5.5448166E-03  -5.5528777E-03  -5.5502369E-03  -5.5537540E-03  -5.5592661E-03  -5.5719200E-03  -5.5775726E-03
 -5.5820779E-03  -5.5913446E-03  -5.5840607E-03  -5.5883690E-03  -5.5906298E-03  -5.5851382E-03  -5.5738571E-03  -5.5826749E-03  -5.5881762E-03  -5.5943434E-03
 -5.5890353E-03  -5.6016832E-03  -5.6109582E-03  -5.6156027E-03  -5.6303907E-03  -5.6213532E-03  -5.6191576E-03  -5.6273066E-03  -5.6337533E-03  -5.6428458E-03
 -5.6404937E-03  -5.6484141E-03  -5.6585092E-03  -5.6690518E-03  -5.6550023E-03  -5.6628431E-03  -5.6689358E-03  -5.6754551E-03  -5.6891693E-03  -5.6980490E-03
 -5.6941896E-03  -5.7023591E-03  -5.7225446E-03  -5.7152961E-03  -5.7182629E-03  -5.7366900E-03  -5.7380050E-03  -5.7460032E-03  -5.7490929E-03  -5.7519195E-03
 -5.7555321E-03  -5.7570157E-03  -5.7558198E-03  -5.7579996E-03  -5.7652653E-03  -5.7631102E-03  -5.7665319E-03  -5.7802298E-03  -5.7974798E-03  -5.8026500E-03
 -5.8039050E-03  -5.7996768E-03  -5.7881339E-03  -5.8011194E-03  -5.7987552E-03  -5.8080009E-03  -5.8206092E-03  -5.8242902E-03  -5.8216127E-03  -5.8190962E-03
 -5.8197211E-03  -5.8098994E-03  -5.8133039E-03  -5.8151991E-03  -5.8208387E-03  -5.8389339E-03  -5.8315694E-03  -5.8308393E-03  -5.8306204E-03  -5.8379211E-03
 -5.8454662E-03  -5.8413269E-03  -5.8476147E-03  -5.8441530E-03  -5.8502061E-03  -5.8447402E-03  -5.8389208E-03  -5.8308942E-03  -5.8277021E-03  -5.8295256E-03
 -5.8318730E-03  -5.8292979E-03  -5.8195773E-03  -5.8285492E-03  -5.8339918E-03  -5.8320155E-03  -5.8289580E-03  -5.8367178E-03  -5.8463304E-03  -5.8470177E-03
 -5.8399374E-03  -5.8506001E-03  -5.8419858E-03  -5.8340179E-03  -5.8287452E-03  -5.8375890E-03  -5.8303736E-03  -5.8294041E-03  -5.8236397E-03  -5.8161872E-03
 -5.8184913E-03  -5.8221100E-03  -5.8279815E-03  -5.8272942E-03  -5.8224038E-03  -5.8288393E-03  -5.8116210E-03  -5.8203680E-03  -5.8307322E-03  -5.8348579E-03
 -5.8380375E-03  -5.8416598E-03  -5.8329650E-03  -5.8400785E-03  -5.8413632E-03  -5.8473810E-03  -5.8655934E-03  -5.8701979E-03  -5.8768364E-03  -5.8849966E-03
 -5.8943001E-03  -5.9058531E-03  -5.9296866E-03  -5.9477547E-03  -5.9512900E-03  -5.9389663E-03  -5.9412555E-03  -5.9263175E-03  -5.9424206E-03  -5.9307911E-03
 -5.9264479E-03  -5.9203710E-03  -5.9302757E-03  -5.9257019E-03  -5.9120129E-03  -5.8980482E-03  -5.8908085E-03  -5.8796089E-03  -5.8672535E-03  -5.8757300E-03
 -5.8908048E-03  -5.8862111E-03  -5.8696447E-03  -5.8674258E-03  -5.8457484E-03  -5.8557857E-03  -5.8619836E-03  -5.8491314E-03  -5.8510085E-03  -5.8572004E-03
 -5.8529982E-03  -5.8373883E-03  -5.8313855E-03  -5.8191135E-03  -5.8193468E-03  -5.8288663E-03  -5.8219619E-03  -5.7988139E-03  -5.8005718E-03  -5.8042360E-03
 -5.7871784E-03  -5.7849367E-03  -5.7814438E-03  -5.7699946E-03  -5.7553733E-03  -5.7651736E-03  -5.7636453E-03  -5.7549053E-03  -5.7635037E-03  -5.7845809E-03
 -5.7844068E-03  -5.8041960E-03  -5.8123255E-03  -5.8112745E-03  -5.8234036E-03  -5.8354554E-03  -5.8333129E-03  -5.8447998E-03  -5.8479775E-03  -5.8461088E-03
 -5.8512366E-03  -5.8622980E-03  -5.8769560E-03  -5.8791041E-03  -5.8769295E-03  -5.8818068E-03  -5.8714650E-03  -5.8685616E-03  -5.8635105E-03  -5.8749854E-03
 -5.8775488E-03  -5.8750082E-03  -5.8618672E-03  -5.8591948E-03  -5.8743278E-03  -5.8843936E-03  -5.8837957E-03  -5.8973357E-03  -5.8849156E-03  -5.8789873E-03
 -5.8859168E-03  -5.8952826E-03  -5.8944966E-03  -5.9088366E-03  -5.9163021E-03  -5.9182080E-03  -5.9153903E-03  -5.9264186E-03  -5.9133368E-03  -5.9134900E-03
 -5.8971001E-03  -5.8980146E-03  -5.8996873E-03  -5.8928868E-03  -5.8917697E-03  -5.9073656E-03  -5.9089209E-03  -5.9027341E-03  -5.9111328E-03  -5.9149116E-03
 -5.9207892E-03  -5.9200949E-03  -5.9122415E-03  -5.9043705E-03  -5.9086368E-03  -5.9247972E-03  -5.9303096E-03  -5.9242672E-03  -5.9202686E-03  -5.9267865E-03
 -5.9315325E-03  -5.9330752E-03  -5.9350110E-03  -5.9328829E-03  -5.9388820E-03  -5.9252596E-03  -5.9139272E-03  -5.9072371E-03  -5.9074839E-03  -5.9101554E-03
 -5.9037590E-03  -5.9085148E-03  -5.9144506E-03  -5.9060110E-03  -5.9012626E-03  -5.8961352E-03  -5.8776033E-03  -5.8779521E-03  -5.8858246E-03  -5.8724494E-03
 -5.8643008E-03  -5.8604707E-03  -5.8586001E-03  -5.8566225E-03  -5.8788988E-03  -5.8736438E-03  -5.8645764E-03  -5.8731493E-03  -5.8929836E-03  -5.8930302E-03
 -5.8893529E-03  -5.8878567E-03  -5.8794646E-03  -5.8798161E-03  -5.8661532E-03  -5.8698696E-03  -5.8615413E-03  -5.8591492E-03  -5.8677052E-03  -5.8718096E-03
 -5.8928723E-03  -5.8949748E-03  -5.8987667E-03  -5.8878041E-03  -5.8860877E-03  -5.8959937E-03  -5.9085893E-03  -5.8957026E-03  -5.8949497E-03  -5.9063854E-03
 -5.9223166E-03  -5.9259171E-03  -5.9240339E-03  -5.9284312E-03  -5.9423498E-03  -5.9399186E-03  -5.9361644E-03  -5.9425407E-03  -5.9413123E-03  -5.9531014E-03
 -5.9512192E-03  -5.9582256E-03  -5.9633222E-03  -5.9619765E-03  -5.9580090E-03  -5.9709246E-03  -5.9700585E-03  -5.9675425E-03  -5.9731440E-03  -5.9699104E-03
 -5.9720073E-03  -5.9850449E-03  -5.9952936E-03  -5.9965253E-03  -5.9891976E-03  -6.0011819E-03  -6.0069575E-03  -6.0029603E-03  -5.9923632E-03  -6.0206261E-03
 -6.0478454E-03  -6.0522221E-03  -6.0524289E-03  -6.0363300E-03  -6.0308524E-03  -6.0260915E-03  -6.0304478E-03  -6.0449089E-03  -6.0420018E-03  -6.0312022E-03
 -6.0369615E-03  -6.0258820E-03  -6.0151271E-03  -6.0129547E-03  -6.0183126E-03  -6.0342173E-03  -6.0261381E-03  -6.0388325E-03  -6.0519674E-03  -6.0624443E-03
 -6.0679587E-03  -6.0683605E-03  -6.0776244E-03  -6.0762824E-03  -6.0602706E-03  -6.0488838E-03  -6.0462793E-03  -6.0482933E-03  -6.0679261E-03  -6.0658143E-03
 -6.0567446E-03  -6.0431985E-03  -6.0242023E-03  -6.0483455E-03  -6.0497629E-03  -6.0440223E-03  -6.0491660E-03  -6.0456409E-03  -6.0461969E-03  -6.0573039E-03
 -6.0607307E-03  -6.0805012E-03  -6.0806973E-03  -6.0948720E-03  -6.1066197E-03  -6.1193816E-03  -6.1235065E-03  -6.1235083E-03  -6.1310898E-03  -6.1228927E-03
 -6.1357263E-03  -6.1234962E-03  -6.1266366E-03  -6.1310073E-03  -6.1198710E-03  -6.1184587E-03  -6.1285556E-03  -6.1245807E-03  -6.1104740E-03  -6.0977517E-03
 -6.1009289E-03  -6.0841534E-03  -6.0794498E-03  -6.0894508E-03  -6.0964916E-03  -6.0882247E-03  -6.0724868E-03  -6.0566571E-03  -6.0793669E-03  -6.0849548E-03
 -6.0854768E-03  -6.0847248E-03  -6.0820342E-03  -6.0856044E-03  -6.0862857E-03  -6.0950536E-03  -6.1041713E-03  -6.1122128E-03  -6.1171423E-03  -6.1083706E-03
 -6.1208489E-03  -6.1142268E-03  -6.1040181E-03  -6.1104223E-03  -6.1015468E-03  -6.1108582E-03  -6.1004371E-03  -6.0922955E-03  -6.0987263E-03  -6.1048470E-03
 -6.1077951E-03  -6.0922606E-03  -6.1095026E-03  -6.0968110E-03  -6.1099776E-03  -6.1090114E-03  -6.1174287E-03  -6.1073238E-03  -6.1043608E-03  -6.1149746E-03
 -6.1270609E-03  -6.1359741E-03  -6.1432305E-03  -6.1581158E-03  -6.1637629E-03  -6.1523379E-03  -6.1517656E-03  -6.1417115E-03  -6.1589405E-03  -6.1762477E-03
 -6.1840485E-03  -6.1912341E-03  -6.1932676E-03  -6.2134205E-03  -6.2266975E-03  -6.2232073E-03  -6.2310859E-03  -6.2442371E-03  -6.2397155E-03  -6.2430911E-03
 -6.2473668E-03  -6.2438017E-03  -6.2564714E-03  -6.2518669E-03  -6.2554567E-03  -6.2563126E-03  -6.2569012E-03  -6.2590204E-03  -6.2614633E-03  -6.2425318E-03
 -6.2515140E-03  -6.2392042E-03  -6.2345141E-03  -6.2368368E-03  -6.2340195E-03  -6.2273061E-03  -6.2111001E-03  -6.2294579E-03  -6.2212548E-03  -6.2256530E-03
 -6.2228143E-03  -6.2049502E-03  -6.2221265E-03  -6.2184781E-03  -6.2248101E-03  -6.2331390E-03  -6.2317927E-03  -6.2487195E-03  -6.2528811E-03  -6.2549291E-03
 -6.2654912E-03  -6.2670498E-03  -6.2711262E-03  -6.2547470E-03  -6.2599671E-03  -6.2480178E-03  -6.2599797E-03  -6.2584314E-03  -6.2529491E-03  -6.2509729E-03
 -6.2594358E-03  -6.2751924E-03  -6.2695271E-03  -6.2524742E-03  -6.2353578E-03  -6.2251370E-03  -6.2422208E-03  -6.2486576E-03  -6.2541985E-03  -6.2491186E-03
 -6.2449123E-03  -6.2515060E-03  -6.2614749E-03  -6.2486110E-03  -6.2462040E-03  -6.2275105E-03  -6.2182932E-03  -6.2056500E-03  -6.2060803E-03  -6.2200781E-03
 -6.2295473E-03  -6.2479475E-03  -6.2659597E-03  -6.2870956E-03  -6.2864260E-03  -6.2853112E-03  -6.2836423E-03  -6.2860036E-03  -6.3039395E-03  -6.3141729E-03
 -6.3405102E-03  -6.3356189E-03  -6.3552675E-03  -6.3664033E-03  -6.3696094E-03  -6.3799126E-03  -6.3993116E-03  -6.3970517E-03  -6.4156693E-03  -6.4328727E-03
 -6.4295735E-03  -6.4375703E-03  -6.4318050E-03  -6.4398502E-03  -6.4517837E-03  -6.4465436E-03  -6.4305440E-03  -6.4159851E-03  -6.4297193E-03  -6.4259828E-03
 -6.4424826E-03  -6.4559840E-03  -6.4596385E-03  -6.4747855E-03  -6.4789299E-03  -6.4624455E-03  -6.4695454E-03  -6.4993538E-03  -6.5120938E-03  -6.4948634E-03
 -6.4991289E-03  -6.4958995E-03  -6.4995885E-03  -6.4945780E-03  -6.4848503E-03  -6.4976616E-03  -6.4913169E-03  -6.5073511E-03  -6.5149381E-03  -6.5192184E-03
 -6.5313322E-03  -6.5300558E-03  -6.5288092E-03  -6.5333596E-03  -6.5199863E-03  -6.5287766E-03  -6.5343254E-03  -6.5391432E-03  -6.5296665E-03  -6.5240394E-03
 -6.5124626E-03  -6.5241107E-03  -6.5303296E-03  -6.5350947E-03  -6.5187193E-03  -6.5052453E-03  -6.4974218E-03  -6.4947959E-03  -6.5070833E-03  -6.5040025E-03
 -6.5168506E-03  -6.5302262E-03  -6.5359077E-03  -6.5367813E-03  -6.5495861E-03  -6.5510222E-03  -6.5564252E-03  -6.5569133E-03  -6.5587461E-03  -6.5603149E-03
 -6.5638740E-03  -6.5589533E-03  -6.5631378E-03  -6.5499204E-03  -6.5628816E-03  -6.5788548E-03  -6.5860837E-03  -6.5913685E-03  -6.5874169E-03  -6.5867426E-03
 -6.5972600E-03  -6.5894746E-03  -6.5814061E-03  -6.5758545E-03  -6.5679899E-03  -6.5640742E-03  -6.5703997E-03  -6.5707616E-03  -6.5606376E-03  -6.5668537E-03
 -6.5609356E-03  -6.5768887E-03  -6.5888027E-03  -6.5750843E-03  -6.5880683E-03  -6.5860827E-03  -6.5927999E-03  -6.5755188E-03  -6.5854751E-03  -6.5897624E-03
 -6.5690312E-03  -6.5577878E-03  -6.5615829E-03  -6.5698735E-03  -6.5703071E-03  -6.5657557E-03  -6.5760799E-03  -6.5988079E-03  -6.6106869E-03  -6.6199447E-03
 -6.6164467E-03  -6.6100592E-03  -6.6185910E-03  -6.6183931E-03  -6.6204527E-03  -6.6210791E-03  -6.6250791E-03  -6.6608223E-03  -6.6784834E-03  -6.6837939E-03
 -6.6904896E-03  -6.7010345E-03  -6.7054280E-03  -6.7251958E-03  -6.7263618E-03  -6.7380997E-03  -6.7558461E-03  -6.7604575E-03  -6.7606126E-03  -6.7495070E-03
 -6.7295926E-03  -6.7452188E-03  -6.7447829E-03  -6.7214984E-03  -6.6978661E-03  -6.7149876E-03  -6.7197089E-03  -6.7332722E-03  -6.7428742E-03  -6.7533772E-03
 -6.7588463E-03  -6.7711207E-03  -6.7511424E-03  -6.7338180E-03  -6.7311907E-03  -6.7295260E-03  -6.7279991E-03  -6.7168297E-03  -6.7002312E-03  -6.7149415E-03
 -6.7250668E-03  -6.7220475E-03  -6.7138565E-03  -6.7221113E-03  -6.6964482E-03  -6.6920463E-03  -6.6868165E-03  -6.6820970E-03  -6.6750655E-03  -6.6732778E-03
 -6.6706650E-03  -6.6791237E-03  -6.6899383E-03  -6.6919499E-03  -6.6831494E-03  -6.6791889E-03  -6.6928361E-03  -6.7003318E-03  -6.6982228E-03  -6.7143044E-03
 -6.7230766E-03  -6.7144078E-03  -6.7112385E-03  -6.7242607E-03  -6.7299427E-03  -6.7460253E-03  -6.7469683E-03  -6.7413687E-03  -6.7285034E-03  -6.7236614E-03
 -6.7175659E-03  -6.7207008E-03  -6.7327935E-03  -6.7269159E-03  -6.7116576E-03  -6.7137727E-03  -6.7170234E-03  -6.7269239E-03  -6.7208335E-03  -6.7192633E-03
 -6.7078993E-03  -6.7090951E-03  -6.7237262E-03  -6.7220875E-03  -6.7130490E-03  -6.7153568E-03  -6.7268326E-03  -6.7199348E-03  -6.7294240E-03  -6.7273844E-03
 -6.7309691E-03  -6.7157885E-03  -6.7108185E-03  -6.7375549E-03  -6.7322114E-03  -6.7419610E-03  -6.7371223E-03  -6.7473743E-03  -6.7630275E-03  -6.7586219E-03
 -6.7706639E-03  -6.7867986E-03  -6.7996783E-03  -6.7887804E-03  -6.7751901E-03  -6.7715887E-03  -6.7827795E-03  -6.7679640E-03  -6.7744674E-03  -6.7804651E-03
 -6.7860680E-03  -6.7983195E-03  -6.7865797E-03  -6.7929756E-03  -6.7916433E-03  -6.7985132E-03  -6.8000020E-03  -6.8001938E-03  -6.8269535E-03  -6.8289912E-03
 -6.8553290E-03  -6.8685357E-03  -6.8834769E-03  -6.9014127E-03  -6.9089206E-03  -6.9127493E-03  -6.9236248E-03  -6.9158371E-03  -6.9121369E-03  -6.9336002E-03
 -6.9448948E-03  -6.9340887E-03  -6.9361879E-03  -6.9548851E-03  -6.9558742E-03  -6.9521698E-03  -6.9581340E-03  -6.9680293E-03  -6.9816494E-03  -6.9653452E-03
 -6.9444529E-03  -6.9297026E-03  -6.9376482E-03  -6.9536637E-03  -6.9487286E-03  -6.9366521E-03  -6.9439011E-03  -6.9532865E-03  -6.9403565E-03  -6.9405297E-03
 -6.9388431E-03  -6.9398405E-03  -6.9412263E-03  -6.9567920E-03  -6.9554276E-03  -6.9372505E-03  -6.9249664E-03  -6.9261678E-03  -6.9404924E-03  -6.9161034E-03
 -6.9100084E-03  -6.9126366E-03  -6.9141127E-03  -6.9042328E-03  -6.9014565E-03  -6.8757175E-03  -6.8799825E-03  -6.8723792E-03  -6.8652704E-03  -6.8902737E-03
 -6.8944357E-03  -6.8739164E-03  -6.8444503E-03  -6.8379026E-03  -6.8292264E-03  -6.8115992E-03  -6.7991358E-03  -6.8022893E-03  -6.7921639E-03  -6.8037617E-03
 -6.8081031E-03  -6.7928303E-03  -6.8067815E-03  -6.8148901E-03  -6.8093808E-03  -6.8085571E-03  -6.8263286E-03  -6.8228524E-03  -6.8321442E-03  -6.8115969E-03
 -6.8195877E-03  -6.8073673E-03  -6.8132877E-03  -6.8114283E-03  -6.8155862E-03  -6.8133366E-03  -6.8293340E-03  -6.8208687E-03  -6.7937230E-03  -6.7763217E-03
 -6.7770579E-03  -6.7729703E-03  -6.7908228E-03  -6.8057282E-03  -6.8106204E-03  -6.8214466E-03  -6.8028066E-03  -6.8185963E-03  -6.8072961E-03  -6.8214112E-03
 -6.8376996E-03  -6.8407673E-03  -6.8571232E-03  -6.8701073E-03  -6.8650036E-03  -6.8610846E-03  -6.8624001E-03  -6.8612769E-03  -6.8556955E-03  -6.8603647E-03
 -6.8551502E-03  -6.8429722E-03  -6.8394407E-03  -6.8247132E-03  -6.8170559E-03  -6.8184696E-03  -6.8063685E-03  -6.8152663E-03  -6.8320152E-03  -6.8313233E-03
 -6.8402458E-03  -6.8385829E-03  -6.8470114E-03  -6.8635195E-03  -6.8645952E-03  -6.8733203E-03  -6.8746544E-03  -6.8720751E-03  -6.8800328E-03  -6.8676402E-03
 -6.8733017E-03  -6.8772170E-03  -6.8673803E-03  -6.8694055E-03  -6.8812445E-03  -6.8730353E-03  -6.8753110E-03  -6.8620290E-03  -6.8751764E-03  -6.8703522E-03
 -6.8686241E-03  -6.8631456E-03  -6.8605281E-03  -6.8557863E-03  -6.8681962E-03  -6.8829996E-03  -6.8942741E-03  -6.8972991E-03  -6.8923603E-03  -6.9042831E-03
 -6.8969936E-03  -6.8901689E-03  -6.9056596E-03  -6.9074468E-03  -6.8894089E-03  -6.8792328E-03  -6.8845381E-03  -6.8760542E-03  -6.8915072E-03  -6.9057574E-03
 -6.9129192E-03  -6.9085388E-03  -6.9194068E-03  -6.9344812E-03  -6.9375816E-03  -6.9555426E-03  -6.9442233E-03  -6.9439462E-03  -6.9239014E-03  -6.9358260E-03
 -6.9481740E-03  -6.9343629E-03  -6.9533475E-03  -6.9554327E-03  -6.9531859E-03  -6.9370959E-03  -6.9283023E-03  -6.9266376E-03  -6.9311722E-03  -6.9257277E-03
 -6.9265552E-03  -6.9468636E-03  -6.9506401E-03  -6.9515998E-03  -6.9383853E-03  -6.9523491E-03  -6.9745360E-03  -6.9747213E-03  -6.9832015E-03  -6.9722263E-03
 -6.9814203E-03  -6.9726408E-03  -6.9492925E-03  -6.9271759E-03  -6.9262609E-03  -6.8966411E-03  -6.9006989E-03  -6.8939831E-03  -6.8978509E-03  -6.8982858E-03
 -6.8947515E-03  -6.8864129E-03  -6.8940069E-03  -6.8911836E-03  -6.9050603E-03  -6.9091660E-03  -6.9289720E-03  -6.9161435E-03  -6.9273487E-03  -6.9323075E-03
 -6.9406107E-03  -6.9483598E-03  -6.9493465E-03  -6.9539538E-03  -6.9647082E-03  -6.9656088E-03  -6.9699758E-03  -6.9674826E-03  -6.9998601E-03  -7.0119980E-03
 -7.0194500E-03  -7.0026293E-03  -7.0296736E-03  -7.0341863E-03  -7.0347171E-03  -7.0392792E-03  -7.0238155E-03  -7.0332917E-03  -7.0444453E-03  -7.0359069E-03
 -7.0291194E-03  -7.0458283E-03  -7.0563070E-03  -7.0621646E-03  -7.0614512E-03  -7.0657181E-03  -7.0631751E-03  -7.0638359E-03  -7.0794206E-03  -7.0896279E-03
 -7.0818448E-03  -7.0801922E-03  -7.0613162E-03  -7.0841857E-03  -7.1087433E-03  -7.1399454E-03  -7.1634403E-03  -7.1578254E-03  -7.1513937E-03  -7.1550207E-03
 -7.1600969E-03  -7.1644061E-03  -7.1488111E-03  -7.1616927E-03  -7.1722893E-03  -7.1711540E-03  -7.1736206E-03  -7.1843858E-03  -7.1753394E-03  -7.1638413E-03
 -7.1662748E-03  -7.1595227E-03  -7.1477159E-03  -7.1554077E-03  -7.1566389E-03  -7.1558757E-03  -7.1457713E-03  -7.1357116E-03  -7.1438965E-03  -7.1282769E-03
 -7.1217017E-03  -7.0969467E-03  -7.1031996E-03  -7.0892065E-03  -7.1132327E-03  -7.1004676E-03  -7.0901923E-03  -7.0911399E-03  -7.1061715E-03  -7.1113901E-03
 -7.0939786E-03  -7.1141315E-03  -7.1252133E-03  -7.1203900E-03  -7.1164137E-03  -7.1242335E-03  -7.1241567E-03  -7.1047521E-03  -7.0890854E-03  -7.0811878E-03
 -7.0904880E-03  -7.0945574E-03  -7.1058706E-03  -7.1098967E-03  -7.0955926E-03  -7.1181292E-03  -7.1116542E-03  -7.1451385E-03  -7.1401177E-03  -7.1383873E-03
 -7.1443883E-03  -7.1546966E-03  -7.1571255E-03  -7.1445247E-03  -7.1386215E-03  -7.1475217E-03  -7.1547106E-03  -7.1634809E-03  -7.1862661E-03  -7.1770330E-03
 -7.1714339E-03  -7.1671805E-03  -7.1583986E-03  -7.1497518E-03  -7.1503320E-03  -7.1612820E-03  -7.1608038E-03  -7.1505401E-03  -7.1432171E-03  -7.1489210E-03
 -7.1242172E-03  -7.1341032E-03  -7.1401591E-03  -7.1339123E-03  -7.1376842E-03  -7.1390173E-03  -7.1446788E-03  -7.1304841E-03  -7.1367202E-03  -7.1508526E-03
 -7.1720188E-03  -7.2002127E-03  -7.2020022E-03  -7.2060139E-03  -7.2075920E-03  -7.1979808E-03  -7.2079357E-03  -7.2112102E-03  -7.2150226E-03  -7.2093215E-03
 -7.2480808E-03  -7.2314073E-03  -7.2444119E-03  -7.2598243E-03  -7.2691347E-03  -7.2750603E-03  -7.2783595E-03  -7.2852457E-03  -7.2838902E-03  -7.2720703E-03
 -7.2764605E-03  -7.2842441E-03  -7.2908881E-03  -7.3150997E-03  -7.3427986E-03  -7.3500876E-03  -7.3510860E-03  -7.3344368E-03  -7.3453472E-03  -7.3361807E-03
 -7.3290188E-03  -7.3351436E-03  -7.3416820E-03  -7.3479889E-03  -7.3407809E-03  -7.3276171E-03  -7.3176394E-03  -7.3536066E-03  -7.3539242E-03  -7.3590488E-03
 -7.3603587E-03  -7.3689702E-03  -7.3675825E-03  -7.3815067E-03  -7.3942775E-03  -7.4009532E-03  -7.3987050E-03  -7.3835370E-03  -7.4151680E-03  -7.4158814E-03
 -7.4046757E-03  -7.4185468E-03  -7.4250894E-03  -7.4142539E-03  -7.3959678E-03  -7.4255923E-03  -7.4498141E-03  -7.4666888E-03  -7.4774260E-03  -7.4601127E-03
 -7.4712634E-03  -7.4735694E-03  -7.4859476E-03  -7.4642780E-03  -7.4473987E-03  -7.4508963E-03  -7.4463501E-03  -7.4460427E-03  -7.4413000E-03  -7.4407179E-03
 -7.4505014E-03  -7.4456441E-03  -7.4467403E-03  -7.4461661E-03  -7.4276626E-03  -7.4299341E-03  -7.4340729E-03  -7.4684117E-03  -7.4631576E-03  -7.4858130E-03
 -7.4965493E-03  -7.4986219E-03  -7.4959337E-03  -7.5291693E-03  -7.5135538E-03  -7.5249118E-03  -7.5183506E-03  -7.5229160E-03  -7.5298054E-03  -7.5346446E-03
 -7.5117610E-03  -7.5161466E-03  -7.5265546E-03  -7.5159171E-03  -7.5121326E-03  -7.5236382E-03  -7.5202757E-03  -7.5224624E-03  -7.5226491E-03  -7.5285486E-03
 -7.5177406E-03  -7.5215348E-03  -7.5140921E-03  -7.5109610E-03  -7.5034942E-03  -7.5083296E-03  -7.4855364E-03  -7.4824258E-03  -7.4861343E-03  -7.4874461E-03
 -7.4801277E-03  -7.4766730E-03  -7.4891672E-03  -7.4867890E-03  -7.4768960E-03  -7.4948552E-03  -7.5171371E-03  -7.5085009E-03  -7.5111915E-03  -7.5297011E-03
 -7.5375815E-03  -7.5341836E-03  -7.5480519E-03  -7.5721131E-03  -7.5925244E-03  -7.5935614E-03  -7.5986031E-03  -7.6072132E-03  -7.6166121E-03  -7.6360838E-03
 -7.6340432E-03  -7.6456955E-03  -7.6531563E-03  -7.6494329E-03  -7.6639508E-03  -7.6643019E-03  -7.6668388E-03  -7.6739555E-03  -7.6751085E-03  -7.6869703E-03
 -7.6858094E-03  -7.6908027E-03  -7.6942593E-03  -7.6911207E-03  -7.6774242E-03  -7.6755807E-03  -7.6837502E-03  -7.6885601E-03  -7.7195046E-03  -7.7339038E-03
 -7.7240421E-03  -7.7406028E-03  -7.7596311E-03  -7.7632414E-03  -7.7645993E-03  -7.7820458E-03  -7.7749891E-03  -7.7711376E-03  -7.7778921E-03  -7.7819969E-03
 -7.7751656E-03  -7.7539654E-03  -7.7546909E-03  -7.7539971E-03  -7.7694003E-03  -7.7799992E-03  -7.7738203E-03  -7.7719688E-03  -7.7490835E-03  -7.7442736E-03
 -7.7540861E-03  -7.7547696E-03  -7.7486238E-03  -7.7495244E-03  -7.7429563E-03  -7.7538770E-03  -7.7470411E-03  -7.7329818E-03  -7.7229668E-03  -7.7189095E-03
 -7.7012894E-03  -7.7061076E-03  -7.7091595E-03  -7.7242940E-03  -7.7273413E-03  -7.7522658E-03  -7.7536725E-03  -7.7308919E-03  -7.7400617E-03  -7.7295695E-03
 -7.6997508E-03  -7.7059246E-03  -7.7141975E-03  -7.7134734E-03  -7.6886318E-03  -7.7027748E-03  -7.7147121E-03  -7.7160913E-03  -7.7433172E-03  -7.7686803E-03
 -7.7516274E-03  -7.7468823E-03  -7.7369683E-03  -7.7499170E-03  -7.7440110E-03  -7.7429782E-03  -7.7477004E-03  -7.7275210E-03  -7.7581806E-03  -7.7618086E-03
 -7.7656931E-03  -7.7489489E-03  -7.7367052E-03  -7.7631082E-03  -7.7455612E-03  -7.7553764E-03  -7.7712294E-03  -7.7766683E-03  -7.7926964E-03  -7.8244638E-03
 -7.8322869E-03  -7.8645032E-03  -7.8716986E-03  -7.8828018E-03  -7.8726914E-03  -7.8836847E-03  -7.8807883E-03  -7.8736031E-03  -7.8670094E-03  -7.8833224E-03
 -7.8842910E-03  -7.8633958E-03  -7.8963879E-03  -7.9045687E-03  -7.9057924E-03  -7.8990255E-03  -7.8962790E-03  -7.9187732E-03  -7.9047279E-03  -7.8930371E-03
 -7.9087289E-03  -7.9060309E-03  -7.8802807E-03  -7.8879753E-03  -7.9041347E-03  -7.8993971E-03  -7.8840759E-03  -7.8878319E-03  -7.9095569E-03  -7.8847297E-03
 -7.8846104E-03  -7.9007102E-03  -7.9047950E-03  -7.8965398E-03  -7.9002902E-03  -7.9098828E-03  -7.9038097E-03  -7.9159578E-03  -7.9079345E-03  -7.9038525E-03
 -7.8987265E-03  -7.9034995E-03  -7.9068579E-03  -7.9055494E-03  -7.9036951E-03  -7.9223402E-03  -7.9235574E-03  -7.9237819E-03  -7.9104025E-03  -7.9150181E-03
 -7.9326285E-03  -7.9388758E-03  -7.9482859E-03  -7.9378393E-03  -7.9030721E-03  -7.8875944E-03  -7.8785121E-03  -7.8926021E-03  -7.8902533E-03  -7.8888489E-03
 -7.9006273E-03  -7.8836381E-03  -7.8699924E-03  -7.8797312E-03  -7.8682369E-03  -7.8723338E-03  -7.8871725E-03  -7.8789014E-03  -7.8774672E-03  -7.8965304E-03
 -7.9081403E-03  -7.9319263E-03  -7.9262080E-03  -7.9261409E-03  -7.9381540E-03  -7.9446100E-03  -7.9401778E-03  -7.9381103E-03  -7.9346858E-03  -7.9153841E-03
 -7.9151327E-03  -7.9102144E-03  -7.9092877E-03  -7.8804800E-03  -7.8967670E-03  -7.9021240E-03  -7.9178773E-03  -7.9306234E-03  -7.9293223E-03  -7.9200855E-03
 -7.9365317E-03  -7.9546766E-03  -7.9562468E-03  -7.9635046E-03  -7.9561789E-03  -7.9466710E-03  -7.9304036E-03  -7.9410030E-03  -7.9577249E-03  -7.9532396E-03
 -7.9769874E-03  -7.9826228E-03  -7.9913978E-03  -7.9914443E-03  -7.9893051E-03  -7.9884930E-03  -8.0072451E-03  -8.0101248E-03  -8.0064330E-03  -8.0006719E-03
 -7.9860771E-03  -7.9712924E-03  -7.9732873E-03  -7.9753334E-03  -7.9456577E-03  -7.9445764E-03  -7.9327272E-03  -7.9158330E-03  -7.9512838E-03  -7.9206834E-03
 -7.9209264E-03  -7.8942608E-03  -7.9134749E-03  -7.9010502E-03  -7.8900345E-03  -7.8966580E-03  -7.9195751E-03  -7.9244990E-03  -7.9179844E-03  -7.9007288E-03
 -7.9160202E-03  -7.9295300E-03  -7.9522692E-03  -7.9736020E-03  -7.9693422E-03  -7.9599107E-03  -7.9611987E-03  -7.9666823E-03  -7.9565533E-03  -7.9787550E-03
 -7.9717394E-03  -7.9971524E-03  -8.0107814E-03  -8.0152219E-03  -8.0326227E-03  -8.0260625E-03  -8.0227582E-03  -8.0336351E-03  -8.0176918E-03  -8.0123749E-03
 -8.0351224E-03  -8.0333361E-03  -8.0460254E-03  -8.0554560E-03  -8.0758417E-03  -8.0613988E-03  -8.0356570E-03  -8.0453912E-03  -8.0478145E-03  -8.0435770E-03
 -8.0554718E-03  -8.0538886E-03  -8.0543961E-03  -8.0712223E-03  -8.0607217E-03  -8.0346018E-03  -8.0315536E-03  -8.0271540E-03  -8.0000767E-03  -8.0003431E-03
 -8.0079529E-03  -8.0153877E-03  -8.0036568E-03  -8.0001168E-03  -7.9827374E-03  -8.0017000E-03  -8.0167251E-03  -8.0031343E-03  -7.9903947E-03  -7.9885852E-03
 -7.9992199E-03  -7.9722749E-03  -7.9592410E-03  -7.9472810E-03  -7.9515744E-03  -7.9278294E-03  -7.9350071E-03  -7.9508135E-03  -7.9521714E-03  -7.9566604E-03
 -7.9627568E-03  -7.9615517E-03  -7.9610329E-03  -7.9502938E-03  -7.9493606E-03  -7.9387482E-03  -7.9364125E-03  -7.9514338E-03  -7.9292506E-03  -7.9219006E-03
 -7.9409489E-03  -7.9280017E-03  -7.8978036E-03  -7.9020616E-03  -7.8930249E-03  -7.8818053E-03  -7.9016658E-03  -7.9102358E-03  -7.9212058E-03  -7.9068700E-03
 -7.9189176E-03  -7.9215532E-03  -7.9522450E-03  -7.9537267E-03  -7.9625798E-03  -7.9651782E-03  -7.9778731E-03  -7.9673473E-03  -7.9550622E-03  -7.9598539E-03
 -7.9672467E-03  -7.9556359E-03  -7.9354616E-03  -7.9298746E-03  -7.9170549E-03  -7.9388712E-03  -7.9515753E-03  -7.9564853E-03  -7.9518771E-03  -7.9534231E-03
 -7.9441555E-03  -7.9371063E-03  -7.9514952E-03  -7.9650590E-03  -7.9523455E-03  -7.9754973E-03  -7.9977792E-03  -8.0223540E-03  -8.0314986E-03  -8.0473749E-03
 -8.0817845E-03  -8.0975546E-03  -8.0878856E-03  -8.1120674E-03  -8.1102289E-03  -8.1231808E-03  -8.1013301E-03  -8.0968449E-03  -8.1093395E-03  -8.1202416E-03
 -8.1182411E-03  -8.1059029E-03  -8.0800802E-03  -8.0638789E-03  -8.0774035E-03  -8.0625936E-03  -8.0628060E-03  -8.0391290E-03  -8.0273654E-03  -8.0288257E-03
 -8.0292951E-03  -8.0191195E-03  -8.0343690E-03  -8.0488790E-03  -8.0468468E-03  -8.0634505E-03  -8.0670593E-03  -8.0790566E-03  -8.0874935E-03  -8.1210034E-03
 -8.1304461E-03  -8.1227329E-03  -8.1652347E-03  -8.1810020E-03  -8.2003549E-03  -8.2162796E-03  -8.2315272E-03  -8.2314694E-03  -8.2397219E-03  -8.2675396E-03
 -8.2587395E-03  -8.2633840E-03  -8.2798405E-03  -8.2963156E-03  -8.3170552E-03  -8.3073676E-03  -8.3091892E-03  -8.3213011E-03  -8.3442405E-03  -8.3443997E-03
 -8.3467001E-03  -8.3540790E-03  -8.3215218E-03  -8.2859714E-03  -8.2752127E-03  -8.2838908E-03  -8.2997913E-03  -8.3044153E-03  -8.3127534E-03  -8.3036581E-03
 -8.3029447E-03  -8.3052721E-03  -8.2819676E-03  -8.2950350E-03  -8.3150528E-03  -8.3151516E-03  -8.3130989E-03  -8.3080335E-03  -8.3035389E-03  -8.2955854E-03
 -8.2836160E-03  -8.2753701E-03  -8.2782814E-03  -8.2687838E-03  -8.2429703E-03  -8.2319304E-03  -8.2220919E-03  -8.2212491E-03  -8.2216542E-03  -8.2291057E-03
 -8.2349256E-03  -8.2198177E-03  -8.2155559E-03  -8.2140407E-03  -8.2064737E-03  -8.1879608E-03  -8.1869196E-03  -8.1827100E-03  -8.1902584E-03  -8.1792893E-03
 -8.1726573E-03  -8.1902100E-03  -8.2039777E-03  -8.2188491E-03  -8.2254438E-03  -8.2221031E-03  -8.2211802E-03  -8.2325004E-03  -8.2303975E-03  -8.2174204E-03
 -8.2275318E-03  -8.2315793E-03  -8.2446160E-03  -8.2511473E-03  -8.2823969E-03  -8.2852142E-03  -8.2783327E-03  -8.2909409E-03  -8.2942955E-03  -8.2647689E-03
 -8.2427934E-03  -8.2592573E-03  -8.2621183E-03  -8.2560796E-03  -8.2423426E-03  -8.2414076E-03  -8.2592638E-03  -8.2546901E-03  -8.2599306E-03  -8.2700066E-03
 -8.2623325E-03  -8.2795713E-03  -8.2930233E-03  -8.2979426E-03  -8.2867639E-03  -8.3047561E-03  -8.3092758E-03  -8.3189905E-03  -8.3428314E-03  -8.3397422E-03
 -8.3454559E-03  -8.3327740E-03  -8.3313715E-03  -8.3186748E-03  -8.3152717E-03  -8.2898848E-03  -8.2920417E-03  -8.2908096E-03  -8.2867453E-03  -8.2889060E-03
 -8.2784891E-03  -8.2774526E-03  -8.2748579E-03  -8.2685500E-03  -8.2772225E-03  -8.2971044E-03  -8.2745142E-03  -8.2540307E-03  -8.2636429E-03  -8.2741557E-03
 -8.2811713E-03  -8.3058514E-03  -8.2966322E-03  -8.3374213E-03  -8.3554313E-03  -8.3643999E-03  -8.4063057E-03  -8.4240781E-03  -8.4369890E-03  -8.4619941E-03
 -8.4637040E-03  -8.4825652E-03  -8.5020624E-03  -8.5085761E-03  -8.5380953E-03  -8.5400594E-03  -8.5056592E-03  -8.4951455E-03  -8.5086748E-03  -8.5322661E-03
 -8.4997062E-03  -8.4958142E-03  -8.4804958E-03  -8.4998403E-03  -8.4828390E-03  -8.4766094E-03  -8.5060149E-03  -8.4941713E-03  -8.4981713E-03  -8.4933499E-03
 -8.4934514E-03  -8.4876819E-03  -8.4884539E-03  -8.4576216E-03  -8.4404489E-03  -8.4323706E-03  -8.4248586E-03  -8.4366882E-03  -8.4563941E-03  -8.4596211E-03
 -8.4685134E-03  -8.4737018E-03  -8.4807333E-03  -8.4662996E-03  -8.4657734E-03  -8.4653068E-03  -8.4677972E-03  -8.4488662E-03  -8.4510408E-03  -8.4301494E-03
 -8.4357904E-03  -8.4373541E-03  -8.4069306E-03  -8.4189065E-03  -8.3810417E-03  -8.3560590E-03  -8.3264718E-03  -8.3340248E-03  -8.3308388E-03  -8.3364816E-03
 -8.3154403E-03  -8.3145453E-03  -8.3244843E-03  -8.3169239E-03  -8.3066635E-03  -8.3249956E-03  -8.3457101E-03  -8.3325235E-03  -8.3315168E-03  -8.3344467E-03
 -8.3323261E-03  -8.3322907E-03  -8.3496571E-03  -8.3809532E-03  -8.3898744E-03  -8.3855167E-03  -8.3739525E-03  -8.3745932E-03  -8.3808778E-03  -8.3945086E-03
 -8.4258290E-03  -8.4310332E-03  -8.4253885E-03  -8.4450496E-03  -8.4519573E-03  -8.4616719E-03  -8.4579531E-03  -8.4605273E-03  -8.4497230E-03  -8.4768860E-03
 -8.4889596E-03  -8.4897596E-03  -8.4887305E-03  -8.4807919E-03  -8.4634721E-03  -8.4735407E-03  -8.4885508E-03  -8.4936041E-03  -8.5253436E-03  -8.5304985E-03
 -8.5289534E-03  -8.5243089E-03  -8.5229697E-03  -8.5374732E-03  -8.5174162E-03  -8.5292105E-03  -8.5375216E-03  -8.5373828E-03  -8.5103912E-03  -8.5008470E-03
 -8.4998924E-03  -8.4874313E-03  -8.4948428E-03  -8.5049951E-03  -8.5032908E-03  -8.5411724E-03  -8.5562067E-03  -8.5601332E-03  -8.5519841E-03  -8.5210167E-03
 -8.5024368E-03  -8.5138865E-03  -8.5107693E-03  -8.5007297E-03  -8.5088024E-03  -8.4988959E-03  -8.4877098E-03  -8.5105244E-03  -8.4973974E-03  -8.4948614E-03
 -8.4954854E-03  -8.4753595E-03  -8.4857494E-03  -8.4788371E-03  -8.4876930E-03  -8.4985867E-03  -8.4946984E-03  -8.5054403E-03  -8.5053174E-03  -8.5201738E-03
 -8.5345963E-03  -8.5364236E-03  -8.5432958E-03  -8.5863387E-03  -8.5908100E-03  -8.6050220E-03  -8.5980874E-03  -8.6135520E-03  -8.6068427E-03  -8.6111305E-03
 -8.6069740E-03  -8.6114658E-03  -8.6063277E-03  -8.6124036E-03  -8.6076586E-03  -8.6177047E-03  -8.5980883E-03  -8.5730860E-03  -8.5777035E-03  -8.5716406E-03
 -8.5678436E-03  -8.5713677E-03  -8.5714106E-03  -8.5435594E-03  -8.5519785E-03  -8.5462965E-03  -8.5520884E-03  -8.5611371E-03  -8.5734827E-03  -8.6051524E-03
 -8.5787037E-03  -8.5728131E-03  -8.5815331E-03  -8.5925087E-03  -8.5964054E-03  -8.6080516E-03  -8.5807163E-03  -8.5737286E-03  -8.5796406E-03  -8.5535767E-03
 -8.5300757E-03  -8.5305572E-03  -8.5397838E-03  -8.5389586E-03  -8.5408762E-03  -8.5314745E-03  -8.5568195E-03  -8.5569620E-03  -8.5730255E-03  -8.5811904E-03
 -8.5507687E-03  -8.5342368E-03  -8.5338010E-03  -8.5550463E-03  -8.5766483E-03  -8.5884426E-03  -8.5940007E-03  -8.6032869E-03  -8.5918270E-03  -8.6029414E-03
 -8.5972026E-03  -8.5866880E-03  -8.5957237E-03  -8.5927146E-03  -8.5804006E-03  -8.5919993E-03  -8.5922200E-03  -8.6157890E-03  -8.6282743E-03  -8.6284904E-03
 -8.6381705E-03  -8.6533222E-03  -8.6291404E-03  -8.6268643E-03  -8.6059934E-03  -8.5735228E-03  -8.5323909E-03  -8.5484162E-03  -8.5425898E-03  -8.5744550E-03
 -8.5729323E-03  -8.5463598E-03  -8.5319225E-03  -8.5376939E-03  -8.5399067E-03  -8.5556237E-03  -8.5534928E-03  -8.5652154E-03  -8.5756937E-03  -8.6024674E-03
 -8.6022392E-03  -8.6084260E-03  -8.5855545E-03  -8.5836072E-03  -8.5872579E-03  -8.6026993E-03  -8.6136917E-03  -8.6193718E-03  -8.6357472E-03  -8.6416481E-03
 -8.6495280E-03  -8.6579006E-03  -8.6542200E-03  -8.6664809E-03  -8.6945277E-03  -8.7081203E-03  -8.6992290E-03  -8.7195477E-03  -8.7070093E-03  -8.7031713E-03
 -8.7011522E-03  -8.7141106E-03  -8.7330481E-03  -8.7251607E-03  -8.7539693E-03  -8.7597305E-03  -8.7717762E-03  -8.7780412E-03  -8.8046417E-03  -8.8361725E-03
 -8.8184038E-03  -8.8093514E-03  -8.8005560E-03  -8.8057742E-03  -8.8215312E-03  -8.8204863E-03  -8.8207563E-03  -8.8317217E-03  -8.8434797E-03  -8.8430895E-03
 -8.8147791E-03  -8.7979194E-03  -8.8104364E-03  -8.7899109E-03  -8.8068154E-03  -8.7772645E-03  -8.8017108E-03  -8.8061225E-03  -8.8160047E-03  -8.8142501E-03
 -8.7988041E-03  -8.7875808E-03  -8.7795947E-03  -8.7980842E-03  -8.7957466E-03  -8.8055059E-03  -8.8228639E-03  -8.8483784E-03  -8.8480450E-03  -8.8502523E-03
 -8.8487891E-03  -8.8485926E-03  -8.8682650E-03  -8.8736014E-03  -8.9043472E-03  -8.9180050E-03  -8.9244843E-03  -8.9341467E-03  -8.9295944E-03  -8.9186188E-03
 -8.9255339E-03  -8.9270649E-03  -8.9233853E-03  -8.8957679E-03  -8.8911783E-03  -8.8820420E-03  -8.8748718E-03  -8.8948766E-03  -8.8917082E-03  -8.8657979E-03
 -8.8502234E-03  -8.8332603E-03  -8.8344114E-03  -8.8284723E-03  -8.8256057E-03  -8.8117151E-03  -8.8018356E-03  -8.8035977E-03  -8.7842150E-03  -8.7900786E-03
 -8.8133570E-03  -8.7824427E-03  -8.7881433E-03  -8.7900069E-03  -8.7928595E-03  -8.8040344E-03  -8.7861707E-03  -8.7626996E-03  -8.7532895E-03  -8.7381825E-03
 -8.7381741E-03  -8.7367902E-03  -8.7692551E-03  -8.7561691E-03  -8.7467907E-03  -8.7098517E-03  -8.6840969E-03  -8.7024579E-03  -8.7162033E-03  -8.7163076E-03
 -8.7087620E-03  -8.7163746E-03  -8.7290956E-03  -8.7408116E-03  -8.7530157E-03  -8.7463278E-03  -8.7434994E-03  -8.7478999E-03  -8.7447278E-03  -8.7409262E-03
 -8.7360712E-03  -8.7261088E-03  -8.7188417E-03  -8.6946208E-03  -8.7158727E-03  -8.6853560E-03  -8.7014437E-03  -8.7061990E-03  -8.6973719E-03  -8.6939326E-03
 -8.7025817E-03  -8.6885206E-03  -8.6907651E-03  -8.6882822E-03  -8.7043270E-03  -8.7282481E-03  -8.7112300E-03  -8.6853588E-03  -8.6950436E-03  -8.7041557E-03
 -8.7187579E-03  -8.7008746E-03  -8.6920373E-03  -8.6761331E-03  -8.6570708E-03  -8.6525138E-03  -8.6434744E-03  -8.6218873E-03  -8.6054625E-03  -8.6089605E-03
 -8.6264499E-03  -8.6531164E-03  -8.6810542E-03  -8.6919395E-03  -8.6895274E-03  -8.6822351E-03  -8.7042172E-03  -8.7354127E-03  -8.7366858E-03  -8.7109478E-03
 -8.7028816E-03  -8.7203421E-03  -8.7200832E-03  -8.7300735E-03  -8.7014344E-03  -8.7077878E-03  -8.7157963E-03  -8.7244352E-03  -8.7452922E-03  -8.7275254E-03
 -8.7399706E-03  -8.7329270E-03  -8.7363776E-03  -8.7438328E-03  -8.7537384E-03  -8.7599270E-03  -8.7520871E-03  -8.7523721E-03  -8.7327613E-03  -8.7685669E-03
 -8.7842960E-03  -8.7753879E-03  -8.7920791E-03  -8.8004461E-03  -8.7813810E-03  -8.8050971E-03  -8.8021839E-03  -8.7960735E-03  -8.7781269E-03  -8.7642735E-03
 -8.7845540E-03  -8.7952930E-03  -8.7974705E-03  -8.7831207E-03  -8.7808091E-03  -8.7821092E-03  -8.8120457E-03  -8.8421442E-03  -8.8605778E-03  -8.8416319E-03
 -8.8529726E-03  -8.8754389E-03  -8.8923806E-03  -8.9050969E-03  -8.9235175E-03  -8.9251474E-03  -8.9213708E-03  -8.9039616E-03  -8.8937301E-03  -8.8886647E-03
 -8.9152176E-03  -8.9428602E-03  -8.9286640E-03  -8.9073079E-03  -8.9000231E-03  -8.8981176E-03  -8.8876318E-03  -8.8744443E-03  -8.8668335E-03  -8.8795135E-03
 -8.8500669E-03  -8.8299848E-03  -8.8372435E-03  -8.8576730E-03  -8.8328850E-03  -8.8311248E-03  -8.8390755E-03  -8.8169454E-03  -8.8057844E-03  -8.7686544E-03
 -8.7560927E-03  -8.7638944E-03  -8.7473411E-03  -8.7565379E-03  -8.7400731E-03  -8.7479251E-03  -8.7526320E-03  -8.7464945E-03  -8.7475348E-03  -8.7514119E-03
 -8.7566217E-03  -8.7548271E-03  -8.7565752E-03  -8.7484699E-03  -8.7344004E-03  -8.7662172E-03  -8.7688826E-03  -8.7683117E-03  -8.7866886E-03  -8.7928893E-03
 -8.8086482E-03  -8.8226330E-03  -8.8013485E-03  -8.8192401E-03  -8.8087227E-03  -8.8039599E-03  -8.8110771E-03  -8.8093635E-03  -8.8040316E-03  -8.7691089E-03
 -8.7661427E-03  -8.7647671E-03  -8.7694461E-03  -8.7492056E-03  -8.7459804E-03  -8.7506836E-03  -8.7452810E-03  -8.7288842E-03  -8.7684384E-03  -8.7701045E-03
 -8.7864781E-03  -8.7773995E-03  -8.7725818E-03  -8.7552313E-03  -8.7656090E-03  -8.7795155E-03  -8.7805251E-03  -8.7910565E-03  -8.8013429E-03  -8.8074477E-03
 -8.8025117E-03  -8.7885698E-03  -8.7756384E-03  -8.7778242E-03  -8.7838992E-03  -8.7810857E-03  -8.7860851E-03  -8.8206371E-03  -8.8216979E-03  -8.8090142E-03
 -8.7997476E-03  -8.7967459E-03  -8.7761926E-03  -8.7642828E-03  -8.7874802E-03  -8.8045886E-03  -8.8274423E-03  -8.8704536E-03  -8.8716028E-03  -8.9000473E-03
 -8.9196442E-03  -8.9285569E-03  -8.9217005E-03  -8.9268014E-03  -8.9371353E-03  -8.9464989E-03  -8.9676362E-03  -8.9861117E-03  -9.0126470E-03  -9.0316143E-03
 -9.0209870E-03  -9.0088183E-03  -9.0053929E-03  -8.9965463E-03  -9.0217171E-03  -9.0109035E-03  -9.0059228E-03  -8.9916307E-03  -9.0050343E-03  -9.0217153E-03
 -9.0132235E-03  -9.0116337E-03  -9.0046590E-03  -8.9980857E-03  -9.0016127E-03  -9.0264808E-03  -9.0400334E-03  -9.0369694E-03  -9.0386849E-03  -9.0510799E-03
 -9.0643289E-03  -9.0705063E-03  -9.1149192E-03  -9.1216760E-03  -9.1431662E-03  -9.1565950E-03  -9.1714533E-03  -9.1745909E-03  -9.1873752E-03  -9.1584623E-03
 -9.1947671E-03  -9.1860145E-03  -9.1719367E-03  -9.1687627E-03  -9.1808056E-03  -9.1622723E-03  -9.1792261E-03  -9.1900164E-03  -9.1805868E-03  -9.1947457E-03
 -9.1918698E-03  -9.2101181E-03  -9.1945156E-03  -9.2006950E-03  -9.2079667E-03  -9.1758538E-03  -9.1606565E-03  -9.1490308E-03  -9.1521302E-03  -9.1207158E-03
 -9.1324104E-03  -9.1321971E-03  -9.1535142E-03  -9.1731548E-03  -9.1913445E-03  -9.2102401E-03  -9.2360061E-03  -9.2564607E-03  -9.2665330E-03  -9.2871021E-03
 -9.3054641E-03  -9.3327276E-03  -9.3379719E-03  -9.3197972E-03  -9.3372250E-03  -9.3286633E-03  -9.3474062E-03  -9.3349004E-03  -9.3262065E-03  -9.3318224E-03
 -9.3369382E-03  -9.3235821E-03  -9.3075829E-03  -9.3251476E-03  -9.2989393E-03  -9.2797987E-03  -9.2708627E-03  -9.2604449E-03  -9.2566470E-03  -9.2535829E-03
 -9.2354463E-03  -9.2454199E-03  -9.2356699E-03  -9.2381882E-03  -9.2201950E-03  -9.2300270E-03  -9.2262132E-03  -9.2229377E-03  -9.2212250E-03  -9.2168795E-03
 -9.1890581E-03  -9.1706812E-03  -9.1543077E-03  -9.1478340E-03  -9.1513069E-03  -9.1246869E-03  -9.1194287E-03  -9.1267182E-03  -9.1224955E-03  -9.1425199E-03
 -9.1414033E-03  -9.1688288E-03  -9.1809854E-03  -9.1683324E-03  -9.1531724E-03  -9.1666663E-03  -9.1443397E-03  -9.1270525E-03  -9.1244150E-03  -9.1394540E-03
 -9.1368556E-03  -9.1398340E-03  -9.1187730E-03  -9.1207176E-03  -9.1401516E-03  -9.1270898E-03  -9.1315880E-03  -9.1258483E-03  -9.1407076E-03  -9.1610327E-03
 -9.1737900E-03  -9.1688586E-03  -9.1679431E-03  -9.1791963E-03  -9.1960896E-03  -9.1882357E-03  -9.1387592E-03  -9.1541382E-03  -9.1504939E-03  -9.1501083E-03
 -9.1478182E-03  -9.1617368E-03  -9.1886288E-03  -9.2055472E-03  -9.1887563E-03  -9.1739697E-03  -9.1841826E-03  -9.1771688E-03  -9.1481116E-03  -9.1384118E-03
 -9.1220560E-03  -9.1367643E-03  -9.1492310E-03  -9.1289654E-03  -9.1617675E-03  -9.1630761E-03  -9.1499249E-03  -9.1433041E-03  -9.1324914E-03  -9.1137849E-03
 -9.1060773E-03  -9.1277184E-03  -9.0998895E-03  -9.0803998E-03  -9.1160610E-03  -9.1220587E-03  -9.0977186E-03  -9.0985345E-03  -9.1120787E-03  -9.1190366E-03
 -9.1213323E-03  -9.0965172E-03  -9.1094133E-03  -9.1142505E-03  -9.1163209E-03  -9.1072479E-03  -9.1079324E-03  -9.1146259E-03  -9.1228569E-03  -9.1125770E-03
 -9.1218660E-03  -9.1021033E-03  -9.0711182E-03  -9.0765134E-03  -9.0673547E-03  -9.0711955E-03  -9.0668425E-03  -9.0915421E-03  -9.0925666E-03  -9.1038281E-03
 -9.0930201E-03  -9.0597440E-03  -9.0753827E-03  -9.0635037E-03  -9.0543544E-03  -9.0440996E-03  -9.0305479E-03  -9.0252673E-03  -9.0289926E-03  -9.0607386E-03
 -9.0450319E-03  -9.0317074E-03  -9.0315798E-03  -9.0694278E-03  -9.0771643E-03  -9.0801995E-03  -9.0916492E-03  -9.1041308E-03  -9.1016442E-03  -9.1134561E-03
 -9.1275154E-03  -9.1354987E-03  -9.1627007E-03  -9.1598118E-03  -9.1924816E-03  -9.2215203E-03  -9.2246635E-03  -9.2186881E-03  -9.2155226E-03  -9.2181293E-03
 -9.2226649E-03  -9.2165647E-03  -9.2119686E-03  -9.2322184E-03  -9.2290090E-03  -9.2287231E-03  -9.2240460E-03  -9.2192981E-03  -9.2347590E-03  -9.2495326E-03
 -9.2515750E-03  -9.2782807E-03  -9.2978468E-03  -9.3254214E-03  -9.3588391E-03  -9.3680834E-03  -9.3655027E-03  -9.3835434E-03  -9.3713105E-03  -9.3648378E-03
 -9.3962513E-03  -9.4301654E-03  -9.4166417E-03  -9.4285719E-03  -9.4330767E-03  -9.4377026E-03  -9.4416672E-03  -9.4557619E-03  -9.4428994E-03  -9.4654793E-03
 -9.4290394E-03  -9.3923779E-03  -9.3554631E-03  -9.3545783E-03  -9.3490668E-03  -9.3480209E-03  -9.3544461E-03  -9.3507273E-03  -9.3356026E-03  -9.3169985E-03
 -9.2887236E-03  -9.2906170E-03  -9.2624361E-03  -9.2506092E-03  -9.2352256E-03  -9.2546595E-03  -9.2448369E-03  -9.2427684E-03  -9.2532765E-03  -9.2616566E-03
 -9.2465039E-03  -9.2243254E-03  -9.2199259E-03  -9.2002582E-03  -9.1869971E-03  -9.2018377E-03  -9.1950046E-03  -9.1869859E-03  -9.1835298E-03  -9.1990456E-03
 -9.1860732E-03  -9.1964062E-03  -9.2077740E-03  -9.2120059E-03  -9.1989124E-03  -9.2246840E-03  -9.2579378E-03  -9.2981504E-03  -9.3156537E-03  -9.3317293E-03
 -9.3457233E-03  -9.3502803E-03  -9.3397219E-03  -9.3333526E-03  -9.3285991E-03  -9.3279826E-03  -9.3274135E-03  -9.3134372E-03  -9.3051558E-03  -9.3028285E-03
 -9.3081361E-03  -9.3225995E-03  -9.3016140E-03  -9.2750648E-03  -9.2593040E-03  -9.2701018E-03  -9.2486478E-03  -9.2461966E-03  -9.2357248E-03  -9.2373602E-03
 -9.2112226E-03  -9.2043541E-03  -9.2160478E-03  -9.1944672E-03  -9.1944458E-03  -9.1729499E-03  -9.1626588E-03  -9.1716181E-03  -9.1929436E-03  -9.2086634E-03
 -9.1954712E-03  -9.1997832E-03  -9.1905762E-03  -9.1924611E-03  -9.2152292E-03  -9.2311054E-03  -9.2274984E-03  -9.2079379E-03  -9.1874171E-03  -9.1888532E-03
 -9.1814417E-03  -9.1968477E-03  -9.1815330E-03  -9.1740619E-03  -9.1959098E-03  -9.1898879E-03  -9.1849389E-03  -9.2105092E-03  -9.2403181E-03  -9.2274109E-03
 -9.2357658E-03  -9.2489263E-03  -9.2652719E-03  -9.2754401E-03  -9.3083400E-03  -9.3023684E-03  -9.2841424E-03  -9.2731444E-03  -9.2908908E-03  -9.3108239E-03
 -9.2865163E-03  -9.3052192E-03  -9.3171485E-03  -9.3075633E-03  -9.3200887E-03  -9.3052201E-03  -9.2952419E-03  -9.2849080E-03  -9.2600584E-03  -9.2517771E-03
 -9.2370277E-03  -9.2664231E-03  -9.2553888E-03  -9.2287418E-03  -9.2403973E-03  -9.2338668E-03  -9.2024831E-03  -9.2000589E-03  -9.1787986E-03  -9.2167938E-03
 -9.1861328E-03  -9.1722887E-03  -9.1808913E-03  -9.1618793E-03  -9.1816643E-03  -9.2151947E-03  -9.2095174E-03  -9.2147505E-03  -9.2332996E-03  -9.2595899E-03
 -9.2560183E-03  -9.2607737E-03  -9.2306733E-03  -9.2581939E-03  -9.2415214E-03  -9.2656491E-03  -9.2413379E-03  -9.2234677E-03  -9.2075719E-03  -9.2012435E-03
 -9.1822408E-03  -9.1968719E-03  -9.2125488E-03  -9.1992030E-03  -9.1754971E-03  -9.1950549E-03  -9.1912830E-03  -9.2035523E-03  -9.2251012E-03  -9.2452345E-03
 -9.2480835E-03  -9.2219291E-03  -9.2049083E-03  -9.2265410E-03  -9.2178248E-03  -9.2152860E-03  -9.2408322E-03  -9.2520202E-03  -9.2647402E-03  -9.2711104E-03
 -9.2730615E-03  -9.2806118E-03  -9.2845308E-03  -9.3082115E-03  -9.3050664E-03  -9.3031675E-03  -9.2744175E-03  -9.2889508E-03  -9.2843212E-03  -9.2897676E-03
 -9.3145771E-03  -9.3225911E-03  -9.3324743E-03  -9.3515003E-03  -9.3681058E-03  -9.3632648E-03  -9.3282154E-03  -9.3225688E-03  -9.3130600E-03  -9.3097342E-03
 -9.3021169E-03  -9.3018599E-03  -9.3492540E-03  -9.3562771E-03  -9.3553187E-03  -9.3429741E-03  -9.3472190E-03  -9.3473261E-03  -9.3311649E-03  -9.3594035E-03
 -9.3850261E-03  -9.3828179E-03  -9.3713244E-03  -9.3837781E-03  -9.3884673E-03  -9.3902880E-03  -9.3945814E-03  -9.4208354E-03  -9.4213607E-03  -9.4110612E-03
 -9.4209574E-03  -9.3927709E-03  -9.3848724E-03  -9.3950229E-03  -9.3990220E-03  -9.4029102E-03  -9.3843313E-03  -9.3846675E-03  -9.3804188E-03  -9.3669090E-03
 -9.3626501E-03  -9.3594100E-03  -9.3282918E-03  -9.3219467E-03  -9.3328841E-03  -9.3007647E-03  -9.2852078E-03  -9.2817396E-03  -9.2661558E-03  -9.2717679E-03
 -9.2635388E-03  -9.2820656E-03  -9.2774034E-03  -9.2853550E-03  -9.2698615E-03  -9.2362817E-03  -9.2238262E-03  -9.2322193E-03  -9.2398720E-03  -9.2433412E-03
 -9.2420857E-03  -9.2359763E-03  -9.2185913E-03  -9.1939876E-03  -9.2179393E-03  -9.2033409E-03  -9.2074927E-03  -9.2122275E-03  -9.2090536E-03  -9.2119612E-03
 -9.2483191E-03  -9.2207128E-03  -9.2245275E-03  -9.2482856E-03  -9.2508607E-03  -9.2528956E-03  -9.2431661E-03  -9.2307497E-03  -9.2265680E-03  -9.2298575E-03
 -9.2267729E-03  -9.2361858E-03  -9.2457337E-03  -9.2596263E-03  -9.2780925E-03  -9.2597120E-03  -9.2800865E-03  -9.3147987E-03  -9.3128746E-03  -9.3145687E-03
 -9.3164369E-03  -9.3273968E-03  -9.3432516E-03  -9.3527846E-03  -9.3498211E-03  -9.3762502E-03  -9.3764430E-03  -9.4084982E-03  -9.4417939E-03  -9.4455658E-03
 -9.4439667E-03  -9.4424356E-03  -9.4600283E-03  -9.4615789E-03  -9.4515486E-03  -9.4885286E-03  -9.4976900E-03  -9.4870664E-03  -9.4925715E-03  -9.4884494E-03
 -9.4722342E-03  -9.4707627E-03  -9.4461925E-03  -9.4377464E-03  -9.4264196E-03  -9.4039543E-03  -9.3895756E-03  -9.4082430E-03  -9.3909111E-03  -9.3913674E-03
 -9.3746893E-03  -9.3742386E-03  -9.3680918E-03  -9.3743065E-03  -9.3963612E-03  -9.4163576E-03  -9.4014993E-03  -9.4023813E-03  -9.4086193E-03  -9.4115436E-03
 -9.4416831E-03  -9.4246129E-03  -9.4308341E-03  -9.4042290E-03  -9.4061634E-03  -9.4344094E-03  -9.4497129E-03  -9.4672879E-03  -9.4575109E-03  -9.4423648E-03
 -9.4351424E-03  -9.4103822E-03  -9.4237719E-03  -9.4017973E-03  -9.4018215E-03  -9.3864584E-03  -9.4025889E-03  -9.3925791E-03  -9.3896668E-03  -9.3775690E-03
 -9.3701920E-03  -9.3705067E-03  -9.3805641E-03  -9.3934583E-03  -9.3902927E-03  -9.3798460E-03  -9.3672555E-03  -9.3569746E-03  -9.3385819E-03  -9.3451943E-03
 -9.3386546E-03  -9.3333106E-03  -9.3210358E-03  -9.3041500E-03  -9.2652496E-03  -9.2758760E-03  -9.2743002E-03  -9.2876162E-03  -9.2917299E-03  -9.2914011E-03
 -9.3027204E-03  -9.2896149E-03  -9.2889974E-03  -9.2876200E-03  -9.2963791E-03  -9.2709241E-03  -9.2615513E-03  -9.2542199E-03  -9.2658978E-03  -9.2547871E-03
 -9.2752418E-03  -9.2764618E-03  -9.2938580E-03  -9.2982817E-03  -9.3205934E-03  -9.3339495E-03  -9.3596783E-03  -9.3535492E-03  -9.3681179E-03  -9.3676373E-03
 -9.3770502E-03  -9.3954885E-03  -9.3980888E-03  -9.3983309E-03  -9.4159590E-03  -9.4128391E-03  -9.4195697E-03  -9.3963407E-03  -9.3967980E-03  -9.3910471E-03
 -9.4199376E-03  -9.4252601E-03  -9.4468175E-03  -9.4483402E-03  -9.4627133E-03  -9.4376337E-03  -9.4197206E-03  -9.4269067E-03  -9.4211362E-03  -9.3968762E-03
 -9.4243912E-03  -9.4311591E-03  -9.4236201E-03  -9.4117979E-03  -9.3719065E-03  -9.3479808E-03  -9.3532857E-03  -9.3655791E-03  -9.3448590E-03  -9.3573891E-03
 -9.3897460E-03  -9.3698557E-03  -9.3661947E-03  -9.3873525E-03  -9.3708439E-03  -9.3939556E-03  -9.3825171E-03  -9.3773296E-03  -9.4088055E-03  -9.4146580E-03
 -9.4351517E-03  -9.4414745E-03  -9.4420165E-03  -9.4588557E-03  -9.4713131E-03  -9.4824005E-03  -9.4888080E-03  -9.5087793E-03  -9.5075378E-03  -9.5094647E-03
 -9.5036011E-03  -9.5030367E-03  -9.4983066E-03  -9.4517395E-03  -9.4180088E-03  -9.4561800E-03  -9.4517749E-03  -9.4500324E-03  -9.4803208E-03  -9.4629787E-03
 -9.4797900E-03  -9.5160985E-03  -9.5154122E-03  -9.5129665E-03  -9.5065162E-03  -9.5085800E-03  -9.4999010E-03  -9.4885789E-03  -9.4978455E-03  -9.4872741E-03
 -9.4873980E-03  -9.4546881E-03  -9.4769681E-03  -9.4841970E-03  -9.4654020E-03  -9.4762463E-03  -9.4497101E-03  -9.4418069E-03  -9.4595570E-03  -9.4854543E-03
 -9.4821658E-03  -9.4838450E-03  -9.4821071E-03  -9.4876215E-03  -9.4963470E-03  -9.4815474E-03  -9.4933538E-03  -9.4968854E-03  -9.4857039E-03  -9.5030321E-03
 -9.5040668E-03  -9.5222536E-03  -9.5495842E-03  -9.5574846E-03  -9.5453290E-03  -9.5514683E-03  -9.5572062E-03  -9.5229698E-03  -9.5191617E-03  -9.5075369E-03
 -9.4880341E-03  -9.4980020E-03  -9.4920574E-03  -9.4736628E-03  -9.4776778E-03  -9.4572818E-03  -9.4745774E-03  -9.4599137E-03  -9.4607957E-03  -9.4853733E-03
 -9.5028393E-03  -9.4927475E-03  -9.5028933E-03  -9.4958311E-03  -9.5066363E-03  -9.4821239E-03  -9.4872518E-03  -9.5032938E-03  -9.4921496E-03  -9.4713410E-03
 -9.4709080E-03  -9.4604259E-03  -9.4468733E-03  -9.4154077E-03  -9.4142696E-03  -9.4171427E-03  -9.4234934E-03  -9.4345938E-03  -9.4594192E-03  -9.4691673E-03
 -9.4724977E-03  -9.4842864E-03  -9.4702058E-03  -9.4902329E-03  -9.4967270E-03  -9.4934758E-03  -9.4768647E-03  -9.4743026E-03  -9.4971303E-03  -9.5253680E-03
 -9.5289992E-03  -9.5130000E-03  -9.4937328E-03  -9.4899070E-03  -9.4815316E-03  -9.4681662E-03  -9.4535677E-03  -9.4624963E-03  -9.4579095E-03  -9.4282199E-03
 -9.4255786E-03  -9.4154766E-03  -9.3953200E-03  -9.4178608E-03  -9.4091687E-03  -9.4001573E-03  -9.4307372E-03  -9.4391508E-03  -9.4429124E-03  -9.4267773E-03
 -9.4487965E-03  -9.4434451E-03  -9.4225658E-03  -9.4294865E-03  -9.4551472E-03  -9.4668204E-03  -9.4732558E-03  -9.5035853E-03  -9.5142089E-03  -9.5026176E-03
 -9.4999485E-03  -9.4886217E-03  -9.4806133E-03  -9.4963517E-03  -9.4886906E-03  -9.4700493E-03  -9.4608078E-03  -9.4679790E-03  -9.4321137E-03  -9.3993787E-03
 -9.4139678E-03  -9.3914522E-03  -9.3845353E-03  -9.3771676E-03  -9.3517099E-03  -9.3562296E-03  -9.3461126E-03  -9.3601374E-03  -9.3649514E-03  -9.3710534E-03
 -9.3919225E-03  -9.3858354E-03  -9.4013494E-03  -9.4152968E-03  -9.4071943E-03  -9.4231842E-03  -9.4263833E-03  -9.4383014E-03  -9.4366809E-03  -9.4548604E-03
 -9.4589610E-03  -9.4918907E-03  -9.4883256E-03  -9.5065013E-03  -9.5051965E-03  -9.4962465E-03  -9.5010232E-03  -9.5179435E-03  -9.5055047E-03  -9.5139416E-03
 -9.5295226E-03  -9.5365131E-03  -9.5326221E-03  -9.5393406E-03  -9.5363986E-03  -9.5189055E-03  -9.5173633E-03  -9.5076105E-03  -9.5219221E-03  -9.5048184E-03
 -9.5146056E-03  -9.5303021E-03  -9.5199291E-03  -9.5158545E-03  -9.5008537E-03  -9.4947414E-03  -9.4924783E-03  -9.4768964E-03  -9.4839977E-03  -9.4718765E-03
 -9.4691254E-03  -9.4682695E-03  -9.4690453E-03  -9.4767269E-03  -9.4536468E-03  -9.4227782E-03  -9.4127962E-03  -9.4202217E-03  -9.4278604E-03  -9.4500612E-03
 -9.4669610E-03  -9.4926618E-03  -9.4705252E-03  -9.4502475E-03  -9.4460566E-03  -9.4425352E-03  -9.4391713E-03  -9.4224708E-03  -9.4302027E-03  -9.4347782E-03
 -9.4398437E-03  -9.4344337E-03  -9.4027994E-03  -9.4064260E-03  -9.3922261E-03  -9.4105639E-03  -9.3870293E-03  -9.3723433E-03  -9.3741799E-03  -9.3792630E-03
 -9.3715210E-03  -9.3782917E-03  -9.3823988E-03  -9.4113518E-03  -9.4602201E-03  -9.4659105E-03  -9.4719538E-03  -9.4701303E-03  -9.5093269E-03  -9.5238965E-03
 -9.5264325E-03  -9.5192436E-03  -9.4981147E-03  -9.4903391E-03  -9.4805826E-03  -9.4684567E-03  -9.4583640E-03  -9.4363894E-03  -9.4390539E-03  -9.4732428E-03
 -9.4947089E-03  -9.5101036E-03  -9.5477169E-03  -9.5639415E-03  -9.5583573E-03  -9.5591079E-03  -9.5658880E-03  -9.5720449E-03  -9.5726158E-03  -9.5702037E-03
 -9.5960507E-03  -9.6040154E-03  -9.6153598E-03  -9.6456204E-03  -9.6600270E-03  -9.6700722E-03  -9.6655190E-03  -9.6129244E-03  -9.6239485E-03  -9.6022720E-03
 -9.6143512E-03  -9.5971795E-03  -9.5675942E-03  -9.5768357E-03  -9.5785782E-03  -9.5825475E-03  -9.5752459E-03  -9.5740398E-03  -9.5824227E-03  -9.5897084E-03
 -9.5851645E-03  -9.5759565E-03  -9.5745530E-03  -9.5593818E-03  -9.5426636E-03  -9.5524509E-03  -9.5366705E-03  -9.5635485E-03  -9.5357317E-03  -9.5222918E-03
 -9.5312679E-03  -9.5312502E-03  -9.5417676E-03  -9.5534576E-03  -9.5609911E-03  -9.5595224E-03  -9.5686009E-03  -9.5582819E-03  -9.5486725E-03  -9.5341550E-03
 -9.5319636E-03  -9.5587960E-03  -9.5724761E-03  -9.6062897E-03  -9.5939115E-03  -9.5923776E-03  -9.5740426E-03  -9.5781442E-03  -9.5893824E-03  -9.6103093E-03
 -9.6150907E-03  -9.6288612E-03  -9.6322289E-03  -9.6124364E-03  -9.6087009E-03  -9.6423859E-03  -9.6565103E-03  -9.6581690E-03  -9.6537536E-03  -9.6609294E-03
 -9.6960263E-03  -9.6942987E-03  -9.6738478E-03  -9.6828556E-03  -9.7063696E-03  -9.6703907E-03  -9.6447272E-03  -9.6928012E-03  -9.6762748E-03  -9.6880710E-03
 -9.7091449E-03  -9.7263576E-03  -9.7278459E-03  -9.7240396E-03  -9.7257877E-03  -9.7626131E-03  -9.7894715E-03  -9.8127555E-03  -9.8391557E-03  -9.8502291E-03
 -9.8265484E-03  -9.8203039E-03  -9.8343492E-03  -9.8074414E-03  -9.7883828E-03  -9.7670080E-03  -9.7320983E-03  -9.7008273E-03  -9.6622147E-03  -9.6574845E-03
 -9.6310284E-03  -9.6627967E-03  -9.6683931E-03  -9.6672699E-03  -9.6534491E-03  -9.6562970E-03  -9.6495487E-03  -9.6389065E-03  -9.6430872E-03  -9.6563380E-03
 -9.6470779E-03  -9.6763847E-03  -9.6712718E-03  -9.6666720E-03  -9.6435286E-03  -9.6345739E-03  -9.6392268E-03  -9.6428581E-03  -9.6399933E-03  -9.6215261E-03
 -9.6424334E-03  -9.6346121E-03  -9.6317744E-03  -9.6332496E-03  -9.6645765E-03  -9.6652927E-03  -9.6570030E-03  -9.6595390E-03  -9.6829971E-03  -9.7081494E-03
 -9.6943332E-03  -9.7031081E-03  -9.7189210E-03  -9.7155171E-03  -9.7392974E-03  -9.7105354E-03  -9.6921884E-03  -9.6804183E-03  -9.6724462E-03  -9.6716397E-03
 -9.6652713E-03  -9.6630557E-03  -9.6477224E-03  -9.6517596E-03  -9.6561322E-03  -9.6554197E-03  -9.6564898E-03  -9.6740825E-03  -9.6746990E-03  -9.6590994E-03
 -9.6424893E-03  -9.6537424E-03  -9.6594924E-03  -9.6474607E-03  -9.6591469E-03  -9.6606603E-03  -9.6915429E-03  -9.6702175E-03  -9.6792560E-03  -9.6993949E-03
 -9.7144870E-03  -9.7149033E-03  -9.7176647E-03  -9.7113783E-03  -9.7364914E-03  -9.7595714E-03  -9.7695841E-03  -9.7689582E-03  -9.8021431E-03  -9.8126316E-03
 -9.8010888E-03  -9.7909570E-03  -9.7878706E-03  -9.7937640E-03  -9.7835548E-03  -9.7674914E-03  -9.7443154E-03  -9.7365957E-03  -9.7356839E-03  -9.7387228E-03
 -9.7516030E-03  -9.7497748E-03  -9.7588208E-03  -9.7759468E-03  -9.7972983E-03  -9.8312097E-03  -9.8352218E-03  -9.8481728E-03  -9.8282350E-03  -9.8493136E-03
 -9.8630833E-03  -9.8775737E-03  -9.8997978E-03  -9.9492334E-03  -9.9678384E-03  -9.9573564E-03  -9.9628987E-03  -9.9591576E-03  -9.9911625E-03  -9.9844588E-03
 -1.0008695E-02  -1.0000517E-02  -1.0012018E-02  -1.0030794E-02  -1.0039139E-02  -1.0023381E-02  -9.9972179E-03  -9.9979406E-03  -9.9897850E-03  -9.9883983E-03
 -9.9699097E-03  -9.9763200E-03  -9.9732336E-03  -9.9379718E-03  -9.9318279E-03  -9.9085355E-03  -9.8970747E-03  -9.8848809E-03  -9.8891314E-03  -9.8733986E-03
 -9.8521719E-03  -9.8283393E-03  -9.8021217E-03  -9.7913276E-03  -9.7754886E-03  -9.7696800E-03  -9.7525315E-03  -9.7652143E-03  -9.7353840E-03  -9.7421948E-03
 -9.7280573E-03  -9.7262561E-03  -9.7337281E-03  -9.7225709E-03  -9.7075338E-03  -9.6885273E-03  -9.6777240E-03  -9.6843792E-03  -9.6576782E-03  -9.6328277E-03
 -9.6130362E-03  -9.5941285E-03  -9.5737753E-03  -9.5774578E-03  -9.5717534E-03  -9.5472531E-03  -9.5610293E-03  -9.5469654E-03  -9.5375879E-03  -9.5345182E-03
 -9.5345834E-03  -9.5228143E-03  -9.5088864E-03  -9.5234476E-03  -9.5318565E-03  -9.5213316E-03  -9.5338207E-03  -9.5484732E-03  -9.5629273E-03  -9.5553212E-03
 -9.5652798E-03  -9.5584979E-03  -9.5407413E-03  -9.5584774E-03  -9.5785744E-03  -9.5875198E-03  -9.5923701E-03  -9.6112778E-03  -9.6032117E-03  -9.6199941E-03
 -9.5953327E-03  -9.6160145E-03  -9.6298866E-03  -9.6191112E-03  -9.6195750E-03  -9.6297096E-03  -9.5974095E-03  -9.6066091E-03  -9.6312799E-03  -9.6273040E-03
 -9.6176220E-03  -9.6275061E-03  -9.6452571E-03  -9.6383924E-03  -9.6495990E-03  -9.6431617E-03  -9.6703172E-03  -9.6689221E-03  -9.6734930E-03  -9.6655963E-03
 -9.6726064E-03  -9.6908892E-03  -9.6801398E-03  -9.6720392E-03  -9.6651372E-03  -9.6641788E-03  -9.6958475E-03  -9.7067524E-03  -9.7226491E-03  -9.7010247E-03
 -9.7064069E-03  -9.7070076E-03  -9.7121196E-03  -9.7256238E-03  -9.7331246E-03  -9.7238366E-03  -9.7223734E-03  -9.7084409E-03  -9.7148744E-03  -9.7060977E-03
 -9.7047398E-03  -9.6776467E-03  -9.6671004E-03  -9.6692508E-03  -9.6492516E-03  -9.6271243E-03  -9.6154530E-03  -9.6026426E-03  -9.5998105E-03  -9.6088331E-03
 -9.6236169E-03  -9.5969653E-03  -9.5542278E-03  -9.5359646E-03  -9.5298449E-03  -9.5255924E-03  -9.5395781E-03  -9.5431451E-03  -9.5438119E-03  -9.5535619E-03
 -9.5757879E-03  -9.5751164E-03  -9.5895901E-03  -9.6332273E-03  -9.6397148E-03  -9.6704587E-03  -9.6706916E-03  -9.6761072E-03  -9.6798223E-03  -9.6527431E-03
 -9.6518723E-03  -9.6286768E-03  -9.6069919E-03  -9.5934542E-03  -9.5805591E-03  -9.6182795E-03  -9.6271913E-03  -9.6328156E-03  -9.6026361E-03  -9.5995413E-03
 -9.6002128E-03  -9.5901070E-03  -9.6102757E-03  -9.6062655E-03  -9.6111698E-03  -9.6061965E-03  -9.6022533E-03  -9.6151503E-03  -9.6050976E-03  -9.6159726E-03
 -9.6372534E-03  -9.6373959E-03  -9.6301008E-03  -9.6057374E-03  -9.5931971E-03  -9.5993793E-03  -9.6098250E-03  -9.6080443E-03  -9.6137086E-03  -9.6028922E-03
 -9.5994454E-03  -9.5962798E-03  -9.6125640E-03  -9.5774801E-03  -9.5862923E-03  -9.5765879E-03  -9.5887855E-03  -9.5778489E-03  -9.5999483E-03  -9.6154530E-03
 -9.6249413E-03  -9.6683241E-03  -9.6546449E-03  -9.6822409E-03  -9.6644908E-03  -9.6647963E-03  -9.6861441E-03  -9.7079119E-03  -9.6998662E-03  -9.6821068E-03
 -9.6806362E-03  -9.6678017E-03  -9.6358545E-03  -9.6233273E-03  -9.6304249E-03  -9.6282521E-03  -9.6557541E-03  -9.6925171E-03  -9.7201625E-03  -9.7039249E-03
 -9.7204261E-03  -9.7135231E-03  -9.7184880E-03  -9.6975155E-03  -9.7011840E-03  -9.7015603E-03  -9.7090714E-03  -9.7089279E-03  -9.6995514E-03  -9.6991453E-03
 -9.7114686E-03  -9.6993232E-03  -9.7147226E-03  -9.7128917E-03  -9.7068017E-03  -9.7157201E-03  -9.7180177E-03  -9.7090779E-03  -9.7104637E-03  -9.6942941E-03
 -9.6979141E-03  -9.7120740E-03  -9.7262589E-03  -9.7477557E-03  -9.7594000E-03  -9.7724516E-03  -9.7578680E-03  -9.7618997E-03  -9.7607169E-03  -9.7570801E-03
 -9.7650867E-03  -9.7648539E-03  -9.7679039E-03  -9.7621866E-03  -9.7779771E-03  -9.7904336E-03  -9.8000728E-03  -9.8077264E-03  -9.7993053E-03  -9.7980630E-03
 -9.7813234E-03  -9.7722579E-03  -9.7825769E-03  -9.7976848E-03  -9.7880904E-03  -9.7938720E-03  -9.8100938E-03  -9.8189339E-03  -9.8020276E-03  -9.8176021E-03
 -9.8350085E-03  -9.8445117E-03  -9.8609757E-03  -9.8503139E-03  -9.8304031E-03  -9.8405480E-03  -9.8244660E-03  -9.8179411E-03  -9.7854417E-03  -9.7638611E-03
 -9.7568128E-03  -9.7854799E-03  -9.7917495E-03  -9.8050069E-03  -9.7937332E-03  -9.7849742E-03  -9.8221172E-03  -9.8098461E-03  -9.7902603E-03  -9.7712912E-03
 -9.7793629E-03  -9.7836824E-03  -9.8016225E-03  -9.7776856E-03  -9.7583644E-03  -9.7385412E-03  -9.7440863E-03  -9.7319055E-03  -9.7338818E-03  -9.7536230E-03
 -9.7679272E-03  -9.7481916E-03  -9.7439056E-03  -9.7451927E-03  -9.7665815E-03  -9.7607393E-03  -9.7743496E-03  -9.7766966E-03  -9.8059867E-03  -9.8503083E-03
 -9.8737916E-03  -9.8732002E-03  -9.8438216E-03  -9.8544592E-03  -9.8473327E-03  -9.8362565E-03  -9.8203849E-03  -9.8479437E-03  -9.8383585E-03  -9.8235365E-03
 -9.8257083E-03  -9.8066954E-03  -9.8323571E-03  -9.8540606E-03  -9.8627200E-03  -9.8717920E-03  -9.8750992E-03  -9.8643862E-03  -9.8478580E-03  -9.8229013E-03
 -9.8130191E-03  -9.8216692E-03  -9.8262075E-03  -9.8383687E-03  -9.8642623E-03  -9.8706791E-03  -9.8759811E-03  -9.8949987E-03  -9.8879449E-03  -9.9079330E-03
 -9.8739807E-03  -9.8749967E-03  -9.8671522E-03  -9.8786559E-03  -9.8943375E-03  -9.9006752E-03  -9.9024810E-03  -9.9054594E-03  -9.9158902E-03  -9.9188173E-03
 -9.9177985E-03  -9.9111283E-03  -9.9119702E-03  -9.9146087E-03  -9.9095702E-03  -9.9423816E-03  -9.9136587E-03  -9.8946309E-03  -9.8618045E-03  -9.8523619E-03
 -9.8544043E-03  -9.8661054E-03  -9.9098086E-03  -9.9449586E-03  -9.9352589E-03  -9.9153128E-03  -9.9056093E-03  -9.8969219E-03  -9.8909056E-03  -9.9114757E-03
 -9.9115381E-03  -9.8908851E-03  -9.8899473E-03  -9.8810000E-03  -9.9101886E-03  -9.9177295E-03  -9.9070864E-03  -9.9040065E-03  -9.9043967E-03  -9.9417074E-03
 -9.9682929E-03  -9.9560330E-03  -9.9532781E-03  -9.9483496E-03  -9.9481633E-03  -9.9526970E-03  -9.9762594E-03  -9.9820895E-03  -9.9743875E-03  -9.9652680E-03
 -9.9632451E-03  -9.9645546E-03  -9.9721923E-03  -9.9959709E-03  -1.0021021E-02  -9.9904547E-03  -1.0028452E-02  -1.0010370E-02  -1.0020747E-02  -1.0010700E-02
 -1.0012105E-02  -1.0034954E-02  -1.0028005E-02  -1.0020664E-02  -1.0014217E-02  -1.0002614E-02  -9.9944929E-03  -1.0005876E-02  -1.0021915E-02  -1.0002110E-02
 -1.0003754E-02  -1.0009988E-02  -1.0014965E-02  -1.0016879E-02  -1.0018825E-02  -1.0017999E-02  -1.0022731E-02  -1.0037339E-02  -1.0025033E-02  -1.0027350E-02
 -1.0031775E-02  -1.0032606E-02  -1.0035861E-02  -1.0038362E-02  -1.0061347E-02  -1.0047604E-02  -1.0054578E-02  -1.0090423E-02  -1.0130150E-02  -1.0146491E-02
 -1.0128999E-02  -1.0088911E-02  -1.0106568E-02  -1.0110126E-02  -1.0080111E-02  -1.0108440E-02  -1.0132899E-02  -1.0116796E-02  -1.0129045E-02  -1.0147583E-02
 -1.0159062E-02  -1.0167225E-02  -1.0157188E-02  -1.0162684E-02  -1.0148182E-02  -1.0141650E-02  -1.0158182E-02  -1.0171590E-02  -1.0148215E-02  -1.0129345E-02
 -1.0116260E-02  -1.0142348E-02  -1.0132461E-02  -1.0149315E-02  -1.0149430E-02  -1.0127407E-02  -1.0158725E-02  -1.0152113E-02  -1.0175476E-02  -1.0189310E-02
 -1.0199993E-02  -1.0164912E-02  -1.0179371E-02  -1.0162488E-02  -1.0159686E-02  -1.0149904E-02  -1.0138516E-02  -1.0131841E-02  -1.0146851E-02  -1.0170954E-02
 -1.0139497E-02  -1.0152771E-02  -1.0161260E-02  -1.0163605E-02  -1.0170603E-02  -1.0149783E-02  -1.0138526E-02  -1.0120885E-02  -1.0110757E-02  -1.0125311E-02
 -1.0109674E-02  -1.0114288E-02  -1.0110416E-02  -1.0090595E-02  -1.0098902E-02  -1.0087330E-02  -1.0114776E-02  -1.0101661E-02  -1.0108362E-02  -1.0102372E-02
 -1.0122311E-02  -1.0095694E-02  -1.0133255E-02  -1.0125202E-02  -1.0131869E-02  -1.0129949E-02  -1.0133843E-02  -1.0139197E-02  -1.0136269E-02  -1.0120038E-02
 -1.0106566E-02  -1.0067529E-02  -1.0070931E-02  -1.0090721E-02  -1.0114738E-02  -1.0124466E-02  -1.0127894E-02  -1.0139419E-02  -1.0149725E-02  -1.0192942E-02
 -1.0202877E-02  -1.0206003E-02  -1.0187555E-02  -1.0212936E-02  -1.0229788E-02  -1.0237011E-02  -1.0239569E-02  -1.0236134E-02  -1.0228508E-02  -1.0223236E-02
 -1.0206662E-02  -1.0195254E-02  -1.0206955E-02  -1.0233665E-02  -1.0232807E-02  -1.0218482E-02  -1.0217278E-02  -1.0209643E-02  -1.0260190E-02  -1.0263086E-02
 -1.0268010E-02  -1.0229105E-02  -1.0244245E-02  -1.0251271E-02  -1.0248270E-02  -1.0290490E-02  -1.0304813E-02  -1.0281125E-02  -1.0278350E-02  -1.0263228E-02
 -1.0267962E-02  -1.0247208E-02  -1.0258760E-02  -1.0283791E-02  -1.0270980E-02  -1.0266101E-02  -1.0276426E-02  -1.0223962E-02  -1.0202087E-02  -1.0201198E-02
 -1.0200539E-02  -1.0202929E-02  -1.0174544E-02  -1.0173302E-02  -1.0185948E-02  -1.0169920E-02  -1.0175468E-02  -1.0188237E-02  -1.0218882E-02  -1.0205891E-02
 -1.0210501E-02  -1.0211664E-02  -1.0214470E-02  -1.0232146E-02  -1.0248010E-02  -1.0254034E-02  -1.0280933E-02  -1.0281165E-02  -1.0275682E-02  -1.0279077E-02
 -1.0278186E-02  -1.0254322E-02  -1.0258919E-02  -1.0265416E-02  -1.0235725E-02  -1.0232356E-02  -1.0214268E-02  -1.0237572E-02  -1.0205273E-02  -1.0213388E-02
 -1.0214957E-02  -1.0203189E-02  -1.0198859E-02  -1.0224310E-02  -1.0213308E-02  -1.0192818E-02  -1.0182753E-02  -1.0159953E-02  -1.0159180E-02  -1.0166978E-02
 -1.0180871E-02  -1.0164142E-02  -1.0162376E-02  -1.0164166E-02  -1.0141348E-02  -1.0144548E-02  -1.0188278E-02  -1.0181363E-02  -1.0168241E-02  -1.0193232E-02
 -1.0215165E-02  -1.0230371E-02  -1.0246071E-02  -1.0262953E-02  -1.0272948E-02  -1.0269231E-02  -1.0276839E-02  -1.0295128E-02  -1.0298314E-02  -1.0291073E-02
 -1.0329005E-02  -1.0332060E-02  -1.0333667E-02  -1.0309883E-02  -1.0306073E-02  -1.0284298E-02  -1.0288870E-02  -1.0270616E-02  -1.0252892E-02  -1.0239034E-02
 -1.0239156E-02  -1.0193570E-02  -1.0187884E-02  -1.0183649E-02  -1.0189523E-02  -1.0206211E-02  -1.0218740E-02  -1.0234558E-02  -1.0226180E-02  -1.0241190E-02
 -1.0202330E-02  -1.0166381E-02  -1.0136647E-02  -1.0137378E-02  -1.0137908E-02  -1.0116274E-02  -1.0095183E-02  -1.0098134E-02  -1.0072937E-02  -1.0090666E-02
 -1.0109400E-02  -1.0095335E-02  -1.0067705E-02  -1.0081492E-02  -1.0054795E-02  -1.0039959E-02  -1.0032621E-02  -1.0035790E-02  -1.0064184E-02  -1.0089733E-02
 -1.0065355E-02  -1.0069326E-02  -1.0088533E-02  -1.0068312E-02  -1.0076447E-02  -1.0078892E-02  -1.0086863E-02  -1.0082539E-02  -1.0077467E-02  -1.0039052E-02
 -9.9985823E-03  -9.9930102E-03  -9.9869175E-03  -1.0003698E-02  -1.0001660E-02  -1.0007945E-02  -1.0000065E-02  -9.9761179E-03  -9.9976351E-03  -9.9984128E-03
 -9.9644968E-03  -9.9810548E-03  -9.9617969E-03  -9.9740205E-03  -9.9705551E-03  -9.9877417E-03  -9.9979155E-03  -9.9934246E-03  -9.9809105E-03  -9.9710096E-03
 -9.9836038E-03  -9.9815885E-03  -9.9979909E-03  -1.0006259E-02  -1.0039086E-02  -1.0031180E-02  -1.0044251E-02  -1.0039515E-02  -1.0045114E-02  -1.0045175E-02
 -1.0083216E-02  -1.0093447E-02  -1.0068474E-02  -1.0068526E-02  -1.0032316E-02  -1.0031516E-02  -9.9983606E-03  -9.9878525E-03  -9.9824509E-03  -9.9977963E-03
 -1.0008892E-02  -1.0009835E-02  -1.0025552E-02  -1.0041418E-02  -1.0053286E-02  -1.0090278E-02  -1.0074513E-02  -1.0074730E-02  -1.0078447E-02  -1.0048827E-02
 -1.0040535E-02  -1.0002068E-02  -9.9777132E-03  -9.9715795E-03  -9.9590244E-03  -9.9621788E-03  -9.9576199E-03  -9.9682584E-03  -9.9531878E-03  -9.9484976E-03
 -9.9462401E-03  -9.9430867E-03  -9.9311117E-03  -9.9114282E-03  -9.9012433E-03  -9.8986598E-03  -9.9099642E-03  -9.9296169E-03  -9.9193444E-03  -9.9349450E-03
 -9.9267578E-03  -9.9388547E-03  -9.9550290E-03  -9.9411588E-03  -9.9363690E-03  -9.9596949E-03  -9.9681234E-03  -9.9713709E-03  -9.9940756E-03  -1.0022635E-02
 -1.0028518E-02  -1.0023199E-02  -1.0010567E-02  -1.0011296E-02  -1.0010696E-02  -1.0000939E-02  -1.0002277E-02  -9.9970289E-03  -1.0011381E-02  -9.9941110E-03
 -9.9992407E-03  -1.0007048E-02  -1.0014085E-02  -9.9990107E-03  -9.9587888E-03  -9.9548288E-03  -9.9437414E-03  -9.9363057E-03  -9.9635581E-03  -9.9798003E-03
 -9.9767474E-03  -9.9543026E-03  -9.9602845E-03  -9.9375267E-03  -9.9442843E-03  -9.9398987E-03  -9.9406000E-03  -9.9442881E-03  -9.9118082E-03  -9.9035688E-03
 -9.8698400E-03  -9.8909857E-03  -9.8982360E-03  -9.9040503E-03  -9.9182157E-03  -9.9266488E-03  -9.9424813E-03  -9.9398419E-03  -9.9333348E-03  -9.9254735E-03
 -9.9673364E-03  -9.9453609E-03  -9.9361250E-03  -9.9456487E-03  -9.9421274E-03  -9.9535901E-03  -9.9661257E-03  -9.9629220E-03  -9.9457968E-03  -9.9547245E-03
 -9.9844141E-03  -1.0012523E-02  -1.0028292E-02  -1.0041215E-02  -1.0046163E-02  -1.0021403E-02  -1.0009299E-02  -9.9936584E-03  -1.0003475E-02  -1.0013099E-02
 -1.0019202E-02  -1.0036603E-02  -1.0051643E-02  -1.0056589E-02  -1.0058623E-02  -1.0070663E-02  -1.0055378E-02  -1.0044365E-02  -1.0011590E-02  -1.0004813E-02
 -1.0014497E-02  -1.0026027E-02  -1.0043632E-02  -1.0024338E-02  -1.0023397E-02  -1.0033554E-02  -1.0034692E-02  -1.0026075E-02  -1.0026067E-02  -1.0043206E-02
 -1.0042763E-02  -1.0060132E-02  -1.0088108E-02  -1.0103911E-02  -1.0127952E-02  -1.0158825E-02  -1.0134501E-02  -1.0126712E-02  -1.0147772E-02  -1.0149954E-02
 -1.0155118E-02  -1.0167863E-02  -1.0165568E-02  -1.0173840E-02  -1.0172591E-02  -1.0153727E-02  -1.0150862E-02  -1.0143712E-02  -1.0163125E-02  -1.0123221E-02
 -1.0103171E-02  -1.0106923E-02  -1.0127985E-02  -1.0104887E-02  -1.0119674E-02  -1.0108899E-02  -1.0091745E-02  -1.0082012E-02  -1.0031333E-02  -1.0064336E-02
 -1.0054857E-02  -1.0039791E-02  -1.0026836E-02  -1.0025080E-02  -1.0041803E-02  -1.0064664E-02  -1.0058687E-02  -1.0079058E-02  -1.0072012E-02  -1.0075374E-02
 -1.0046618E-02  -1.0054682E-02  -1.0040559E-02  -1.0043425E-02  -1.0043832E-02  -1.0037428E-02  -1.0044071E-02  -1.0025659E-02  -1.0018380E-02  -1.0017362E-02
 -9.9934442E-03  -9.9828402E-03  -9.9825030E-03  -9.9791028E-03  -9.9721123E-03  -9.9995080E-03  -1.0020143E-02  -1.0049746E-02  -1.0061580E-02  -1.0053946E-02
 -1.0060485E-02  -1.0053252E-02  -1.0025582E-02  -1.0027307E-02  -1.0014586E-02  -1.0016913E-02  -9.9811265E-03  -9.9781929E-03  -9.9636670E-03  -9.9399853E-03
 -9.9474909E-03  -9.9410396E-03  -9.9398186E-03  -9.9328207E-03  -9.9331634E-03  -9.9267177E-03  -9.8995967E-03  -9.8941019E-03  -9.8984763E-03  -9.9197673E-03
 -9.9145221E-03  -9.9368347E-03  -9.9056354E-03  -9.9204862E-03  -9.9363793E-03  -9.9553652E-03  -9.9494271E-03  -9.9848881E-03  -9.9734636E-03  -9.9698678E-03
 -1.0003590E-02  -9.9972384E-03  -9.9939192E-03  -9.9513708E-03  -9.9426536E-03  -9.9616284E-03  -9.9577336E-03  -9.9560004E-03  -9.9576106E-03  -9.9828495E-03
 -9.9873217E-03  -9.9761467E-03  -9.9934954E-03  -1.0002316E-02  -1.0002805E-02  -1.0023888E-02  -1.0045621E-02  -1.0022815E-02  -1.0027286E-02  -1.0008589E-02
 -9.9945236E-03  -9.9532809E-03  -9.9360310E-03  -9.9289883E-03  -9.9228881E-03  -9.9029308E-03  -9.8730419E-03  -9.9089732E-03  -9.9036247E-03  -9.8673617E-03
 -9.8610278E-03  -9.8902620E-03  -9.8893903E-03  -9.9110166E-03  -9.9079628E-03  -9.9308733E-03  -9.9343844E-03  -9.9509116E-03  -9.9472562E-03  -9.9552302E-03
 -9.9971090E-03  -9.9918572E-03  -9.9554090E-03  -9.9583380E-03  -9.9247033E-03  -9.9497996E-03  -9.9373525E-03  -9.9605005E-03  -9.9847559E-03  -9.9868942E-03
 -9.9863829E-03  -9.9989576E-03  -1.0049831E-02  -1.0050792E-02  -1.0058895E-02  -1.0059828E-02  -1.0049071E-02  -1.0045451E-02  -1.0048329E-02  -1.0042390E-02
 -1.0050957E-02  -1.0047422E-02  -1.0052071E-02  -1.0027017E-02  -1.0030160E-02  -1.0022672E-02  -1.0026563E-02  -1.0042333E-02  -1.0047671E-02  -1.0081261E-02
 -1.0088674E-02  -1.0112459E-02  -1.0134874E-02  -1.0137177E-02  -1.0131524E-02  -1.0150695E-02  -1.0147042E-02  -1.0129454E-02  -1.0140901E-02  -1.0155478E-02
 -1.0143572E-02  -1.0134913E-02  -1.0136187E-02  -1.0142650E-02  -1.0146884E-02  -1.0138945E-02  -1.0135986E-02  -1.0130147E-02  -1.0133483E-02  -1.0148821E-02
 -1.0173233E-02  -1.0171118E-02  -1.0177907E-02  -1.0146428E-02  -1.0141909E-02  -1.0128162E-02  -1.0103488E-02  -1.0101384E-02  -1.0097049E-02  -1.0079022E-02
 -1.0047649E-02  -1.0065841E-02  -1.0067051E-02  -1.0086513E-02  -1.0114779E-02  -1.0091716E-02  -1.0104612E-02  -1.0080078E-02  -1.0051929E-02  -1.0040831E-02
 -1.0047629E-02  -1.0043421E-02  -1.0028435E-02  -1.0015392E-02  -1.0010780E-02  -1.0016606E-02  -1.0034676E-02  -1.0032141E-02  -1.0016939E-02  -1.0015878E-02
 -9.9894963E-03  -9.9934274E-03  -1.0029596E-02  -1.0053881E-02  -1.0072787E-02  -1.0073913E-02  -1.0053895E-02  -1.0088738E-02  -1.0074391E-02  -1.0098225E-02
 -1.0115766E-02  -1.0099806E-02  -1.0085259E-02  -1.0079426E-02  -1.0073555E-02  -1.0062201E-02  -1.0052716E-02  -1.0035901E-02  -1.0049558E-02  -1.0052946E-02
 -1.0051569E-02  -1.0036690E-02  -1.0039863E-02  -1.0028680E-02  -9.9968063E-03  -9.9778315E-03  -9.9372594E-03  -9.9466518E-03  -9.9636707E-03  -9.9387299E-03
 -9.9573275E-03  -9.9410759E-03  -9.9406149E-03  -9.9381562E-03  -9.9388622E-03  -9.8977843E-03  -9.8791802E-03  -9.8684831E-03  -9.8826382E-03  -9.8873302E-03
 -9.8930867E-03  -9.9015348E-03  -9.9213040E-03  -9.9478504E-03  -9.9266749E-03  -9.9082291E-03  -9.8865731E-03  -9.9070845E-03  -9.8979371E-03  -9.9060964E-03
 -9.8954868E-03  -9.9107353E-03  -9.9127162E-03  -9.9163298E-03  -9.9489335E-03  -9.9297175E-03  -9.9385353E-03  -9.9488785E-03  -9.9447966E-03  -9.9344142E-03
 -9.9464785E-03  -9.9693760E-03  -9.9832723E-03  -9.9740438E-03  -9.9893613E-03  -9.9883815E-03  -9.9708866E-03  -9.9432645E-03  -9.9323625E-03  -9.9629536E-03
 -9.9289296E-03  -9.8959366E-03  -9.8686637E-03  -9.8700961E-03  -9.9005224E-03  -9.8978365E-03  -9.8772598E-03  -9.8802205E-03  -9.8596402E-03  -9.8605035E-03
 -9.8794801E-03  -9.8985350E-03  -9.8670004E-03  -9.8578744E-03  -9.8669948E-03  -9.8808259E-03  -9.8843416E-03  -9.8795565E-03  -9.9033397E-03  -9.8947035E-03
 -9.8934891E-03  -9.9190325E-03  -9.9462299E-03  -9.9647436E-03  -9.9809105E-03  -1.0012352E-02  -1.0012624E-02  -1.0035348E-02  -1.0039743E-02  -1.0038833E-02
 -1.0042418E-02  -1.0030288E-02  -1.0033663E-02  -1.0032511E-02  -1.0044702E-02  -1.0066592E-02  -1.0080619E-02  -1.0099284E-02  -1.0097753E-02  -1.0106212E-02
 -1.0104824E-02  -1.0101870E-02  -1.0136983E-02  -1.0129676E-02  -1.0104499E-02  -1.0083540E-02  -1.0057851E-02  -1.0055661E-02  -1.0088190E-02  -1.0098448E-02
 -1.0060199E-02  -1.0060607E-02  -1.0064742E-02  -1.0061368E-02  -1.0065384E-02  -1.0050237E-02  -1.0028561E-02  -1.0024897E-02  -1.0014938E-02  -1.0004553E-02
 -9.9842586E-03  -9.9709816E-03  -9.9804662E-03  -9.9619450E-03  -9.9690929E-03  -9.9882018E-03  -9.9671548E-03  -9.9673914E-03  -9.9960659E-03  -9.9939182E-03
 -9.9912211E-03  -9.9924151E-03  -1.0002630E-02  -9.9982489E-03  -9.9947918E-03  -9.9889170E-03  -9.9711213E-03  -9.9686850E-03  -9.9508939E-03  -9.9583808E-03
 -9.9734543E-03  -9.9827945E-03  -9.9612959E-03  -9.9587105E-03  -9.9566178E-03  -9.9540092E-03  -9.9562565E-03  -9.9764131E-03  -9.9627580E-03  -9.9359676E-03
 -9.9508744E-03  -9.9349730E-03  -9.9347057E-03  -9.9380091E-03  -9.9543668E-03  -9.9620372E-03  -9.9856714E-03  -9.9858614E-03  -9.9922679E-03  -9.9731032E-03
 -9.9770017E-03  -9.9821901E-03  -9.9754585E-03  -9.9536581E-03  -9.9536423E-03  -9.9499114E-03  -9.9330153E-03  -9.9428743E-03  -9.9634053E-03  -9.9797621E-03
 -9.9887485E-03  -9.9791065E-03  -1.0011111E-02  -1.0011930E-02  -1.0014731E-02  -1.0034961E-02  -1.0049759E-02  -1.0037554E-02  -1.0015803E-02  -1.0040777E-02
 -1.0033581E-02  -1.0028377E-02  -1.0024571E-02  -9.9984854E-03  -9.9933995E-03  -1.0006372E-02  -1.0017826E-02  -1.0036920E-02  -1.0025753E-02  -1.0051322E-02
 -1.0039175E-02  -1.0045715E-02  -1.0068962E-02  -1.0051905E-02  -1.0055488E-02  -1.0033057E-02  -1.0019593E-02  -9.9937562E-03  -9.9625997E-03  -9.9542188E-03
 -9.9762939E-03  -9.9732755E-03  -9.9718431E-03  -9.9690193E-03  -9.9636829E-03  -9.9575501E-03  -9.9539291E-03  -9.9656675E-03  -9.9619338E-03  -9.9942908E-03
 -1.0001329E-02  -1.0016895E-02  -1.0018071E-02  -1.0013754E-02  -1.0016497E-02  -1.0014571E-02  -9.9842483E-03  -9.9726254E-03  -9.9602584E-03  -9.9454019E-03
 -9.9378210E-03  -9.9247405E-03  -9.9213822E-03  -9.9338703E-03  -9.9593224E-03  -9.9610994E-03  -9.9747693E-03  -9.9570584E-03  -9.9618472E-03  -9.9628195E-03
 -9.9568181E-03  -9.9623948E-03  -9.9670328E-03  -9.9675786E-03  -9.9629248E-03  -9.9751884E-03  -9.9813100E-03  -1.0008054E-02  -1.0003535E-02  -1.0020148E-02
 -1.0037526E-02  -1.0054427E-02  -1.0038698E-02  -1.0027925E-02  -1.0030107E-02  -1.0031900E-02  -1.0022289E-02  -1.0027080E-02  -1.0070151E-02  -1.0068699E-02
 -1.0101894E-02  -1.0096098E-02  -1.0124375E-02  -1.0150296E-02  -1.0141368E-02  -1.0144416E-02  -1.0140589E-02  -1.0130613E-02  -1.0138609E-02  -1.0138089E-02
 -1.0139856E-02  -1.0145181E-02  -1.0151511E-02  -1.0114712E-02  -1.0092555E-02  -1.0109153E-02  -1.0107908E-02  -1.0092298E-02  -1.0068809E-02  -1.0040306E-02
 -1.0028516E-02  -1.0032374E-02  -1.0024698E-02  -1.0007218E-02  -1.0010943E-02  -9.9852299E-03  -9.9910870E-03  -9.9931778E-03  -9.9778194E-03  -9.9601196E-03
 -9.9403206E-03  -9.9058039E-03  -9.8992996E-03  -9.8918192E-03  -9.8922709E-03  -9.8890262E-03  -9.8835547E-03  -9.8867035E-03  -9.8765921E-03  -9.8929983E-03
 -9.9188248E-03  -9.9322498E-03  -9.9538798E-03  -9.9478383E-03  -9.9520786E-03  -9.9586658E-03  -9.9514229E-03  -9.9695120E-03  -9.9925119E-03  -9.9890335E-03
 -9.9803554E-03  -1.0004106E-02  -1.0021788E-02  -1.0006997E-02  -1.0032909E-02  -1.0044422E-02  -1.0044440E-02  -1.0032974E-02  -1.0006648E-02  -1.0015126E-02
 -1.0018136E-02  -1.0044569E-02  -1.0060051E-02  -1.0061430E-02  -1.0068227E-02  -1.0070842E-02  -1.0067592E-02  -1.0061920E-02  -1.0051819E-02  -1.0026785E-02
 -1.0016560E-02  -1.0010029E-02  -1.0011536E-02  -1.0019938E-02  -1.0028621E-02  -9.9891350E-03  -9.9894153E-03  -9.9712331E-03  -9.9782543E-03  -9.9875070E-03
 -9.9921338E-03  -9.9696461E-03  -9.9623976E-03  -9.9581443E-03  -9.9875210E-03  -1.0005381E-02  -1.0035439E-02  -1.0035172E-02  -1.0043970E-02  -1.0062546E-02
 -1.0086949E-02  -1.0068227E-02  -1.0066361E-02  -1.0037791E-02  -1.0036295E-02  -1.0036008E-02  -1.0083179E-02  -1.0094783E-02  -1.0123006E-02  -1.0110657E-02
 -1.0126739E-02  -1.0131715E-02  -1.0139263E-02  -1.0161345E-02  -1.0140186E-02  -1.0134973E-02  -1.0163097E-02  -1.0190332E-02  -1.0204908E-02  -1.0224471E-02
 -1.0218469E-02  -1.0209925E-02  -1.0203354E-02  -1.0221841E-02  -1.0240104E-02  -1.0222767E-02  -1.0229093E-02  -1.0229853E-02  -1.0208272E-02  -1.0231004E-02
 -1.0204189E-02  -1.0230151E-02  -1.0230221E-02  -1.0214300E-02  -1.0219879E-02  -1.0225276E-02  -1.0225102E-02  -1.0214919E-02  -1.0198727E-02  -1.0187564E-02
 -1.0182499E-02
  8.9842278E-01   8.1947317E-01   7.6434285E-01   7.2775444E-01   6.9623410E-01   6.7437538E-01   6.5989382E-01   6.4369113E-01   6.2706774E-01   6.1380558E-01
  6.0405731E-01   5.9599375E-01   5.8684281E-01   5.8392170E-01   5.7680520E-01   5.6796915E-01   5.6195594E-01   5.5452039E-01   5.4834877E-01   5.4550822E-01
  5.3943539E-01   5.3210766E-01   5.2590946E-01   5.2042262E-01   5.1796957E-01   5.1440105E-01   5.1095699E-01   5.0920868E-01   5.0574855E-01   5.0416103E-01
  5.0287783E-01   5.0461479E-01   5.0235233E-01   4.9490020E-01   4.9240035E-01   4.9141131E-01   4.8893458E-01   4.8315601E-01   4.8402630E-01   4.8236507E-01
  4.8220206E-01   4.7789657E-01   4.7522043E-01   4.7457208E-01   4.7045314E-01   4.6787901E-01   4.6805681E-01   4.6706776E-01   4.6692734E-01   4.6472071E-01
  4.6363609E-01   4.5993612E-01   4.5993918E-01   4.5727294E-01   4.5506134E-01   4.5445353E-01   4.5031925E-01   4.5066850E-01   4.5004862E-01   4.4972227E-01
  4.4711082E-01   4.4596446E-01   4.4367070E-01   4.4211391E-01   4.4032543E-01   4.4081273E-01   4.4092116E-01   4.3957348E-01   4.3981715E-01   4.3878296E-01
  4.3934857E-01   4.3742423E-01   4.3543940E-01   4.3477344E-01   4.3397356E-01   4.3119352E-01   4.3025641E-01   4.3087834E-01   4.3035192E-01   4.2766233E-01
  4.2441425E-01   4.2510180E-01   4.2264389E-01   4.2341707E-01   4.2357661E-01   4.2146627E-01   4.2105095E-01   4.1855677E-01   4.1836452E-01   4.1720834E-01
  4.1815869E-01   4.1778644E-01   4.1541195E-01   4.1414362E-01   4.1377295E-01   4.1481889E-01   4.1484625E-01   4.1417202E-01   4.1267285E-01   4.1125590E-01
  4.1140473E-01   4.0868534E-01   4.0759424E-01   4.0736725E-01   4.0422287E-01   4.0246458E-01   4.0294493E-01   4.0331564E-01   4.0160605E-01   3.9933872E-01
  3.9752773E-01   3.9797536E-01   3.9650190E-01   3.9818643E-01   3.9815587E-01   3.9806110E-01   3.9623913E-01   3.9517223E-01   3.9438438E-01   3.9472619E-01
  3.9452506E-01   3.9537480E-01   3.9527857E-01   3.9535121E-01   3.9343763E-01   3.9417373E-01   3.9271524E-01   3.9222069E-01   3.9009247E-01   3.8815905E-01
  3.8683521E-01   3.8699919E-01   3.8605731E-01   3.8649350E-01   3.8708622E-01   3.8717395E-01   3.8535237E-01   3.8529523E-01   3.8539661E-01   3.8561831E-01
  3.8439736E-01   3.8577324E-01   3.8568924E-01   3.8704335E-01   3.8596826E-01   3.8575217E-01   3.8689270E-01   3.8366766E-01   3.8301481E-01   3.8205537E-01
  3.8155996E-01   3.8274862E-01   3.8225749E-01   3.8081085E-01   3.8193771E-01   3.8029671E-01   3.8258749E-01   3.8178132E-01   3.8019113E-01   3.7794837E-01
  3.7732981E-01   3.7537991E-01   3.7600491E-01   3.7614639E-01   3.7579926E-01   3.7258209E-01   3.7048447E-01   3.6987374E-01   3.6968747E-01   3.6852360E-01
  3.6723804E-01   3.6565974E-01   3.6734836E-01   3.6875153E-01   3.6914809E-01   3.6865624E-01   3.6804309E-01   3.6761603E-01   3.6640301E-01   3.6559067E-01
  3.6696650E-01   3.6778299E-01   3.6600304E-01   3.6520741E-01   3.6479188E-01   3.6530667E-01   3.6554011E-01   3.6505408E-01   3.6486258E-01   3.6512867E-01
  3.6433997E-01   3.6283566E-01   3.6155614E-01   3.6170190E-01   3.6205564E-01   3.6252248E-01   3.6182449E-01   3.6104159E-01   3.6077244E-01   3.5929118E-01
  3.5719177E-01   3.5701152E-01   3.5756884E-01   3.5545541E-01   3.5476946E-01   3.5407336E-01   3.5457394E-01   3.5403333E-01   3.5373589E-01   3.5337562E-01
  3.5271325E-01   3.5182630E-01   3.5224569E-01   3.5331471E-01   3.5452905E-01   3.5374498E-01   3.5470270E-01   3.5533396E-01   3.5502371E-01   3.5360651E-01
  3.5368555E-01   3.5354703E-01   3.5256965E-01   3.5121706E-01   3.5208764E-01   3.5302973E-01   3.5010484E-01   3.4998901E-01   3.5019778E-01   3.4950278E-01
  3.4973269E-01   3.4986378E-01   3.5134745E-01   3.5031443E-01   3.5007272E-01   3.4938097E-01   3.4932051E-01   3.4934471E-01   3.4863702E-01   3.4699417E-01
  3.4579769E-01   3.4389693E-01   3.4424582E-01   3.4263656E-01   3.4181320E-01   3.4165396E-01   3.4087368E-01   3.3973499E-01   3.3792658E-01   3.3937565E-01
  3.4001653E-01   3.3919693E-01   3.4018484E-01   3.3973764E-01   3.3749688E-01   3.3624871E-01   3.3694430E-01   3.3718043E-01   3.3731245E-01   3.3759137E-01
  3.3648474E-01   3.3662179E-01   3.3832143E-01   3.3827200E-01   3.3851248E-01   3.4148633E-01   3.4229917E-01   3.4267051E-01   3.4317064E-01   3.4354765E-01
  3.4392085E-01   3.4300391E-01   3.4438357E-01   3.4495054E-01   3.4374731E-01   3.4287720E-01   3.4251219E-01   3.4234943E-01   3.4017664E-01   3.3945563E-01
  3.3915715E-01   3.4031745E-01   3.3924322E-01   3.3937975E-01   3.3879532E-01   3.3912913E-01   3.3849413E-01   3.3914872E-01   3.3791821E-01   3.3815193E-01
  3.3744916E-01   3.3676859E-01   3.3493397E-01   3.3490785E-01   3.3487290E-01   3.3580820E-01   3.3600444E-01   3.3496855E-01   3.3626730E-01   3.3581401E-01
  3.3443498E-01   3.3579628E-01   3.3460848E-01   3.3609834E-01   3.3645395E-01   3.3452603E-01   3.3336036E-01   3.3324807E-01   3.3045170E-01   3.2926480E-01
  3.2886443E-01   3.2766152E-01   3.2698584E-01   3.2715863E-01   3.2677796E-01   3.2699382E-01   3.2726901E-01   3.2629562E-01   3.2526593E-01   3.2596953E-01
  3.2486391E-01   3.2488107E-01   3.2375904E-01   3.2259140E-01   3.2234560E-01   3.2279570E-01   3.2269419E-01   3.2175366E-01   3.2190738E-01   3.2206640E-01
  3.2154314E-01   3.2132455E-01   3.2037052E-01   3.2065099E-01   3.2131273E-01   3.2199614E-01   3.2275748E-01   3.2053989E-01   3.1991915E-01   3.1944497E-01
  3.2037710E-01   3.2056557E-01   3.2165473E-01   3.2185183E-01   3.2117063E-01   3.2088726E-01   3.1993197E-01   3.1898725E-01   3.1959257E-01   3.1876506E-01
  3.1942414E-01   3.1876027E-01   3.1760821E-01   3.1723140E-01   3.1741346E-01   3.1831574E-01   3.1832235E-01   3.1731846E-01   3.1823120E-01   3.1864036E-01
  3.1803467E-01   3.1741240E-01   3.1732161E-01   3.1613526E-01   3.1503643E-01   3.1425483E-01   3.1457838E-01   3.1256817E-01   3.1156319E-01   3.1127704E-01
  3.1104290E-01   3.1153196E-01   3.1133149E-01   3.1159734E-01   3.1133955E-01   3.1122176E-01   3.1204975E-01   3.1165017E-01   3.1222773E-01   3.1174933E-01
  3.1241596E-01   3.1208658E-01   3.1219041E-01   3.1252946E-01   3.1221182E-01   3.1314778E-01   3.1227013E-01   3.1215762E-01   3.1176428E-01   3.1147914E-01
  3.0932699E-01   3.0982849E-01   3.0859484E-01   3.0842490E-01   3.0723606E-01   3.0786747E-01   3.0686905E-01   3.0597903E-01   3.0545336E-01   3.0629944E-01
  3.0613617E-01   3.0746716E-01   3.0630398E-01   3.0720097E-01   3.0875169E-01   3.0685773E-01   3.0774284E-01   3.0735004E-01   3.0704347E-01   3.0485843E-01
  3.0481914E-01   3.0449937E-01   3.0475961E-01   3.0609485E-01   3.0579158E-01   3.0661166E-01   3.0566458E-01   3.0475575E-01   3.0451018E-01   3.0398337E-01
  3.0338357E-01   3.0310193E-01   3.0252720E-01   3.0167175E-01   3.0110536E-01   3.0112164E-01   3.0085283E-01   3.0003198E-01   2.9913963E-01   3.0060900E-01
  3.0033062E-01   2.9964020E-01   2.9965142E-01   2.9836565E-01   2.9850876E-01   2.9772516E-01   2.9896871E-01   2.9932945E-01   2.9936970E-01   2.9807794E-01
  2.9844174E-01   2.9766860E-01   2.9866146E-01   2.9855676E-01   2.9753045E-01   2.9713801E-01   2.9669597E-01   2.9596236E-01   2.9583239E-01   2.9630462E-01
  2.9612486E-01   2.9528797E-01   2.9506247E-01   2.9483432E-01   2.9439428E-01   2.9408299E-01   2.9421563E-01   2.9365627E-01   2.9374944E-01   2.9481779E-01
  2.9433646E-01   2.9424831E-01   2.9467509E-01   2.9491863E-01   2.9469360E-01   2.9437329E-01   2.9409286E-01   2.9303804E-01   2.9386226E-01   2.9416664E-01
  2.9399108E-01   2.9263213E-01   2.9248134E-01   2.9249088E-01   2.9272932E-01   2.9220828E-01   2.9276114E-01   2.9251045E-01   2.9433625E-01   2.9346070E-01
  2.9246504E-01   2.9205480E-01   2.9249404E-01   2.9134807E-01   2.9078585E-01   2.9078173E-01   2.9081716E-01   2.8951468E-01   2.8931602E-01   2.8895730E-01
  2.8780913E-01   2.8813001E-01   2.8878436E-01   2.8790276E-01   2.8667757E-01   2.8725064E-01   2.8665020E-01   2.8727723E-01   2.8539913E-01   2.8427415E-01
  2.8441073E-01   2.8512485E-01   2.8574613E-01   2.8543497E-01   2.8599104E-01   2.8553926E-01   2.8562743E-01   2.8473397E-01   2.8434241E-01   2.8418518E-01
  2.8391724E-01   2.8409140E-01   2.8326807E-01   2.8275282E-01   2.8256580E-01   2.8304475E-01   2.8211671E-01   2.8242704E-01   2.8185412E-01   2.8266871E-01
  2.8284879E-01   2.8227014E-01   2.8161570E-01   2.8123924E-01   2.8017265E-01   2.7892855E-01   2.7992898E-01   2.7931130E-01   2.7954991E-01   2.7962005E-01
  2.7926008E-01   2.7908740E-01   2.7845399E-01   2.7769890E-01   2.7663166E-01   2.7663443E-01   2.7671216E-01   2.7659359E-01   2.7741998E-01   2.7719204E-01
  2.7735962E-01   2.7684355E-01   2.7802447E-01   2.7747492E-01   2.7742819E-01   2.7724444E-01   2.7714256E-01   2.7812453E-01   2.7744408E-01   2.7762164E-01
  2.7729954E-01   2.7730213E-01   2.7760917E-01   2.7675815E-01   2.7492528E-01   2.7456791E-01   2.7451833E-01   2.7442000E-01   2.7509319E-01   2.7501799E-01
  2.7518733E-01   2.7538389E-01   2.7456688E-01   2.7426393E-01   2.7352384E-01   2.7323932E-01   2.7300574E-01   2.7274595E-01   2.7289565E-01   2.7291003E-01
  2.7135081E-01   2.7137493E-01   2.7290787E-01   2.7300620E-01   2.7356230E-01   2.7264215E-01   2.7414919E-01   2.7332083E-01   2.7385856E-01   2.7368541E-01
  2.7382511E-01   2.7320756E-01   2.7324431E-01   2.7305998E-01   2.7389796E-01   2.7425499E-01   2.7262242E-01   2.7159331E-01   2.7087489E-01   2.7040216E-01
  2.7093808E-01   2.7076933E-01   2.7040134E-01   2.6957002E-01   2.6914487E-01   2.6871872E-01   2.6813191E-01   2.6759883E-01   2.6789739E-01   2.6716961E-01
  2.6736966E-01   2.6688932E-01   2.6707592E-01   2.6649048E-01   2.6721517E-01   2.6709409E-01   2.6714883E-01   2.6705571E-01   2.6710832E-01   2.6716819E-01
  2.6701201E-01   2.6672428E-01   2.6697946E-01   2.6691703E-01   2.6601179E-01   2.6557411E-01   2.6528827E-01   2.6620770E-01   2.6572559E-01   2.6513015E-01
  2.6540741E-01   2.6593112E-01   2.6504849E-01   2.6491976E-01   2.6491359E-01   2.6401336E-01   2.6347385E-01   2.6393224E-01   2.6430446E-01   2.6430197E-01
  2.6449733E-01   2.6404736E-01   2.6389134E-01   2.6264450E-01   2.6336940E-01   2.6325813E-01   2.6245362E-01   2.6177060E-01   2.6221560E-01   2.6179715E-01
  2.6107387E-01   2.6048098E-01   2.5978163E-01   2.5942457E-01   2.5922677E-01   2.5954285E-01   2.6057860E-01   2.6133715E-01   2.6049772E-01   2.6029694E-01
  2.6069440E-01   2.6192382E-01   2.6180546E-01   2.6177027E-01   2.6140938E-01   2.6059412E-01   2.6030709E-01   2.6076751E-01   2.6036240E-01   2.5982854E-01
  2.6010588E-01   2.5953972E-01   2.5969400E-01   2.6017046E-01   2.6035973E-01   2.6036375E-01   2.5915783E-01   2.5993635E-01   2.6008100E-01   2.6009082E-01
  2.5970250E-01   2.5986109E-01   2.5979347E-01   2.5908627E-01   2.5896540E-01   2.5856086E-01   2.5869757E-01   2.5836430E-01   2.5784571E-01   2.5785008E-01
  2.5821741E-01   2.5844195E-01   2.5803277E-01   2.5785257E-01   2.5796588E-01   2.5854479E-01   2.5862957E-01   2.5799758E-01   2.5732192E-01   2.5741737E-01
  2.5718493E-01   2.5708698E-01   2.5727960E-01   2.5623667E-01   2.5508832E-01   2.5499097E-01   2.5496461E-01   2.5565392E-01   2.5579627E-01   2.5536721E-01
  2.5519538E-01   2.5367522E-01   2.5375100E-01   2.5355094E-01   2.5383751E-01   2.5328016E-01   2.5284076E-01   2.5321431E-01   2.5269384E-01   2.5344520E-01
  2.5357663E-01   2.5295329E-01   2.5354190E-01   2.5369112E-01   2.5451778E-01   2.5383564E-01   2.5408028E-01   2.5409209E-01   2.5378479E-01   2.5333534E-01
  2.5360133E-01   2.5224488E-01   2.5157145E-01   2.5091288E-01   2.5031118E-01   2.5090173E-01   2.5072168E-01   2.5050556E-01   2.5055040E-01   2.4972168E-01
  2.5030890E-01   2.5000873E-01   2.4987772E-01   2.4970263E-01   2.4975597E-01   2.4992621E-01   2.5012464E-01   2.5013630E-01   2.4985691E-01   2.5050323E-01
  2.5061428E-01   2.5059744E-01   2.5058630E-01   2.5032552E-01   2.4996584E-01   2.4930838E-01   2.4967046E-01   2.4935282E-01   2.4891262E-01   2.4948863E-01
  2.4968614E-01   2.4986775E-01   2.4961184E-01   2.4928762E-01   2.5028426E-01   2.4964841E-01   2.4901044E-01   2.4912737E-01   2.4926935E-01   2.4896394E-01
  2.4932979E-01   2.5032689E-01   2.5035594E-01   2.5024299E-01   2.5050789E-01   2.5039925E-01   2.5027985E-01   2.5015923E-01   2.4992756E-01   2.4951261E-01
  2.4924286E-01   2.4834929E-01   2.4870246E-01   2.4842824E-01   2.4766449E-01   2.4762834E-01   2.4693083E-01   2.4732835E-01   2.4674583E-01   2.4674122E-01
  2.4701332E-01   2.4757398E-01   2.4776395E-01   2.4714117E-01   2.4684372E-01   2.4561621E-01   2.4584291E-01   2.4601220E-01   2.4645696E-01   2.4643597E-01
  2.4619338E-01   2.4529256E-01   2.4583285E-01   2.4637732E-01   2.4690289E-01   2.4685103E-01   2.4718619E-01   2.4680707E-01   2.4652326E-01   2.4747599E-01
  2.4685017E-01   2.4780097E-01   2.4820631E-01   2.4862191E-01   2.4866488E-01   2.4812817E-01   2.4863109E-01   2.4875985E-01   2.4840004E-01   2.4860553E-01
  2.4812418E-01   2.4798485E-01   2.4757538E-01   2.4814444E-01   2.4795502E-01   2.4760532E-01   2.4679245E-01   2.4617229E-01   2.4663071E-01   2.4651009E-01
  2.4679917E-01   2.4642840E-01   2.4671263E-01   2.4623724E-01   2.4667127E-01   2.4692557E-01   2.4689330E-01   2.4709125E-01   2.4662923E-01   2.4670579E-01
  2.4646847E-01   2.4667762E-01   2.4713132E-01   2.4758591E-01   2.4771959E-01   2.4738909E-01   2.4762815E-01   2.4814481E-01   2.4805894E-01   2.4850246E-01
  2.4767566E-01   2.4778249E-01   2.4765174E-01   2.4737676E-01   2.4812511E-01   2.4808093E-01   2.4827574E-01   2.4772490E-01   2.4710955E-01   2.4661205E-01
  2.4599320E-01   2.4567878E-01   2.4549212E-01   2.4615350E-01   2.4595609E-01   2.4616789E-01   2.4624830E-01   2.4534323E-01   2.4528131E-01   2.4547956E-01
  2.4606623E-01   2.4623008E-01   2.4594033E-01   2.4602002E-01   2.4606343E-01   2.4617820E-01   2.4589687E-01   2.4569998E-01   2.4533268E-01   2.4495279E-01
  2.4489445E-01   2.4504050E-01   2.4467320E-01   2.4486882E-01   2.4426482E-01   2.4360240E-01   2.4286629E-01   2.4298154E-01   2.4257107E-01   2.4253408E-01
  2.4278193E-01   2.4237506E-01   2.4277286E-01   2.4321617E-01   2.4271348E-01   2.4248289E-01   2.4245644E-01   2.4318367E-01   2.4279940E-01   2.4235381E-01
  2.4209344E-01   2.4217728E-01   2.4195346E-01   2.4220450E-01   2.4198952E-01   2.4205410E-01   2.4174211E-01   2.4121102E-01   2.4182668E-01   2.4117920E-01
  2.4070263E-01   2.4118790E-01   2.3956760E-01   2.3932208E-01   2.3928377E-01   2.3987300E-01   2.3961886E-01   2.3852962E-01   2.3823369E-01   2.3827285E-01
  2.3853928E-01   2.3907159E-01   2.3904708E-01   2.3913028E-01   2.3874159E-01   2.3908829E-01   2.3906416E-01   2.3899672E-01   2.3895533E-01   2.3854242E-01
  2.3868406E-01   2.3833957E-01   2.3838839E-01   2.3838313E-01   2.3792979E-01   2.3782983E-01   2.3814050E-01   2.3823056E-01   2.3819762E-01   2.3820345E-01
  2.3798806E-01   2.3844588E-01   2.3793352E-01   2.3776289E-01   2.3718097E-01   2.3687025E-01   2.3719596E-01   2.3731862E-01   2.3705033E-01   2.3691326E-01
  2.3747034E-01   2.3736615E-01   2.3737815E-01   2.3796393E-01   2.3764588E-01   2.3786964E-01   2.3753068E-01   2.3761373E-01   2.3678701E-01   2.3729722E-01
  2.3723810E-01   2.3669143E-01   2.3609080E-01   2.3654243E-01   2.3580224E-01   2.3668985E-01   2.3711038E-01   2.3727094E-01   2.3715495E-01   2.3726588E-01
  2.3667409E-01   2.3603819E-01   2.3553639E-01   2.3505153E-01   2.3509276E-01   2.3449708E-01   2.3424833E-01   2.3455094E-01   2.3470391E-01   2.3478051E-01
  2.3464810E-01   2.3441788E-01   2.3399100E-01   2.3418728E-01   2.3367562E-01   2.3321079E-01   2.3282974E-01   2.3276072E-01   2.3253385E-01   2.3347087E-01
  2.3362723E-01   2.3397457E-01   2.3376784E-01   2.3411426E-01   2.3419122E-01   2.3498715E-01   2.3476081E-01   2.3495239E-01   2.3489369E-01   2.3487332E-01
  2.3487048E-01   2.3458917E-01   2.3478170E-01   2.3463406E-01   2.3443203E-01   2.3449457E-01   2.3443110E-01   2.3421920E-01   2.3440596E-01   2.3432432E-01
  2.3453264E-01   2.3489608E-01   2.3482885E-01   2.3452407E-01   2.3402452E-01   2.3497938E-01   2.3481789E-01   2.3428143E-01   2.3356350E-01   2.3406365E-01
  2.3451914E-01   2.3454985E-01   2.3451051E-01   2.3420949E-01   2.3414974E-01   2.3430063E-01   2.3417152E-01   2.3423651E-01   2.3471393E-01   2.3490100E-01
  2.3458334E-01   2.3464795E-01   2.3402073E-01   2.3427414E-01   2.3374196E-01   2.3357211E-01   2.3327009E-01   2.3329116E-01   2.3297726E-01   2.3325115E-01
  2.3244627E-01   2.3242870E-01   2.3274344E-01   2.3274942E-01   2.3302901E-01   2.3287616E-01   2.3243982E-01   2.3216209E-01   2.3186407E-01   2.3155177E-01
  2.3147643E-01   2.3139205E-01   2.3111824E-01   2.3138940E-01   2.3060735E-01   2.3067057E-01   2.3004535E-01   2.2988269E-01   2.3045152E-01   2.3071480E-01
  2.3103556E-01   2.3155009E-01   2.3108918E-01   2.3151220E-01   2.3144356E-01   2.3171533E-01   2.3167816E-01   2.3130149E-01   2.3144694E-01   2.3060554E-01
  2.3070620E-01   2.3042746E-01   2.3040512E-01   2.3024542E-01   2.3033058E-01   2.2991931E-01   2.2943565E-01   2.2974484E-01   2.2954123E-01   2.2920690E-01
  2.2940463E-01   2.2939651E-01   2.2886088E-01   2.2872842E-01   2.2811313E-01   2.2851953E-01   2.2798453E-01   2.2798435E-01   2.2790926E-01   2.2773360E-01
  2.2773061E-01   2.2714238E-01   2.2727976E-01   2.2807641E-01   2.2823885E-01   2.2790344E-01   2.2822548E-01   2.2790768E-01   2.2785305E-01   2.2759455E-01
  2.2739481E-01   2.2837312E-01   2.2824370E-01   2.2842540E-01   2.2857350E-01   2.2876227E-01   2.2896030E-01   2.2869296E-01   2.2889331E-01   2.2944814E-01
  2.2945511E-01   2.2934046E-01   2.2958485E-01   2.2948890E-01   2.2909600E-01   2.2940348E-01   2.2956938E-01   2.2945884E-01   2.2899941E-01   2.2901571E-01
  2.2898062E-01   2.2857575E-01   2.2869131E-01   2.2831398E-01   2.2828164E-01   2.2852200E-01   2.2858165E-01   2.2893911E-01   2.2952120E-01   2.2953413E-01
  2.2926115E-01   2.2865782E-01   2.2837245E-01   2.2865287E-01   2.2855024E-01   2.2824704E-01   2.2844212E-01   2.2936920E-01   2.2931171E-01   2.2930251E-01
  2.2890225E-01   2.2810097E-01   2.2841493E-01   2.2804781E-01   2.2752489E-01   2.2771852E-01   2.2794519E-01   2.2842621E-01   2.2856157E-01   2.2828278E-01
  2.2831408E-01   2.2877022E-01   2.2842185E-01   2.2847682E-01   2.2868470E-01   2.2901809E-01   2.2875742E-01   2.2891085E-01   2.2896645E-01   2.2878975E-01
  2.2875338E-01   2.2832976E-01   2.2832922E-01   2.2760163E-01   2.2770649E-01   2.2754220E-01   2.2733743E-01   2.2721147E-01   2.2696280E-01   2.2670208E-01
  2.2705877E-01   2.2707129E-01   2.2655417E-01   2.2645431E-01   2.2633288E-01   2.2627343E-01   2.2636043E-01   2.2608659E-01   2.2572891E-01   2.2554846E-01
  2.2554721E-01   2.2519759E-01   2.2598451E-01   2.2557256E-01   2.2555924E-01   2.2559640E-01   2.2564085E-01   2.2536141E-01   2.2565409E-01   2.2567542E-01
  2.2571910E-01   2.2587187E-01   2.2628800E-01   2.2612099E-01   2.2688126E-01   2.2711972E-01   2.2702474E-01   2.2769817E-01   2.2760484E-01   2.2752126E-01
  2.2742070E-01   2.2711610E-01   2.2658962E-01   2.2615536E-01   2.2593646E-01   2.2576126E-01   2.2596064E-01   2.2585379E-01   2.2559314E-01   2.2495892E-01
  2.2526669E-01   2.2488335E-01   2.2518938E-01   2.2470131E-01   2.2496398E-01   2.2487980E-01   2.2566197E-01   2.2596935E-01   2.2625770E-01   2.2592443E-01
  2.2610642E-01   2.2628557E-01   2.2693610E-01   2.2723016E-01   2.2695173E-01   2.2693473E-01   2.2694111E-01   2.2656480E-01   2.2669456E-01   2.2722461E-01
  2.2674071E-01   2.2669251E-01   2.2635165E-01   2.2680867E-01   2.2650381E-01   2.2590300E-01   2.2629070E-01   2.2590603E-01   2.2590904E-01   2.2609056E-01
  2.2598355E-01   2.2626384E-01   2.2598614E-01   2.2588333E-01   2.2567128E-01   2.2597604E-01   2.2700808E-01   2.2674489E-01   2.2709584E-01   2.2691496E-01
  2.2770729E-01   2.2733435E-01   2.2725538E-01   2.2720385E-01   2.2717589E-01   2.2734451E-01   2.2704952E-01   2.2719071E-01   2.2729589E-01   2.2661110E-01
  2.2637013E-01   2.2584134E-01   2.2591407E-01   2.2580188E-01   2.2588102E-01   2.2581859E-01   2.2547149E-01   2.2525873E-01   2.2543027E-01   2.2486598E-01
  2.2443871E-01   2.2466842E-01   2.2504129E-01   2.2455086E-01   2.2511606E-01   2.2487366E-01   2.2500381E-01   2.2474985E-01   2.2463094E-01   2.2455964E-01
  2.2425657E-01   2.2430109E-01   2.2448127E-01   2.2367971E-01   2.2380336E-01   2.2417584E-01   2.2376005E-01   2.2399917E-01   2.2461153E-01   2.2453355E-01
  2.2402692E-01   2.2411577E-01   2.2363576E-01   2.2329139E-01   2.2328859E-01   2.2341157E-01   2.2371669E-01   2.2343173E-01   2.2342388E-01   2.2329075E-01
  2.2313910E-01   2.2305316E-01   2.2307625E-01   2.2318389E-01   2.2274128E-01   2.2264448E-01   2.2216235E-01   2.2258026E-01   2.2250520E-01   2.2281644E-01
  2.2229478E-01   2.2185806E-01   2.2166243E-01   2.2104978E-01   2.2124066E-01   2.2117327E-01   2.2080738E-01   2.2062798E-01   2.2042119E-01   2.2022502E-01
  2.2006268E-01   2.2004187E-01   2.1993613E-01   2.2013794E-01   2.2007893E-01   2.2009199E-01   2.1976933E-01   2.2036795E-01   2.2002114E-01   2.2039442E-01
  2.2026219E-01   2.2045164E-01   2.2080002E-01   2.2088292E-01   2.2066362E-01   2.2059229E-01   2.2064021E-01   2.2032408E-01   2.1994688E-01   2.2026087E-01
  2.2050920E-01   2.2015075E-01   2.2018658E-01   2.2036744E-01   2.2070553E-01   2.2025721E-01   2.2053256E-01   2.2085211E-01   2.2095650E-01   2.2101365E-01
  2.2109856E-01   2.2120326E-01   2.2138758E-01   2.2102453E-01   2.2106953E-01   2.2144108E-01   2.2171756E-01   2.2175741E-01   2.2168780E-01   2.2174866E-01
  2.2147000E-01   2.2143294E-01   2.2095915E-01   2.2083550E-01   2.2075215E-01   2.2015629E-01   2.2045814E-01   2.2024381E-01   2.2028245E-01   2.2013665E-01
  2.2018410E-01   2.2037332E-01   2.2012856E-01   2.1987747E-01   2.2026400E-01   2.2026457E-01   2.2068982E-01   2.2098090E-01   2.2112357E-01   2.2117068E-01
  2.2159378E-01   2.2130825E-01   2.2119789E-01   2.2135967E-01   2.2129614E-01   2.2065706E-01   2.2063068E-01   2.2041290E-01   2.2032001E-01   2.2044309E-01
  2.2034886E-01   2.2075202E-01   2.2060882E-01   2.2046546E-01   2.2033525E-01   2.2044446E-01   2.2077718E-01   2.2063988E-01   2.2048497E-01   2.2087409E-01
  2.2073932E-01   2.2068518E-01   2.2095710E-01   2.2099090E-01   2.2089959E-01   2.2092605E-01   2.2032822E-01   2.2017679E-01   2.2061829E-01   2.2041732E-01
  2.2038161E-01   2.2061945E-01   2.2040771E-01   2.2052735E-01   2.2081743E-01   2.2080839E-01   2.2092755E-01   2.2050068E-01   2.2034279E-01   2.2082062E-01
  2.2123547E-01   2.2126823E-01   2.2176148E-01   2.2132911E-01   2.2126738E-01   2.2095531E-01   2.2184341E-01   2.2191168E-01   2.2160531E-01   2.2137571E-01
  2.2109845E-01   2.2088910E-01   2.2110957E-01   2.2127207E-01   2.2115860E-01   2.2139603E-01   2.2196110E-01   2.2149648E-01   2.2115220E-01   2.2096311E-01
  2.2099870E-01   2.2137332E-01   2.2160279E-01   2.2180104E-01   2.2200723E-01   2.2236957E-01   2.2257875E-01   2.2231967E-01   2.2206003E-01   2.2223263E-01
  2.2224728E-01   2.2168415E-01   2.2190745E-01   2.2203108E-01   2.2146194E-01   2.2143439E-01   2.2152421E-01   2.2191507E-01   2.2154822E-01   2.2173417E-01
  2.2158393E-01   2.2114088E-01   2.2111986E-01   2.2099735E-01   2.2090526E-01   2.2068359E-01   2.2065504E-01   2.2113165E-01   2.2104351E-01   2.2091568E-01
  2.2045962E-01   2.2022306E-01   2.2057581E-01   2.2101114E-01   2.2151585E-01   2.2077791E-01   2.2030656E-01   2.2023490E-01   2.2085470E-01   2.2113579E-01
  2.2099090E-01   2.2094854E-01   2.2069482E-01   2.2058335E-01   2.2014274E-01   2.2008821E-01   2.2000610E-01   2.2037044E-01   2.2010673E-01   2.2035632E-01
  2.1996181E-01   2.2043995E-01   2.2082827E-01   2.2046094E-01   2.2037176E-01   2.2048287E-01   2.2069658E-01   2.2052740E-01   2.2055736E-01   2.2005609E-01
  2.1971137E-01   2.2016844E-01   2.2071537E-01   2.2062557E-01   2.2093522E-01   2.2104011E-01   2.2093945E-01   2.2056583E-01   2.2070498E-01   2.2058133E-01
  2.2049956E-01   2.2045250E-01   2.2080680E-01   2.2080256E-01   2.2092784E-01   2.2097382E-01   2.2115173E-01   2.2104727E-01   2.2139590E-01   2.2193524E-01
  2.2191930E-01   2.2170820E-01   2.2179124E-01   2.2185531E-01   2.2195146E-01   2.2195283E-01   2.2215395E-01   2.2186142E-01   2.2218946E-01   2.2266990E-01
  2.2291034E-01   2.2291448E-01   2.2307110E-01   2.2303010E-01   2.2276486E-01   2.2301963E-01   2.2293711E-01   2.2258849E-01   2.2282147E-01   2.2293073E-01
  2.2307421E-01   2.2317531E-01   2.2297165E-01   2.2280470E-01   2.2244971E-01   2.2246293E-01   2.2223195E-01   2.2204973E-01   2.2208206E-01   2.2216413E-01
  2.2237642E-01   2.2267224E-01   2.2222385E-01   2.2215841E-01   2.2227345E-01   2.2216629E-01   2.2273625E-01   2.2204018E-01   2.2221737E-01   2.2210494E-01
  2.2153523E-01   2.2095495E-01   2.2090763E-01   2.2068608E-01   2.2057244E-01   2.2111019E-01   2.2142560E-01   2.2158569E-01   2.2171751E-01   2.2200726E-01
  2.2193897E-01   2.2197582E-01   2.2230515E-01   2.2215877E-01   2.2228351E-01   2.2222949E-01   2.2174236E-01   2.2180143E-01   2.2233734E-01   2.2261333E-01
  2.2246793E-01   2.2267981E-01   2.2303352E-01   2.2274058E-01   2.2232764E-01   2.2248662E-01   2.2209978E-01   2.2203857E-01   2.2219274E-01   2.2246876E-01
  2.2241431E-01   2.2213228E-01   2.2167957E-01   2.2148384E-01   2.2156001E-01   2.2161892E-01   2.2158437E-01   2.2132108E-01   2.2113147E-01   2.2087347E-01
  2.2121503E-01   2.2107394E-01   2.2090967E-01   2.2112859E-01   2.2124400E-01   2.2128961E-01   2.2158878E-01   2.2149926E-01   2.2132901E-01   2.2184299E-01
  2.2205787E-01   2.2244315E-01   2.2240682E-01   2.2238665E-01   2.2239360E-01   2.2223621E-01   2.2205624E-01   2.2280638E-01   2.2269051E-01   2.2223927E-01
  2.2223711E-01   2.2322352E-01   2.2286145E-01   2.2280654E-01   2.2272171E-01   2.2267143E-01   2.2267516E-01   2.2312415E-01   2.2340470E-01   2.2354158E-01
  2.2334242E-01   2.2362928E-01   2.2325065E-01   2.2388337E-01   2.2374354E-01   2.2355626E-01   2.2346123E-01   2.2306911E-01   2.2290981E-01   2.2280022E-01
  2.2328710E-01   2.2371122E-01   2.2342165E-01   2.2368790E-01   2.2378276E-01   2.2347434E-01   2.2377483E-01   2.2362021E-01   2.2421661E-01   2.2446103E-01
  2.2424081E-01   2.2407243E-01   2.2425379E-01   2.2441835E-01   2.2444439E-01   2.2484987E-01   2.2533104E-01   2.2541651E-01   2.2545547E-01   2.2524292E-01
  2.2502356E-01   2.2540858E-01   2.2529548E-01   2.2573270E-01   2.2560135E-01   2.2535735E-01   2.2543984E-01   2.2504404E-01   2.2512456E-01   2.2548760E-01
  2.2533239E-01   2.2580154E-01   2.2580283E-01   2.2577585E-01   2.2586148E-01   2.2559738E-01   2.2595224E-01   2.2565404E-01   2.2594551E-01   2.2595030E-01
  2.2595872E-01   2.2588683E-01   2.2624355E-01   2.2576870E-01   2.2566708E-01   2.2597334E-01   2.2592679E-01   2.2534804E-01   2.2522262E-01   2.2569719E-01
  2.2523901E-01   2.2489149E-01   2.2452642E-01   2.2434878E-01   2.2420624E-01   2.2399408E-01   2.2403516E-01   2.2444506E-01   2.2488516E-01   2.2494153E-01
  2.2485445E-01   2.2494197E-01   2.2501773E-01   2.2467984E-01   2.2460098E-01   2.2439297E-01   2.2484419E-01   2.2514410E-01   2.2569069E-01   2.2598194E-01
  2.2576940E-01   2.2548070E-01   2.2571749E-01   2.2558653E-01   2.2560666E-01   2.2496919E-01   2.2475596E-01   2.2442169E-01   2.2462887E-01   2.2474586E-01
  2.2480813E-01   2.2464675E-01   2.2427854E-01   2.2418364E-01   2.2386530E-01   2.2412341E-01   2.2425286E-01   2.2482563E-01   2.2488684E-01   2.2498492E-01
  2.2523616E-01   2.2541413E-01   2.2545295E-01   2.2526285E-01   2.2513772E-01   2.2595867E-01   2.2599426E-01   2.2603749E-01   2.2591137E-01   2.2566635E-01
  2.2553860E-01   2.2609038E-01   2.2554991E-01   2.2572682E-01   2.2569989E-01   2.2577920E-01   2.2542113E-01   2.2526627E-01   2.2551345E-01   2.2581278E-01
  2.2597085E-01   2.2593903E-01   2.2611930E-01   2.2628709E-01   2.2623028E-01   2.2614431E-01   2.2625908E-01   2.2637762E-01   2.2655595E-01   2.2686706E-01
  2.2647276E-01   2.2645783E-01   2.2688832E-01   2.2707194E-01   2.2682106E-01   2.2642427E-01   2.2651703E-01   2.2593060E-01   2.2630215E-01   2.2658736E-01
  2.2624368E-01   2.2602800E-01   2.2687592E-01   2.2665026E-01   2.2678232E-01   2.2674621E-01   2.2666408E-01   2.2683557E-01   2.2672963E-01   2.2705528E-01
  2.2706325E-01   2.2676733E-01   2.2645000E-01   2.2577147E-01   2.2535455E-01   2.2550725E-01   2.2546777E-01   2.2572666E-01   2.2572995E-01   2.2601188E-01
  2.2615082E-01   2.2664187E-01   2.2683223E-01   2.2641917E-01   2.2647201E-01   2.2654756E-01   2.2630236E-01   2.2638623E-01   2.2655328E-01   2.2658205E-01
  2.2674961E-01   2.2636409E-01   2.2626747E-01   2.2675736E-01   2.2728383E-01   2.2673061E-01   2.2671226E-01   2.2679639E-01   2.2721477E-01   2.2728311E-01
  2.2727888E-01   2.2753911E-01   2.2707461E-01   2.2695383E-01   2.2722397E-01   2.2694624E-01   2.2651259E-01   2.2692208E-01   2.2703532E-01   2.2705655E-01
  2.2690314E-01   2.2712701E-01   2.2718029E-01   2.2725110E-01   2.2801500E-01   2.2768029E-01   2.2758273E-01   2.2795078E-01   2.2814143E-01   2.2821794E-01
  2.2787658E-01   2.2794995E-01   2.2824028E-01   2.2844409E-01   2.2784582E-01   2.2841112E-01   2.2841574E-01   2.2891267E-01   2.2931070E-01   2.2972244E-01
  2.2960375E-01   2.2999416E-01   2.3029568E-01   2.3010933E-01   2.3005222E-01   2.3049027E-01   2.3027132E-01   2.3036091E-01   2.3042057E-01   2.3048018E-01
  2.3048101E-01   2.3054847E-01   2.3027754E-01   2.3040067E-01   2.3086502E-01   2.3074959E-01   2.3045369E-01   2.3072352E-01   2.3108550E-01   2.3146428E-01
  2.3144403E-01   2.3116361E-01   2.3056952E-01   2.3095376E-01   2.3086958E-01   2.3107301E-01   2.3148972E-01   2.3146780E-01   2.3176582E-01   2.3133256E-01
  2.3133438E-01   2.3108176E-01   2.3111857E-01   2.3120835E-01   2.3109724E-01   2.3155809E-01   2.3111383E-01   2.3120319E-01   2.3124289E-01   2.3138616E-01
  2.3139785E-01   2.3136056E-01   2.3117478E-01   2.3121591E-01   2.3175012E-01   2.3136328E-01   2.3138259E-01   2.3119974E-01   2.3110548E-01   2.3081133E-01
  2.3077087E-01   2.3077403E-01   2.3012732E-01   2.3039429E-01   2.3063456E-01   2.3044538E-01   2.3030781E-01   2.3020171E-01   2.3060634E-01   2.3062674E-01
  2.3023825E-01   2.3056021E-01   2.3051359E-01   2.3031937E-01   2.3029137E-01   2.3050431E-01   2.3024540E-01   2.3031675E-01   2.3009005E-01   2.2960535E-01
  2.2961038E-01   2.2980131E-01   2.2984537E-01   2.3001510E-01   2.2999701E-01   2.3000942E-01   2.2951071E-01   2.2933364E-01   2.2961284E-01   2.2975494E-01
  2.2991682E-01   2.2977825E-01   2.2939848E-01   2.2952047E-01   2.2962049E-01   2.2975538E-01   2.3006571E-01   2.3024534E-01   2.3026496E-01   2.3017602E-01
  2.3031752E-01   2.3069312E-01   2.3147462E-01   2.3229217E-01   2.3256168E-01   2.3244638E-01   2.3281321E-01   2.3225645E-01   2.3286405E-01   2.3257290E-01
  2.3231775E-01   2.3228999E-01   2.3263422E-01   2.3264837E-01   2.3255391E-01   2.3236313E-01   2.3222382E-01   2.3199827E-01   2.3149833E-01   2.3153917E-01
  2.3178059E-01   2.3176079E-01   2.3134531E-01   2.3122498E-01   2.3063736E-01   2.3086355E-01   2.3106435E-01   2.3100329E-01   2.3112186E-01   2.3148166E-01
  2.3123688E-01   2.3080176E-01   2.3073188E-01   2.3038597E-01   2.3050654E-01   2.3100437E-01   2.3069338E-01   2.3010713E-01   2.3022819E-01   2.3065797E-01
  2.3019185E-01   2.3031887E-01   2.2995482E-01   2.2931788E-01   2.2897065E-01   2.2907734E-01   2.2907387E-01   2.2859907E-01   2.2878197E-01   2.2914576E-01
  2.2883624E-01   2.2914950E-01   2.2946195E-01   2.2929010E-01   2.2956819E-01   2.2977855E-01   2.2978721E-01   2.3011856E-01   2.3021080E-01   2.3050841E-01
  2.3053580E-01   2.3041445E-01   2.3109677E-01   2.3116960E-01   2.3103281E-01   2.3121361E-01   2.3099450E-01   2.3100873E-01   2.3075623E-01   2.3101039E-01
  2.3137116E-01   2.3139456E-01   2.3097756E-01   2.3097359E-01   2.3127705E-01   2.3143668E-01   2.3132482E-01   2.3160687E-01   2.3126647E-01   2.3108345E-01
  2.3119458E-01   2.3106761E-01   2.3109231E-01   2.3152505E-01   2.3150662E-01   2.3139752E-01   2.3140287E-01   2.3174400E-01   2.3136955E-01   2.3157165E-01
  2.3093573E-01   2.3091714E-01   2.3075454E-01   2.3050973E-01   2.3046608E-01   2.3056332E-01   2.3049845E-01   2.3042306E-01   2.3058419E-01   2.3080510E-01
  2.3106578E-01   2.3113350E-01   2.3098097E-01   2.3069452E-01   2.3060891E-01   2.3086554E-01   2.3091066E-01   2.3073093E-01   2.3055052E-01   2.3064125E-01
  2.3063309E-01   2.3067241E-01   2.3075150E-01   2.3089117E-01   2.3120718E-01   2.3092056E-01   2.3051364E-01   2.3026442E-01   2.3038991E-01   2.3056039E-01
  2.3005349E-01   2.3005449E-01   2.3037931E-01   2.3036578E-01   2.3048506E-01   2.3046828E-01   2.2987605E-01   2.2996967E-01   2.3021596E-01   2.2963106E-01
  2.2974756E-01   2.2955153E-01   2.2950648E-01   2.2944220E-01   2.3004231E-01   2.3010485E-01   2.2947229E-01   2.2988642E-01   2.3002715E-01   2.2986937E-01
  2.2991322E-01   2.2996373E-01   2.2952885E-01   2.2987891E-01   2.2965636E-01   2.2965359E-01   2.2930663E-01   2.2911842E-01   2.2934167E-01   2.2929491E-01
  2.3005369E-01   2.2983111E-01   2.2992779E-01   2.2951848E-01   2.2939789E-01   2.2965392E-01   2.2998273E-01   2.2972361E-01   2.2932026E-01   2.2979113E-01
  2.3007515E-01   2.3023825E-01   2.3031104E-01   2.3062583E-01   2.3080345E-01   2.3046839E-01   2.3051003E-01   2.3041370E-01   2.3037973E-01   2.3069573E-01
  2.3083851E-01   2.3094274E-01   2.3088497E-01   2.3113122E-01   2.3109405E-01   2.3140073E-01   2.3143427E-01   2.3135104E-01   2.3152254E-01   2.3086080E-01
  2.3076892E-01   2.3116224E-01   2.3143846E-01   2.3149538E-01   2.3117989E-01   2.3151440E-01   2.3167962E-01   2.3132616E-01   2.3102991E-01   2.3166404E-01
  2.3249235E-01   2.3261103E-01   2.3227918E-01   2.3209768E-01   2.3213509E-01   2.3165179E-01   2.3154514E-01   2.3195237E-01   2.3204204E-01   2.3186316E-01
  2.3203131E-01   2.3175898E-01   2.3131474E-01   2.3143193E-01   2.3180322E-01   2.3209178E-01   2.3203178E-01   2.3217982E-01   2.3255994E-01   2.3280608E-01
  2.3268341E-01   2.3242593E-01   2.3278949E-01   2.3293880E-01   2.3252232E-01   2.3171165E-01   2.3149605E-01   2.3159461E-01   2.3198689E-01   2.3197821E-01
  2.3196248E-01   2.3159886E-01   2.3074049E-01   2.3149165E-01   2.3152588E-01   2.3125131E-01   2.3129361E-01   2.3116185E-01   2.3089029E-01   2.3102418E-01
  2.3092859E-01   2.3125681E-01   2.3088664E-01   2.3151173E-01   2.3211723E-01   2.3265003E-01   2.3303824E-01   2.3304908E-01   2.3328453E-01   2.3274238E-01
  2.3272467E-01   2.3239441E-01   2.3252428E-01   2.3271503E-01   2.3268261E-01   2.3310156E-01   2.3357008E-01   2.3336006E-01   2.3292312E-01   2.3284788E-01
  2.3295733E-01   2.3253470E-01   2.3230624E-01   2.3262383E-01   2.3278889E-01   2.3250653E-01   2.3199163E-01   2.3146202E-01   2.3193602E-01   2.3197352E-01
  2.3194144E-01   2.3193656E-01   2.3174112E-01   2.3186286E-01   2.3172430E-01   2.3192464E-01   2.3212710E-01   2.3216634E-01   2.3250163E-01   2.3229590E-01
  2.3298099E-01   2.3295088E-01   2.3279431E-01   2.3292040E-01   2.3260069E-01   2.3284928E-01   2.3255497E-01   2.3226519E-01   2.3268245E-01   2.3285731E-01
  2.3278827E-01   2.3232579E-01   2.3272644E-01   2.3199768E-01   2.3229512E-01   2.3202528E-01   2.3192430E-01   2.3162118E-01   2.3106875E-01   2.3132402E-01
  2.3163514E-01   2.3178849E-01   2.3182878E-01   2.3213076E-01   2.3229587E-01   2.3187299E-01   2.3178018E-01   2.3152901E-01   2.3197489E-01   2.3187449E-01
  2.3184166E-01   2.3194597E-01   2.3189854E-01   2.3240905E-01   2.3279341E-01   2.3295818E-01   2.3300167E-01   2.3328883E-01   2.3304044E-01   2.3300255E-01
  2.3319209E-01   2.3323130E-01   2.3385390E-01   2.3386743E-01   2.3393798E-01   2.3431533E-01   2.3445342E-01   2.3464069E-01   2.3496103E-01   2.3432243E-01
  2.3493739E-01   2.3487863E-01   2.3478077E-01   2.3497108E-01   2.3486194E-01   2.3460347E-01   2.3404507E-01   2.3479526E-01   2.3467534E-01   2.3431486E-01
  2.3409123E-01   2.3335433E-01   2.3375140E-01   2.3352035E-01   2.3360339E-01   2.3359437E-01   2.3359437E-01   2.3401759E-01   2.3387796E-01   2.3399958E-01
  2.3441581E-01   2.3459640E-01   2.3448750E-01   2.3426370E-01   2.3448664E-01   2.3433207E-01   2.3442351E-01   2.3434306E-01   2.3418102E-01   2.3395689E-01
  2.3407272E-01   2.3460177E-01   2.3433630E-01   2.3378437E-01   2.3322272E-01   2.3292846E-01   2.3328162E-01   2.3361487E-01   2.3390312E-01   2.3385245E-01
  2.3387661E-01   2.3403545E-01   2.3409596E-01   2.3386655E-01   2.3373629E-01   2.3315889E-01   2.3292351E-01   2.3283018E-01   2.3256728E-01   2.3256005E-01
  2.3256705E-01   2.3288909E-01   2.3355923E-01   2.3398621E-01   2.3393782E-01   2.3418702E-01   2.3394500E-01   2.3401101E-01   2.3411398E-01   2.3428490E-01
  2.3468040E-01   2.3429854E-01   2.3461508E-01   2.3496442E-01   2.3463211E-01   2.3491601E-01   2.3554921E-01   2.3554665E-01   2.3600012E-01   2.3638273E-01
  2.3628650E-01   2.3648132E-01   2.3628630E-01   2.3636755E-01   2.3679958E-01   2.3681808E-01   2.3637612E-01   2.3603005E-01   2.3613654E-01   2.3601907E-01
  2.3659173E-01   2.3696462E-01   2.3709158E-01   2.3731709E-01   2.3710566E-01   2.3662225E-01   2.3654080E-01   2.3719611E-01   2.3755102E-01   2.3703869E-01
  2.3733184E-01   2.3744927E-01   2.3716558E-01   2.3708866E-01   2.3684110E-01   2.3709837E-01   2.3712872E-01   2.3749343E-01   2.3720616E-01   2.3742654E-01
  2.3770579E-01   2.3789383E-01   2.3790219E-01   2.3811948E-01   2.3770878E-01   2.3774029E-01   2.3798360E-01   2.3839627E-01   2.3816281E-01   2.3825088E-01
  2.3772982E-01   2.3801485E-01   2.3822706E-01   2.3850723E-01   2.3820014E-01   2.3765663E-01   2.3731948E-01   2.3709247E-01   2.3742752E-01   2.3747500E-01
  2.3756566E-01   2.3807247E-01   2.3793379E-01   2.3775312E-01   2.3794848E-01   2.3773358E-01   2.3799925E-01   2.3816859E-01   2.3815887E-01   2.3839166E-01
  2.3841823E-01   2.3816857E-01   2.3838173E-01   2.3781713E-01   2.3821822E-01   2.3855712E-01   2.3867672E-01   2.3873848E-01   2.3871238E-01   2.3864326E-01
  2.3894857E-01   2.3870010E-01   2.3837342E-01   2.3821502E-01   2.3817590E-01   2.3792925E-01   2.3805671E-01   2.3797673E-01   2.3794262E-01   2.3828530E-01
  2.3837157E-01   2.3853654E-01   2.3915479E-01   2.3865169E-01   2.3893133E-01   2.3891174E-01   2.3937268E-01   2.3877634E-01   2.3911286E-01   2.3891866E-01
  2.3819446E-01   2.3799327E-01   2.3780941E-01   2.3821597E-01   2.3836165E-01   2.3805389E-01   2.3819220E-01   2.3850562E-01   2.3862833E-01   2.3891102E-01
  2.3862227E-01   2.3835349E-01   2.3879714E-01   2.3880468E-01   2.3855199E-01   2.3868054E-01   2.3870554E-01   2.3937768E-01   2.3976788E-01   2.3992636E-01
  2.3990286E-01   2.4005017E-01   2.4008355E-01   2.4050719E-01   2.4033689E-01   2.4042817E-01   2.4043701E-01   2.4067931E-01   2.4062408E-01   2.4039000E-01
  2.3966126E-01   2.3994295E-01   2.4012085E-01   2.3967989E-01   2.3912615E-01   2.3941842E-01   2.3930363E-01   2.3971680E-01   2.4000852E-01   2.4038196E-01
  2.4073047E-01   2.4115258E-01   2.4072870E-01   2.4008106E-01   2.4020537E-01   2.4007443E-01   2.4013489E-01   2.4009050E-01   2.3951607E-01   2.3994196E-01
  2.4035265E-01   2.4036859E-01   2.4046585E-01   2.4069208E-01   2.3985608E-01   2.3975037E-01   2.3977366E-01   2.3933875E-01   2.3909337E-01   2.3892527E-01
  2.3876163E-01   2.3935575E-01   2.3959221E-01   2.3943659E-01   2.3932017E-01   2.3910943E-01   2.3908684E-01   2.3901067E-01   2.3919657E-01   2.3980087E-01
  2.4000194E-01   2.3988031E-01   2.3985838E-01   2.3995034E-01   2.3989288E-01   2.4028948E-01   2.4051715E-01   2.4042923E-01   2.4004354E-01   2.4009060E-01
  2.3985283E-01   2.4014272E-01   2.4037732E-01   2.4048667E-01   2.4033938E-01   2.4010442E-01   2.4023545E-01   2.4021671E-01   2.3997418E-01   2.4010747E-01
  2.3982655E-01   2.3961116E-01   2.3981793E-01   2.3985211E-01   2.3980836E-01   2.3976480E-01   2.3988775E-01   2.3941313E-01   2.3950612E-01   2.3946266E-01
  2.3951610E-01   2.3917280E-01   2.3910656E-01   2.3962109E-01   2.3938576E-01   2.3958851E-01   2.3921412E-01   2.3933053E-01   2.3984543E-01   2.3972123E-01
  2.3986406E-01   2.4011432E-01   2.4042877E-01   2.4042607E-01   2.3999745E-01   2.3978670E-01   2.4009861E-01   2.3966131E-01   2.3983998E-01   2.4008197E-01
  2.4056371E-01   2.4076820E-01   2.4040635E-01   2.4052067E-01   2.4009677E-01   2.4027482E-01   2.3978978E-01   2.3950967E-01   2.4009959E-01   2.3978551E-01
  2.4062654E-01   2.4066857E-01   2.4092909E-01   2.4131619E-01   2.4152503E-01   2.4191277E-01   2.4220364E-01   2.4226149E-01   2.4183570E-01   2.4236972E-01
  2.4256093E-01   2.4235388E-01   2.4227172E-01   2.4283337E-01   2.4262899E-01   2.4259309E-01   2.4277640E-01   2.4308539E-01   2.4350301E-01   2.4339751E-01
  2.4284579E-01   2.4239364E-01   2.4275189E-01   2.4288266E-01   2.4260655E-01   2.4245923E-01   2.4284763E-01   2.4274858E-01   2.4270361E-01   2.4279437E-01
  2.4261220E-01   2.4259115E-01   2.4246419E-01   2.4258405E-01   2.4276464E-01   2.4250539E-01   2.4250169E-01   2.4244791E-01   2.4287341E-01   2.4236552E-01
  2.4262627E-01   2.4272089E-01   2.4274642E-01   2.4291685E-01   2.4282772E-01   2.4204332E-01   2.4230936E-01   2.4194211E-01   2.4208613E-01   2.4276327E-01
  2.4292615E-01   2.4213817E-01   2.4131407E-01   2.4119641E-01   2.4100023E-01   2.4043937E-01   2.4036407E-01   2.4059515E-01   2.4020334E-01   2.4066170E-01
  2.4074321E-01   2.3997356E-01   2.4026256E-01   2.4034736E-01   2.4001226E-01   2.3989394E-01   2.4035301E-01   2.4033218E-01   2.4023705E-01   2.3968710E-01
  2.4003534E-01   2.3993728E-01   2.4030333E-01   2.4033204E-01   2.4032629E-01   2.4027354E-01   2.4062926E-01   2.4073428E-01   2.3994655E-01   2.3955347E-01
  2.3940737E-01   2.3931060E-01   2.3966352E-01   2.4017322E-01   2.4018924E-01   2.4057085E-01   2.4007863E-01   2.4043369E-01   2.4005211E-01   2.3998418E-01
  2.4026287E-01   2.4023895E-01   2.4068843E-01   2.4113923E-01   2.4089242E-01   2.4076846E-01   2.4107384E-01   2.4116268E-01   2.4123966E-01   2.4153495E-01
  2.4135167E-01   2.4089905E-01   2.4098204E-01   2.4076621E-01   2.4021711E-01   2.4007339E-01   2.3970029E-01   2.3966248E-01   2.4013886E-01   2.4016706E-01
  2.4056812E-01   2.4041231E-01   2.4070112E-01   2.4119816E-01   2.4095859E-01   2.4124886E-01   2.4100236E-01   2.4106840E-01   2.4130373E-01   2.4111157E-01
  2.4123310E-01   2.4126109E-01   2.4106379E-01   2.4085544E-01   2.4121571E-01   2.4110766E-01   2.4124831E-01   2.4092384E-01   2.4117287E-01   2.4101705E-01
  2.4121032E-01   2.4097367E-01   2.4074443E-01   2.4031279E-01   2.4034583E-01   2.4057849E-01   2.4064953E-01   2.4070784E-01   2.4043612E-01   2.4075519E-01
  2.4103833E-01   2.4052033E-01   2.4120307E-01   2.4130188E-01   2.4075576E-01   2.4061754E-01   2.4061342E-01   2.4005315E-01   2.4021708E-01   2.4024815E-01
  2.4017141E-01   2.4005406E-01   2.4026150E-01   2.4055052E-01   2.4046363E-01   2.4092580E-01   2.4087816E-01   2.4080055E-01   2.4064367E-01   2.4094592E-01
  2.4116305E-01   2.4109965E-01   2.4166138E-01   2.4221764E-01   2.4233691E-01   2.4212485E-01   2.4210280E-01   2.4209453E-01   2.4217923E-01   2.4169857E-01
  2.4138160E-01   2.4160882E-01   2.4152680E-01   2.4164840E-01   2.4129432E-01   2.4186833E-01   2.4221673E-01   2.4239084E-01   2.4253465E-01   2.4240468E-01
  2.4279854E-01   2.4268259E-01   2.4228349E-01   2.4185034E-01   2.4193817E-01   2.4143919E-01   2.4105752E-01   2.4106754E-01   2.4093210E-01   2.4080912E-01
  2.4078515E-01   2.4083947E-01   2.4102371E-01   2.4076898E-01   2.4079417E-01   2.4061096E-01   2.4113052E-01   2.4063779E-01   2.4095921E-01   2.4082946E-01
  2.4131067E-01   2.4158578E-01   2.4115605E-01   2.4109028E-01   2.4112811E-01   2.4112199E-01   2.4103639E-01   2.4080172E-01   2.4161805E-01   2.4177500E-01
  2.4194517E-01   2.4153000E-01   2.4226629E-01   2.4235935E-01   2.4226711E-01   2.4218516E-01   2.4210933E-01   2.4236975E-01   2.4259644E-01   2.4258011E-01
  2.4216702E-01   2.4245081E-01   2.4281005E-01   2.4287057E-01   2.4308814E-01   2.4326714E-01   2.4327246E-01   2.4300396E-01   2.4327782E-01   2.4340186E-01
  2.4315786E-01   2.4284532E-01   2.4218190E-01   2.4237814E-01   2.4253587E-01   2.4304869E-01   2.4342078E-01   2.4347785E-01   2.4353826E-01   2.4350076E-01
  2.4353640E-01   2.4342811E-01   2.4309335E-01   2.4330014E-01   2.4365956E-01   2.4379246E-01   2.4398728E-01   2.4415573E-01   2.4405261E-01   2.4411777E-01
  2.4421296E-01   2.4377277E-01   2.4374257E-01   2.4381519E-01   2.4384427E-01   2.4370165E-01   2.4340902E-01   2.4312159E-01   2.4346119E-01   2.4321712E-01
  2.4320300E-01   2.4299129E-01   2.4308130E-01   2.4268129E-01   2.4343721E-01   2.4292390E-01   2.4245882E-01   2.4269948E-01   2.4294056E-01   2.4309288E-01
  2.4272097E-01   2.4329675E-01   2.4355509E-01   2.4321083E-01   2.4330535E-01   2.4353870E-01   2.4391520E-01   2.4380490E-01   2.4341951E-01   2.4320914E-01
  2.4353368E-01   2.4326782E-01   2.4348192E-01   2.4360904E-01   2.4293062E-01   2.4371621E-01   2.4345087E-01   2.4433676E-01   2.4429338E-01   2.4432005E-01
  2.4444308E-01   2.4478742E-01   2.4480102E-01   2.4444376E-01   2.4411287E-01   2.4412796E-01   2.4403688E-01   2.4413863E-01   2.4461506E-01   2.4453739E-01
  2.4424398E-01   2.4416852E-01   2.4394239E-01   2.4392251E-01   2.4410424E-01   2.4408239E-01   2.4401988E-01   2.4398419E-01   2.4405832E-01   2.4421159E-01
  2.4383512E-01   2.4398813E-01   2.4415379E-01   2.4378748E-01   2.4410054E-01   2.4385974E-01   2.4379652E-01   2.4324953E-01   2.4322532E-01   2.4329433E-01
  2.4353534E-01   2.4391292E-01   2.4388317E-01   2.4414526E-01   2.4419827E-01   2.4427659E-01   2.4442411E-01   2.4441161E-01   2.4473428E-01   2.4466133E-01
  2.4535953E-01   2.4501851E-01   2.4556604E-01   2.4558952E-01   2.4564055E-01   2.4582376E-01   2.4612214E-01   2.4637402E-01   2.4662387E-01   2.4633940E-01
  2.4662576E-01   2.4640233E-01   2.4625279E-01   2.4660347E-01   2.4723238E-01   2.4731751E-01   2.4709670E-01   2.4683636E-01   2.4727200E-01   2.4732835E-01
  2.4705751E-01   2.4727920E-01   2.4760643E-01   2.4751925E-01   2.4739666E-01   2.4701338E-01   2.4661384E-01   2.4722255E-01   2.4730569E-01   2.4737145E-01
  2.4742937E-01   2.4742328E-01   2.4704116E-01   2.4707902E-01   2.4721908E-01   2.4791347E-01   2.4761413E-01   2.4746076E-01   2.4800815E-01   2.4795714E-01
  2.4732158E-01   2.4765013E-01   2.4790823E-01   2.4762649E-01   2.4679155E-01   2.4709136E-01   2.4768991E-01   2.4757458E-01   2.4771832E-01   2.4726773E-01
  2.4741374E-01   2.4744606E-01   2.4802554E-01   2.4802203E-01   2.4756706E-01   2.4752168E-01   2.4741444E-01   2.4745834E-01   2.4737238E-01   2.4741952E-01
  2.4767633E-01   2.4777202E-01   2.4771847E-01   2.4750666E-01   2.4697536E-01   2.4658899E-01   2.4683398E-01   2.4730072E-01   2.4706842E-01   2.4767628E-01
  2.4791241E-01   2.4797661E-01   2.4749908E-01   2.4811547E-01   2.4758492E-01   2.4783857E-01   2.4754496E-01   2.4756538E-01   2.4797065E-01   2.4815644E-01
  2.4765557E-01   2.4752376E-01   2.4790883E-01   2.4769032E-01   2.4777267E-01   2.4819615E-01   2.4784086E-01   2.4811223E-01   2.4798560E-01   2.4815753E-01
  2.4803958E-01   2.4776619E-01   2.4757362E-01   2.4758278E-01   2.4761779E-01   2.4781968E-01   2.4755276E-01   2.4733205E-01   2.4771290E-01   2.4785900E-01
  2.4780556E-01   2.4772868E-01   2.4786112E-01   2.4785537E-01   2.4776743E-01   2.4763225E-01   2.4779132E-01   2.4766171E-01   2.4766496E-01   2.4829212E-01
  2.4798889E-01   2.4783976E-01   2.4821395E-01   2.4859366E-01   2.4907943E-01   2.4889142E-01   2.4871773E-01   2.4882482E-01   2.4871451E-01   2.4919825E-01
  2.4872730E-01   2.4918390E-01   2.4941298E-01   2.4947497E-01   2.5012525E-01   2.5022566E-01   2.5020070E-01   2.5026853E-01   2.5011699E-01   2.5053721E-01
  2.5037914E-01   2.5058658E-01   2.5079759E-01   2.5041029E-01   2.4978939E-01   2.4946621E-01   2.4974993E-01   2.4966766E-01   2.5000218E-01   2.5017372E-01
  2.4973209E-01   2.4996786E-01   2.5030715E-01   2.5019974E-01   2.5008757E-01   2.5056938E-01   2.5032876E-01   2.5037320E-01   2.5080763E-01   2.5096235E-01
  2.5118868E-01   2.5067543E-01   2.5088182E-01   2.5099410E-01   2.5139999E-01   2.5153691E-01   2.5155209E-01   2.5161585E-01   2.5109194E-01   2.5104902E-01
  2.5125985E-01   2.5150244E-01   2.5164180E-01   2.5145314E-01   2.5126107E-01   2.5176583E-01   2.5172921E-01   2.5126967E-01   2.5095476E-01   2.5084954E-01
  2.5021250E-01   2.5015514E-01   2.5052129E-01   2.5063673E-01   2.5066917E-01   2.5132775E-01   2.5127836E-01   2.5065674E-01   2.5083712E-01   2.5100970E-01
  2.5012622E-01   2.5034242E-01   2.5039897E-01   2.5029473E-01   2.4960984E-01   2.4980518E-01   2.4998077E-01   2.4986297E-01   2.5008343E-01   2.5059985E-01
  2.5005642E-01   2.5019650E-01   2.5017105E-01   2.5019555E-01   2.5003880E-01   2.5015312E-01   2.5008845E-01   2.4997496E-01   2.5057821E-01   2.5045681E-01
  2.5061066E-01   2.5024279E-01   2.4962403E-01   2.5002270E-01   2.4939707E-01   2.4960002E-01   2.4970032E-01   2.5007120E-01   2.5038127E-01   2.5147468E-01
  2.5123783E-01   2.5213722E-01   2.5219577E-01   2.5234189E-01   2.5184086E-01   2.5251597E-01   2.5284994E-01   2.5260246E-01   2.5255265E-01   2.5311587E-01
  2.5336178E-01   2.5308382E-01   2.5361024E-01   2.5367517E-01   2.5360034E-01   2.5302280E-01   2.5280671E-01   2.5306798E-01   2.5271367E-01   2.5240665E-01
  2.5266417E-01   2.5283592E-01   2.5192791E-01   2.5184607E-01   2.5218864E-01   2.5200854E-01   2.5186613E-01   2.5192245E-01   2.5201256E-01   2.5147906E-01
  2.5167642E-01   2.5183723E-01   2.5195897E-01   2.5156700E-01   2.5179841E-01   2.5202383E-01   2.5173852E-01   2.5183037E-01   2.5169796E-01   2.5155147E-01
  2.5170889E-01   2.5196690E-01   2.5212185E-01   2.5207129E-01   2.5196205E-01   2.5256366E-01   2.5260831E-01   2.5227953E-01   2.5184156E-01   2.5197457E-01
  2.5240168E-01   2.5219823E-01   2.5253772E-01   2.5249516E-01   2.5171784E-01   2.5122826E-01   2.5123546E-01   2.5172141E-01   2.5149787E-01   2.5185532E-01
  2.5233111E-01   2.5219297E-01   2.5206880E-01   2.5220339E-01   2.5169743E-01   2.5173862E-01   2.5191421E-01   2.5184912E-01   2.5206994E-01   2.5201093E-01
  2.5245947E-01   2.5274878E-01   2.5235980E-01   2.5207391E-01   2.5231146E-01   2.5229444E-01   2.5229985E-01   2.5236669E-01   2.5253764E-01   2.5237944E-01
  2.5228183E-01   2.5225792E-01   2.5216539E-01   2.5141652E-01   2.5187896E-01   2.5148531E-01   2.5164420E-01   2.5219865E-01   2.5205133E-01   2.5179587E-01
  2.5225655E-01   2.5263086E-01   2.5255428E-01   2.5255286E-01   2.5254127E-01   2.5240110E-01   2.5154691E-01   2.5196643E-01   2.5221446E-01   2.5207248E-01
  2.5236021E-01   2.5243524E-01   2.5265421E-01   2.5276819E-01   2.5269563E-01   2.5284100E-01   2.5330976E-01   2.5342304E-01   2.5312552E-01   2.5307415E-01
  2.5278484E-01   2.5237027E-01   2.5238291E-01   2.5271432E-01   2.5198859E-01   2.5184524E-01   2.5158278E-01   2.5137469E-01   2.5215565E-01   2.5169699E-01
  2.5185372E-01   2.5135992E-01   2.5181647E-01   2.5162243E-01   2.5145257E-01   2.5157345E-01   2.5188160E-01   2.5182910E-01   2.5135890E-01   2.5105664E-01
  2.5143438E-01   2.5173600E-01   2.5223405E-01   2.5283535E-01   2.5291333E-01   2.5274254E-01   2.5272152E-01   2.5254892E-01   2.5206346E-01   2.5283239E-01
  2.5248837E-01   2.5300422E-01   2.5334739E-01   2.5359275E-01   2.5373575E-01   2.5342074E-01   2.5342942E-01   2.5383292E-01   2.5354335E-01   2.5320005E-01
  2.5336725E-01   2.5361926E-01   2.5409909E-01   2.5420584E-01   2.5452045E-01   2.5434457E-01   2.5385243E-01   2.5380954E-01   2.5366858E-01   2.5325819E-01
  2.5344419E-01   2.5360487E-01   2.5361156E-01   2.5420460E-01   2.5420522E-01   2.5388486E-01   2.5404922E-01   2.5393351E-01   2.5345168E-01   2.5362563E-01
  2.5384941E-01   2.5382463E-01   2.5369175E-01   2.5373019E-01   2.5329367E-01   2.5370930E-01   2.5423025E-01   2.5375782E-01   2.5351523E-01   2.5365754E-01
  2.5387861E-01   2.5325158E-01   2.5292674E-01   2.5264144E-01   2.5234948E-01   2.5193023E-01   2.5198750E-01   2.5215844E-01   2.5241778E-01   2.5270975E-01
  2.5291147E-01   2.5302838E-01   2.5325378E-01   2.5316473E-01   2.5313070E-01   2.5278645E-01   2.5297450E-01   2.5327413E-01   2.5288047E-01   2.5245747E-01
  2.5274801E-01   2.5257480E-01   2.5160164E-01   2.5155440E-01   2.5084153E-01   2.5054011E-01   2.5065209E-01   2.5043805E-01   2.5078957E-01   2.5019267E-01
  2.5028247E-01   2.5082286E-01   2.5147677E-01   2.5140022E-01   2.5156873E-01   2.5149642E-01   2.5152874E-01   2.5162707E-01   2.5131265E-01   2.5151508E-01
  2.5187950E-01   2.5174945E-01   2.5133449E-01   2.5108504E-01   2.5074120E-01   2.5142904E-01   2.5157216E-01   2.5168435E-01   2.5162779E-01   2.5119200E-01
  2.5114804E-01   2.5102864E-01   2.5169428E-01   2.5189985E-01   2.5147849E-01   2.5174214E-01   2.5207738E-01   2.5279293E-01   2.5285458E-01   2.5348340E-01
  2.5435230E-01   2.5471291E-01   2.5465960E-01   2.5492302E-01   2.5500474E-01   2.5492226E-01   2.5463113E-01   2.5476713E-01   2.5506968E-01   2.5559890E-01
  2.5558172E-01   2.5518688E-01   2.5488142E-01   2.5451117E-01   2.5483244E-01   2.5470212E-01   2.5447201E-01   2.5369465E-01   2.5355017E-01   2.5302340E-01
  2.5283514E-01   2.5256301E-01   2.5294581E-01   2.5313231E-01   2.5299134E-01   2.5332017E-01   2.5340094E-01   2.5332137E-01   2.5324505E-01   2.5376211E-01
  2.5390616E-01   2.5370787E-01   2.5446348E-01   2.5451444E-01   2.5504726E-01   2.5528837E-01   2.5578971E-01   2.5544996E-01   2.5549070E-01   2.5574834E-01
  2.5529749E-01   2.5553365E-01   2.5588604E-01   2.5631044E-01   2.5695367E-01   2.5660008E-01   2.5656704E-01   2.5750150E-01   2.5804636E-01   2.5800602E-01
  2.5839201E-01   2.5876094E-01   2.5792424E-01   2.5716709E-01   2.5714038E-01   2.5719154E-01   2.5754587E-01   2.5791832E-01   2.5792599E-01   2.5767558E-01
  2.5747900E-01   2.5751060E-01   2.5707198E-01   2.5752727E-01   2.5797773E-01   2.5765205E-01   2.5771825E-01   2.5772309E-01   2.5735952E-01   2.5739050E-01
  2.5698705E-01   2.5649734E-01   2.5648034E-01   2.5649882E-01   2.5573241E-01   2.5545411E-01   2.5515757E-01   2.5526176E-01   2.5565629E-01   2.5595892E-01
  2.5629175E-01   2.5581806E-01   2.5578841E-01   2.5570529E-01   2.5553450E-01   2.5522314E-01   2.5526520E-01   2.5494909E-01   2.5513665E-01   2.5480465E-01
  2.5439333E-01   2.5485825E-01   2.5495261E-01   2.5504620E-01   2.5489896E-01   2.5481557E-01   2.5506217E-01   2.5548837E-01   2.5543780E-01   2.5490646E-01
  2.5507352E-01   2.5514611E-01   2.5525222E-01   2.5523809E-01   2.5596752E-01   2.5594365E-01   2.5588635E-01   2.5617743E-01   2.5627655E-01   2.5558716E-01
  2.5508129E-01   2.5515305E-01   2.5492628E-01   2.5447349E-01   2.5390351E-01   2.5385228E-01   2.5415997E-01   2.5449215E-01   2.5472306E-01   2.5504763E-01
  2.5482770E-01   2.5522692E-01   2.5545190E-01   2.5567713E-01   2.5504519E-01   2.5519349E-01   2.5538310E-01   2.5538566E-01   2.5581943E-01   2.5571406E-01
  2.5613993E-01   2.5596910E-01   2.5569620E-01   2.5533274E-01   2.5522443E-01   2.5482792E-01   2.5469257E-01   2.5466021E-01   2.5456212E-01   2.5463456E-01
  2.5425423E-01   2.5409038E-01   2.5400934E-01   2.5398182E-01   2.5432001E-01   2.5488595E-01   2.5445496E-01   2.5407418E-01   2.5427299E-01   2.5425605E-01
  2.5395307E-01   2.5446628E-01   2.5400032E-01   2.5469622E-01   2.5474108E-01   2.5486597E-01   2.5562684E-01   2.5619575E-01   2.5609027E-01   2.5649548E-01
  2.5665604E-01   2.5705961E-01   2.5724215E-01   2.5727284E-01   2.5818332E-01   2.5853751E-01   2.5789788E-01   2.5727133E-01   2.5799928E-01   2.5853162E-01
  2.5777301E-01   2.5740229E-01   2.5713068E-01   2.5723010E-01   2.5682470E-01   2.5671450E-01   2.5729437E-01   2.5711316E-01   2.5740161E-01   2.5728660E-01
  2.5734219E-01   2.5724658E-01   2.5755784E-01   2.5714958E-01   2.5685391E-01   2.5694882E-01   2.5671534E-01   2.5640202E-01   2.5690292E-01   2.5693016E-01
  2.5715566E-01   2.5729489E-01   2.5734349E-01   2.5713869E-01   2.5723240E-01   2.5761284E-01   2.5779141E-01   2.5759903E-01   2.5759610E-01   2.5689188E-01
  2.5700390E-01   2.5717067E-01   2.5690385E-01   2.5719423E-01   2.5677142E-01   2.5644925E-01   2.5608361E-01   2.5599359E-01   2.5574567E-01   2.5584354E-01
  2.5539657E-01   2.5523705E-01   2.5547075E-01   2.5500800E-01   2.5474960E-01   2.5516718E-01   2.5564045E-01   2.5530241E-01   2.5535814E-01   2.5488826E-01
  2.5449184E-01   2.5413374E-01   2.5456596E-01   2.5525159E-01   2.5560556E-01   2.5527250E-01   2.5488701E-01   2.5494287E-01   2.5467776E-01   2.5469518E-01
  2.5528324E-01   2.5539333E-01   2.5509744E-01   2.5515043E-01   2.5530071E-01   2.5555070E-01   2.5551151E-01   2.5552556E-01   2.5525402E-01   2.5563478E-01
  2.5605471E-01   2.5617460E-01   2.5625326E-01   2.5598126E-01   2.5556091E-01   2.5567311E-01   2.5589226E-01   2.5567922E-01   2.5619098E-01   2.5635732E-01
  2.5645634E-01   2.5631157E-01   2.5624899E-01   2.5637763E-01   2.5568821E-01   2.5567907E-01   2.5597201E-01   2.5621669E-01   2.5566492E-01   2.5529236E-01
  2.5541126E-01   2.5521713E-01   2.5534761E-01   2.5519841E-01   2.5528635E-01   2.5590374E-01   2.5644821E-01   2.5646943E-01   2.5659332E-01   2.5603820E-01
  2.5551566E-01   2.5576483E-01   2.5554218E-01   2.5525141E-01   2.5536202E-01   2.5530092E-01   2.5470039E-01   2.5541894E-01   2.5547209E-01   2.5572168E-01
  2.5559261E-01   2.5514500E-01   2.5545647E-01   2.5511952E-01   2.5495083E-01   2.5546776E-01   2.5514030E-01   2.5525626E-01   2.5490078E-01   2.5511094E-01
  2.5531403E-01   2.5555316E-01   2.5564038E-01   2.5634566E-01   2.5623266E-01   2.5670704E-01   2.5663655E-01   2.5688468E-01   2.5672500E-01   2.5679754E-01
  2.5675405E-01   2.5680571E-01   2.5669797E-01   2.5695328E-01   2.5714239E-01   2.5752161E-01   2.5715773E-01   2.5686708E-01   2.5739320E-01   2.5731409E-01
  2.5739600E-01   2.5763909E-01   2.5790648E-01   2.5733923E-01   2.5720667E-01   2.5717969E-01   2.5703064E-01   2.5687561E-01   2.5725153E-01   2.5804277E-01
  2.5730085E-01   2.5722230E-01   2.5755375E-01   2.5781533E-01   2.5782878E-01   2.5854062E-01   2.5807717E-01   2.5800491E-01   2.5797954E-01   2.5760789E-01
  2.5719667E-01   2.5737308E-01   2.5758343E-01   2.5746413E-01   2.5767595E-01   2.5762013E-01   2.5803804E-01   2.5789695E-01   2.5827541E-01   2.5875352E-01
  2.5773740E-01   2.5745327E-01   2.5709162E-01   2.5732692E-01   2.5755491E-01   2.5791806E-01   2.5799574E-01   2.5798221E-01   2.5779999E-01   2.5811294E-01
  2.5807673E-01   2.5763853E-01   2.5809993E-01   2.5820683E-01   2.5778200E-01   2.5760284E-01   2.5726249E-01   2.5798729E-01   2.5818859E-01   2.5805890E-01
  2.5814538E-01   2.5843669E-01   2.5815342E-01   2.5839815E-01   2.5786996E-01   2.5728543E-01   2.5668501E-01   2.5674320E-01   2.5674682E-01   2.5751189E-01
  2.5747763E-01   2.5715260E-01   2.5690927E-01   2.5691266E-01   2.5688825E-01   2.5724958E-01   2.5701224E-01   2.5679580E-01   2.5695473E-01   2.5757417E-01
  2.5783799E-01   2.5783899E-01   2.5710284E-01   2.5707333E-01   2.5685360E-01   2.5692376E-01   2.5700117E-01   2.5673951E-01   2.5712164E-01   2.5698547E-01
  2.5706159E-01   2.5722683E-01   2.5688408E-01   2.5676968E-01   2.5754792E-01   2.5774258E-01   2.5752193E-01   2.5801723E-01   2.5777386E-01   2.5719166E-01
  2.5716857E-01   2.5772607E-01   2.5798249E-01   2.5774992E-01   2.5827837E-01   2.5833318E-01   2.5844481E-01   2.5841256E-01   2.5918367E-01   2.5986596E-01
  2.5960770E-01   2.5978855E-01   2.5917796E-01   2.5935174E-01   2.5952150E-01   2.5928921E-01   2.5909959E-01   2.5932961E-01   2.5978554E-01   2.5985298E-01
  2.5947234E-01   2.5891955E-01   2.5902218E-01   2.5886391E-01   2.5952157E-01   2.5875492E-01   2.5904020E-01   2.5925769E-01   2.5927047E-01   2.5927599E-01
  2.5878815E-01   2.5886025E-01   2.5857148E-01   2.5920611E-01   2.5870571E-01   2.5890400E-01   2.5882923E-01   2.5921687E-01   2.5920565E-01   2.5935402E-01
  2.5945994E-01   2.5939254E-01   2.5934482E-01   2.5942649E-01   2.6038120E-01   2.6052448E-01   2.6064726E-01   2.6080149E-01   2.6058825E-01   2.6038308E-01
  2.6068406E-01   2.6096660E-01   2.6087475E-01   2.6050658E-01   2.6049946E-01   2.6035431E-01   2.6016513E-01   2.6069103E-01   2.6090563E-01   2.6028123E-01
  2.5999749E-01   2.5963590E-01   2.5985544E-01   2.5950597E-01   2.5969701E-01   2.5999257E-01   2.5994312E-01   2.5976281E-01   2.5936968E-01   2.5899647E-01
  2.5977071E-01   2.5912515E-01   2.5919297E-01   2.5911463E-01   2.5931984E-01   2.5980339E-01   2.5951549E-01   2.5881119E-01   2.5854608E-01   2.5790469E-01
  2.5788904E-01   2.5790383E-01   2.5904877E-01   2.5914293E-01   2.5911481E-01   2.5845141E-01   2.5768497E-01   2.5767100E-01   2.5778171E-01   2.5796384E-01
  2.5768499E-01   2.5771465E-01   2.5809440E-01   2.5842163E-01   2.5876872E-01   2.5846313E-01   2.5859316E-01   2.5849013E-01   2.5822601E-01   2.5829114E-01
  2.5826074E-01   2.5820960E-01   2.5792988E-01   2.5778340E-01   2.5830399E-01   2.5745221E-01   2.5783440E-01   2.5764168E-01   2.5757860E-01   2.5763334E-01
  2.5785579E-01   2.5746063E-01   2.5735927E-01   2.5727662E-01   2.5743746E-01   2.5835713E-01   2.5832554E-01   2.5764018E-01   2.5792403E-01   2.5789552E-01
  2.5822073E-01   2.5787504E-01   2.5750358E-01   2.5719039E-01   2.5694245E-01   2.5670479E-01   2.5647941E-01   2.5615830E-01   2.5567554E-01   2.5555972E-01
  2.5566899E-01   2.5595633E-01   2.5637201E-01   2.5661088E-01   2.5674315E-01   2.5623639E-01   2.5624206E-01   2.5691655E-01   2.5695856E-01   2.5653436E-01
  2.5616841E-01   2.5653996E-01   2.5662753E-01   2.5682046E-01   2.5635436E-01   2.5633791E-01   2.5659940E-01   2.5658308E-01   2.5725674E-01   2.5708703E-01
  2.5750311E-01   2.5729678E-01   2.5709883E-01   2.5743002E-01   2.5768183E-01   2.5762261E-01   2.5738850E-01   2.5727825E-01   2.5691248E-01   2.5745599E-01
  2.5770839E-01   2.5775354E-01   2.5816725E-01   2.5886686E-01   2.5855666E-01   2.5873274E-01   2.5851133E-01   2.5807841E-01   2.5782173E-01   2.5761513E-01
  2.5775754E-01   2.5805607E-01   2.5802775E-01   2.5782287E-01   2.5763689E-01   2.5765908E-01   2.5798481E-01   2.5833001E-01   2.5872240E-01   2.5840782E-01
  2.5849764E-01   2.5852852E-01   2.5866061E-01   2.5879800E-01   2.5896317E-01   2.5914782E-01   2.5927438E-01   2.5876853E-01   2.5863898E-01   2.5840285E-01
  2.5917190E-01   2.6011637E-01   2.5970504E-01   2.5929493E-01   2.5961265E-01   2.5969887E-01   2.5946819E-01   2.5898545E-01   2.5858151E-01   2.5864444E-01
  2.5815653E-01   2.5785291E-01   2.5789632E-01   2.5852704E-01   2.5834590E-01   2.5854300E-01   2.5850483E-01   2.5811503E-01   2.5785208E-01   2.5727540E-01
  2.5700203E-01   2.5705464E-01   2.5647013E-01   2.5646604E-01   2.5627407E-01   2.5639336E-01   2.5652272E-01   2.5638010E-01   2.5619251E-01   2.5611256E-01
  2.5641535E-01   2.5667636E-01   2.5674532E-01   2.5674638E-01   2.5613790E-01   2.5669593E-01   2.5606030E-01   2.5623206E-01   2.5656986E-01   2.5671274E-01
  2.5690997E-01   2.5751260E-01   2.5699890E-01   2.5753008E-01   2.5727025E-01   2.5722100E-01   2.5779641E-01   2.5751747E-01   2.5770423E-01   2.5701950E-01
  2.5751387E-01   2.5745653E-01   2.5777676E-01   2.5726280E-01   2.5738952E-01   2.5705749E-01   2.5718774E-01   2.5669874E-01   2.5719656E-01   2.5728714E-01
  2.5754162E-01   2.5739970E-01   2.5735030E-01   2.5704210E-01   2.5711207E-01   2.5720198E-01   2.5673535E-01   2.5692049E-01   2.5723704E-01   2.5744044E-01
  2.5749466E-01   2.5741305E-01   2.5701328E-01   2.5682237E-01   2.5690787E-01   2.5660949E-01   2.5657087E-01   2.5728841E-01   2.5760392E-01   2.5752752E-01
  2.5727830E-01   2.5709323E-01   2.5643395E-01   2.5569783E-01   2.5601534E-01   2.5631951E-01   2.5696888E-01   2.5775269E-01   2.5781826E-01   2.5834688E-01
  2.5890014E-01   2.5884844E-01   2.5859756E-01   2.5817851E-01   2.5824527E-01   2.5833554E-01   2.5852098E-01   2.5892758E-01   2.5964478E-01   2.6018658E-01
  2.5968674E-01   2.5937248E-01   2.5915957E-01   2.5888680E-01   2.5961094E-01   2.5920326E-01   2.5932878E-01   2.5906116E-01   2.5973047E-01   2.6058602E-01
  2.6061981E-01   2.6079091E-01   2.6062994E-01   2.6019765E-01   2.6000120E-01   2.6044391E-01   2.6055303E-01   2.6027796E-01   2.6040923E-01   2.6044883E-01
  2.6034315E-01   2.6027120E-01   2.6103054E-01   2.6102808E-01   2.6136103E-01   2.6159896E-01   2.6190185E-01   2.6172663E-01   2.6216374E-01   2.6162749E-01
  2.6257347E-01   2.6257082E-01   2.6235727E-01   2.6246800E-01   2.6269558E-01   2.6243993E-01   2.6245173E-01   2.6249929E-01   2.6222900E-01   2.6270072E-01
  2.6260412E-01   2.6293327E-01   2.6243081E-01   2.6242581E-01   2.6271183E-01   2.6207173E-01   2.6222366E-01   2.6194404E-01   2.6190164E-01   2.6101737E-01
  2.6125789E-01   2.6106680E-01   2.6117643E-01   2.6127805E-01   2.6171662E-01   2.6209941E-01   2.6265800E-01   2.6310311E-01   2.6314814E-01   2.6314525E-01
  2.6317709E-01   2.6351642E-01   2.6402855E-01   2.6387810E-01   2.6412643E-01   2.6426571E-01   2.6481212E-01   2.6486375E-01   2.6468849E-01   2.6472120E-01
  2.6513733E-01   2.6490615E-01   2.6475892E-01   2.6514459E-01   2.6460523E-01   2.6430705E-01   2.6419613E-01   2.6390051E-01   2.6387126E-01   2.6387610E-01
  2.6338137E-01   2.6333446E-01   2.6319026E-01   2.6325435E-01   2.6298894E-01   2.6302546E-01   2.6278583E-01   2.6299627E-01   2.6283028E-01   2.6297416E-01
  2.6216180E-01   2.6139310E-01   2.6174080E-01   2.6187586E-01   2.6147836E-01   2.6065765E-01   2.6059242E-01   2.6086496E-01   2.6095041E-01   2.6098413E-01
  2.6097868E-01   2.6125086E-01   2.6151292E-01   2.6141938E-01   2.6140751E-01   2.6153243E-01   2.6086148E-01   2.6052830E-01   2.6055528E-01   2.6070316E-01
  2.6067214E-01   2.6078298E-01   2.6028170E-01   2.6015787E-01   2.6081020E-01   2.6061794E-01   2.6067470E-01   2.6033335E-01   2.6059674E-01   2.6092962E-01
  2.6109601E-01   2.6095539E-01   2.6096126E-01   2.6114258E-01   2.6168875E-01   2.6172198E-01   2.6102762E-01   2.6104037E-01   2.6111350E-01   2.6112732E-01
  2.6068650E-01   2.6104446E-01   2.6174425E-01   2.6200674E-01   2.6177073E-01   2.6132017E-01   2.6135396E-01   2.6115591E-01   2.6071576E-01   2.6049121E-01
  2.5998987E-01   2.5988475E-01   2.6008364E-01   2.5972663E-01   2.5997093E-01   2.6018972E-01   2.5990261E-01   2.5962476E-01   2.5965775E-01   2.5936475E-01
  2.5933363E-01   2.5975312E-01   2.5964808E-01   2.5912025E-01   2.5949901E-01   2.5950766E-01   2.5886051E-01   2.5905470E-01   2.5941705E-01   2.5953611E-01
  2.5927996E-01   2.5848850E-01   2.5881951E-01   2.5915656E-01   2.5898328E-01   2.5864755E-01   2.5850291E-01   2.5882506E-01   2.5897937E-01   2.5887572E-01
  2.5926401E-01   2.5903288E-01   2.5845952E-01   2.5894116E-01   2.5881679E-01   2.5852138E-01   2.5837350E-01   2.5903981E-01   2.5912414E-01   2.5957883E-01
  2.5938051E-01   2.5891626E-01   2.5941037E-01   2.5886585E-01   2.5858325E-01   2.5824934E-01   2.5784788E-01   2.5747916E-01   2.5766864E-01   2.5846644E-01
  2.5841993E-01   2.5785164E-01   2.5767883E-01   2.5832789E-01   2.5851844E-01   2.5840658E-01   2.5834780E-01   2.5861448E-01   2.5881075E-01   2.5916836E-01
  2.5905834E-01   2.5942371E-01   2.5963769E-01   2.5952580E-01   2.5995227E-01   2.6059785E-01   2.6060688E-01   2.6023391E-01   2.6011783E-01   2.6064075E-01
  2.6081248E-01   2.6102982E-01   2.6054250E-01   2.6067590E-01   2.6058635E-01   2.6052820E-01   2.6036533E-01   2.6062769E-01   2.6084606E-01   2.6102562E-01
  2.6115165E-01   2.6148373E-01   2.6151281E-01   2.6220287E-01   2.6246277E-01   2.6243859E-01   2.6260752E-01   2.6293384E-01   2.6251211E-01   2.6206344E-01
  2.6248291E-01   2.6326086E-01   2.6296012E-01   2.6360454E-01   2.6371972E-01   2.6411620E-01   2.6415435E-01   2.6418788E-01   2.6388152E-01   2.6433092E-01
  2.6381748E-01   2.6364941E-01   2.6312280E-01   2.6312041E-01   2.6297626E-01   2.6278227E-01   2.6309927E-01   2.6309421E-01   2.6292243E-01   2.6241404E-01
  2.6223486E-01   2.6222618E-01   2.6174782E-01   2.6102513E-01   2.6048463E-01   2.6061403E-01   2.6037739E-01   2.6057691E-01   2.6066083E-01   2.6096383E-01
  2.6071301E-01   2.6036885E-01   2.6069491E-01   2.6016489E-01   2.5990287E-01   2.6000123E-01   2.5992739E-01   2.6010033E-01   2.6007879E-01   2.6035914E-01
  2.6033721E-01   2.6029082E-01   2.6034750E-01   2.6038112E-01   2.5992360E-01   2.5998666E-01   2.6036772E-01   2.6058920E-01   2.6075914E-01   2.6091664E-01
  2.6121582E-01   2.6144680E-01   2.6158651E-01   2.6146551E-01   2.6163739E-01   2.6185906E-01   2.6182488E-01   2.6190112E-01   2.6185807E-01   2.6188467E-01
  2.6207020E-01   2.6264036E-01   2.6233401E-01   2.6152491E-01   2.6112608E-01   2.6133842E-01   2.6107440E-01   2.6116197E-01   2.6055743E-01   2.6094391E-01
  2.6048865E-01   2.6017315E-01   2.6023600E-01   2.5998256E-01   2.6033345E-01   2.5967203E-01   2.5936911E-01   2.5948729E-01   2.5991139E-01   2.6042639E-01
  2.6023072E-01   2.6057191E-01   2.6038210E-01   2.6039931E-01   2.6085146E-01   2.6120463E-01   2.6114722E-01   2.6072893E-01   2.6033845E-01   2.6026459E-01
  2.5999970E-01   2.6014908E-01   2.5937561E-01   2.5935428E-01   2.5958767E-01   2.5928081E-01   2.5902908E-01   2.5938541E-01   2.5988918E-01   2.5950903E-01
  2.5973752E-01   2.5989027E-01   2.5983051E-01   2.5967317E-01   2.6000843E-01   2.5990655E-01   2.5957095E-01   2.5957865E-01   2.5993659E-01   2.6086885E-01
  2.6044959E-01   2.6075707E-01   2.6114673E-01   2.6093535E-01   2.6109487E-01   2.6065895E-01   2.6066447E-01   2.6050386E-01   2.6026881E-01   2.6045597E-01
  2.6003196E-01   2.6029372E-01   2.6014916E-01   2.5957753E-01   2.5982965E-01   2.5961566E-01   2.5888733E-01   2.5898645E-01   2.5866707E-01   2.5925144E-01
  2.5834961E-01   2.5806004E-01   2.5840896E-01   2.5779983E-01   2.5807587E-01   2.5836329E-01   2.5805633E-01   2.5765975E-01   2.5790505E-01   2.5859911E-01
  2.5859813E-01   2.5916452E-01   2.5847282E-01   2.5915371E-01   2.5917983E-01   2.5968519E-01   2.5960407E-01   2.5949214E-01   2.5882943E-01   2.5856713E-01
  2.5823374E-01   2.5836674E-01   2.5884400E-01   2.5870252E-01   2.5816169E-01   2.5842412E-01   2.5829876E-01   2.5894946E-01   2.5941462E-01   2.6017694E-01
  2.6031355E-01   2.5947749E-01   2.5906857E-01   2.5921817E-01   2.5917089E-01   2.5906292E-01   2.5969076E-01   2.5938622E-01   2.5946707E-01   2.5966635E-01
  2.5969592E-01   2.6004722E-01   2.6036095E-01   2.6074081E-01   2.6057236E-01   2.6048439E-01   2.5952030E-01   2.5947524E-01   2.5927301E-01   2.5938735E-01
  2.6014887E-01   2.6029450E-01   2.6036909E-01   2.6063095E-01   2.6086032E-01   2.6136008E-01   2.6073517E-01   2.6068292E-01   2.6033760E-01   2.5988561E-01
  2.5954695E-01   2.5930108E-01   2.6026278E-01   2.6032425E-01   2.6028310E-01   2.5973803E-01   2.5961088E-01   2.5972468E-01   2.5888746E-01   2.5920718E-01
  2.5974568E-01   2.5988501E-01   2.5971399E-01   2.5982830E-01   2.6013166E-01   2.5983615E-01   2.5971154E-01   2.6003608E-01   2.6018303E-01   2.6026874E-01
  2.6070191E-01   2.6026986E-01   2.6022491E-01   2.6077980E-01   2.6060569E-01   2.6092641E-01   2.6093810E-01   2.6119927E-01   2.6156363E-01   2.6108653E-01
  2.6097275E-01   2.6132698E-01   2.6069515E-01   2.6098133E-01   2.6133522E-01   2.6072773E-01   2.6053363E-01   2.6058923E-01   2.6051798E-01   2.6070419E-01
  2.6057611E-01   2.6067820E-01   2.6064663E-01   2.6108922E-01   2.6086504E-01   2.6017290E-01   2.5976934E-01   2.6015501E-01   2.6020236E-01   2.6038498E-01
  2.5994423E-01   2.6005298E-01   2.5965557E-01   2.5918691E-01   2.5982211E-01   2.5981893E-01   2.5974708E-01   2.6007304E-01   2.6017466E-01   2.6023484E-01
  2.6090215E-01   2.6015646E-01   2.5994473E-01   2.6066468E-01   2.6086221E-01   2.6078781E-01   2.6042683E-01   2.6013071E-01   2.5952943E-01   2.5931504E-01
  2.5915955E-01   2.5883823E-01   2.5901816E-01   2.5924860E-01   2.5928682E-01   2.5871838E-01   2.5929030E-01   2.5977785E-01   2.5990541E-01   2.5980407E-01
  2.5974223E-01   2.6005461E-01   2.6054162E-01   2.6061077E-01   2.6080691E-01   2.6113862E-01   2.6126769E-01   2.6174536E-01   2.6157130E-01   2.6157965E-01
  2.6141192E-01   2.6143392E-01   2.6190439E-01   2.6191449E-01   2.6179541E-01   2.6242156E-01   2.6230844E-01   2.6219116E-01   2.6226603E-01   2.6234036E-01
  2.6229192E-01   2.6226038E-01   2.6207394E-01   2.6222625E-01   2.6212173E-01   2.6199548E-01   2.6159999E-01   2.6205530E-01   2.6171009E-01   2.6182389E-01
  2.6125439E-01   2.6135963E-01   2.6069215E-01   2.6056728E-01   2.6099880E-01   2.6110622E-01   2.6064383E-01   2.6084179E-01   2.6101266E-01   2.6088821E-01
  2.6146282E-01   2.6107377E-01   2.6151799E-01   2.6102715E-01   2.6095769E-01   2.6134899E-01   2.6163153E-01   2.6210172E-01   2.6218999E-01   2.6202850E-01
  2.6180127E-01   2.6135876E-01   2.6150920E-01   2.6116156E-01   2.6093905E-01   2.6082808E-01   2.6117879E-01   2.6073406E-01   2.6058892E-01   2.6040441E-01
  2.6027053E-01   2.6002341E-01   2.6012508E-01   2.6039358E-01   2.6063451E-01   2.6031801E-01   2.5993474E-01   2.5998352E-01   2.5933054E-01   2.5959430E-01
  2.5966456E-01   2.5932383E-01   2.5898439E-01   2.5873469E-01   2.5796381E-01   2.5802656E-01   2.5781961E-01   2.5795232E-01   2.5804866E-01   2.5847860E-01
  2.5856345E-01   2.5839071E-01   2.5850239E-01   2.5859714E-01   2.5871143E-01   2.5797780E-01   2.5754810E-01   2.5717816E-01   2.5714882E-01   2.5691464E-01
  2.5716455E-01   2.5738715E-01   2.5790912E-01   2.5777988E-01   2.5822230E-01   2.5855197E-01   2.5874147E-01   2.5853399E-01   2.5869353E-01   2.5883833E-01
  2.5886176E-01   2.5930011E-01   2.5918898E-01   2.5914969E-01   2.5963375E-01   2.5964642E-01   2.5999347E-01   2.6006477E-01   2.6026566E-01   2.5973922E-01
  2.6022719E-01   2.6005899E-01   2.6040216E-01   2.6078332E-01   2.6109912E-01   2.6064438E-01   2.6038537E-01   2.6013257E-01   2.6025075E-01   2.6002331E-01
  2.6059679E-01   2.6096280E-01   2.6088606E-01   2.6085913E-01   2.6007304E-01   2.5966358E-01   2.5948063E-01   2.5984204E-01   2.5943084E-01   2.5934677E-01
  2.5970056E-01   2.5938572E-01   2.5926534E-01   2.5920355E-01   2.5892250E-01   2.5886116E-01   2.5831058E-01   2.5835663E-01   2.5898852E-01   2.5923486E-01
  2.5957162E-01   2.5963079E-01   2.5928306E-01   2.5953705E-01   2.5989489E-01   2.5964914E-01   2.5973244E-01   2.6018422E-01   2.6000861E-01   2.5994561E-01
  2.5999993E-01   2.6036642E-01   2.6044373E-01   2.5979578E-01   2.5895322E-01   2.5951352E-01   2.5941638E-01   2.5913992E-01   2.5956569E-01   2.5944396E-01
  2.5967999E-01   2.6037909E-01   2.6055183E-01   2.6061924E-01   2.6062534E-01   2.6068105E-01   2.6072547E-01   2.6001882E-01   2.6030788E-01   2.6028714E-01
  2.6001392E-01   2.5926174E-01   2.5964217E-01   2.5981755E-01   2.5953962E-01   2.5984381E-01   2.5958066E-01   2.5942564E-01   2.5963634E-01   2.6038666E-01
  2.6050560E-01   2.6061852E-01   2.6031728E-01   2.6039363E-01   2.6046951E-01   2.5992005E-01   2.6008421E-01   2.6022388E-01   2.5986319E-01   2.6015333E-01
  2.5988649E-01   2.6022732E-01   2.6075712E-01   2.6117627E-01   2.6115720E-01   2.6123689E-01   2.6150063E-01   2.6071918E-01   2.6059073E-01   2.6053877E-01
  2.6030075E-01   2.6020833E-01   2.5990671E-01   2.5944124E-01   2.5961936E-01   2.5932100E-01   2.5979249E-01   2.5956820E-01   2.5939021E-01   2.5992282E-01
  2.6034727E-01   2.6043271E-01   2.6121567E-01   2.6124089E-01   2.6146336E-01   2.6105895E-01   2.6103259E-01   2.6155829E-01   2.6132268E-01   2.6094310E-01
  2.6072384E-01   2.6055445E-01   2.6009699E-01   2.5919837E-01   2.5939819E-01   2.5941050E-01   2.5957913E-01   2.5912137E-01   2.5960412E-01   2.5971302E-01
  2.5970098E-01   2.6002250E-01   2.5977445E-01   2.6034823E-01   2.6079050E-01   2.6046184E-01   2.6000003E-01   2.5974451E-01   2.6058371E-01   2.6099579E-01
  2.6094445E-01   2.6085366E-01   2.6065773E-01   2.6091293E-01   2.6086206E-01   2.6102585E-01   2.6077381E-01   2.6068198E-01   2.6124263E-01   2.6062891E-01
  2.6049676E-01   2.6013962E-01   2.5968597E-01   2.6021910E-01   2.6007724E-01   2.5968045E-01   2.5964432E-01   2.5966524E-01   2.6009468E-01   2.5962074E-01
  2.5997500E-01   2.5967254E-01   2.5898986E-01   2.5923846E-01   2.5970616E-01   2.5964033E-01   2.6006083E-01   2.6088279E-01   2.6115352E-01   2.6099491E-01
  2.6120940E-01   2.6095803E-01   2.6054836E-01   2.6080810E-01   2.6098576E-01   2.6045851E-01   2.6026084E-01   2.6033905E-01   2.5980099E-01   2.5921806E-01
  2.5945832E-01   2.5908594E-01   2.5893463E-01   2.5902379E-01   2.5864408E-01   2.5874725E-01   2.5844934E-01   2.5843521E-01   2.5840352E-01   2.5831620E-01
  2.5868622E-01   2.5893923E-01   2.5921928E-01   2.5957826E-01   2.5911204E-01   2.5910102E-01   2.5906090E-01   2.5939357E-01   2.5916688E-01   2.5942086E-01
  2.5928895E-01   2.5971048E-01   2.5926505E-01   2.5948949E-01   2.5971966E-01   2.5942558E-01   2.5919876E-01   2.5971267E-01   2.5943024E-01   2.5984183E-01
  2.6002439E-01   2.6002849E-01   2.5967729E-01   2.5978070E-01   2.5997551E-01   2.6000356E-01   2.5986150E-01   2.5956742E-01   2.6009108E-01   2.5985912E-01
  2.6025057E-01   2.6021944E-01   2.6012593E-01   2.5999993E-01   2.5977777E-01   2.6025239E-01   2.6015069E-01   2.5969361E-01   2.5983694E-01   2.5977499E-01
  2.5937134E-01   2.5938616E-01   2.5917092E-01   2.5945588E-01   2.5918544E-01   2.5851844E-01   2.5817125E-01   2.5817851E-01   2.5816169E-01   2.5858346E-01
  2.5901744E-01   2.5960389E-01   2.5913858E-01   2.5880323E-01   2.5895586E-01   2.5898310E-01   2.5903237E-01   2.5836428E-01   2.5837853E-01   2.5861964E-01
  2.5847598E-01   2.5823915E-01   2.5760906E-01   2.5760599E-01   2.5738096E-01   2.5776049E-01   2.5722023E-01   2.5689111E-01   2.5675641E-01   2.5677456E-01
  2.5645300E-01   2.5635970E-01   2.5610937E-01   2.5662206E-01   2.5769279E-01   2.5798661E-01   2.5773734E-01   2.5796808E-01   2.5883667E-01   2.5918303E-01
  2.5944870E-01   2.5886282E-01   2.5873240E-01   2.5836089E-01   2.5847577E-01   2.5836013E-01   2.5820043E-01   2.5755342E-01   2.5719855E-01   2.5789463E-01
  2.5816191E-01   2.5814165E-01   2.5915760E-01   2.5937548E-01   2.5910081E-01   2.5900173E-01   2.5914329E-01   2.5938601E-01   2.5919824E-01   2.5915858E-01
  2.5986477E-01   2.5987110E-01   2.6000568E-01   2.5999410E-01   2.6059796E-01   2.6066302E-01   2.6067574E-01   2.5943608E-01   2.5941013E-01   2.5869615E-01
  2.5895407E-01   2.5884043E-01   2.5816593E-01   2.5853460E-01   2.5846823E-01   2.5858167E-01   2.5843659E-01   2.5822469E-01   2.5867287E-01   2.5905144E-01
  2.5917071E-01   2.5933780E-01   2.5923475E-01   2.5898818E-01   2.5866551E-01   2.5854515E-01   2.5827930E-01   2.5910110E-01   2.5843928E-01   2.5799275E-01
  2.5834248E-01   2.5857600E-01   2.5861627E-01   2.5846121E-01   2.5869081E-01   2.5858307E-01   2.5889233E-01   2.5854642E-01   2.5839906E-01   2.5787618E-01
  2.5781732E-01   2.5804664E-01   2.5827966E-01   2.5896835E-01   2.5895423E-01   2.5898732E-01   2.5857151E-01   2.5853539E-01   2.5873790E-01   2.5942569E-01
  2.5937839E-01   2.5939437E-01   2.5951429E-01   2.5902540E-01   2.5871278E-01   2.5940835E-01   2.5953941E-01   2.5977269E-01   2.5992005E-01   2.6037570E-01
  2.6086893E-01   2.6097892E-01   2.6042631E-01   2.6037948E-01   2.6085093E-01   2.6025283E-01   2.5969325E-01   2.6028186E-01   2.6016222E-01   2.6027996E-01
  2.6019184E-01   2.6007944E-01   2.6010173E-01   2.6006926E-01   2.5977684E-01   2.6050743E-01   2.6107981E-01   2.6148383E-01   2.6184722E-01   2.6249545E-01
  2.6230548E-01   2.6236167E-01   2.6290893E-01   2.6214492E-01   2.6216604E-01   2.6213051E-01   2.6139225E-01   2.6088152E-01   2.6030746E-01   2.6037580E-01
  2.6015221E-01   2.6077225E-01   2.6076303E-01   2.6070990E-01   2.6034633E-01   2.6025572E-01   2.6030933E-01   2.6009543E-01   2.6003613E-01   2.6031446E-01
  2.6015440E-01   2.6080374E-01   2.6068795E-01   2.6063422E-01   2.6036272E-01   2.6066343E-01   2.6087639E-01   2.6100489E-01   2.6100880E-01   2.6058231E-01
  2.6075123E-01   2.6049362E-01   2.6055388E-01   2.6011233E-01   2.6062582E-01   2.6011051E-01   2.5975872E-01   2.5949330E-01   2.5991824E-01   2.6000278E-01
  2.5955301E-01   2.5973026E-01   2.5984497E-01   2.5982299E-01   2.6063593E-01   2.6021709E-01   2.5995528E-01   2.5959295E-01   2.5979212E-01   2.6007905E-01
  2.5969364E-01   2.5971836E-01   2.5950235E-01   2.5954718E-01   2.5970207E-01   2.5935835E-01   2.5919435E-01   2.5921542E-01   2.5929680E-01   2.5918502E-01
  2.5895848E-01   2.5861860E-01   2.5864408E-01   2.5877713E-01   2.5890890E-01   2.5875169E-01   2.5946443E-01   2.5891657E-01   2.5901806E-01   2.5919974E-01
  2.5943706E-01   2.5914747E-01   2.5863967E-01   2.5824429E-01   2.5844283E-01   2.5900108E-01   2.5905289E-01   2.5885002E-01   2.5948474E-01   2.5988242E-01
  2.5940619E-01   2.5929154E-01   2.5914150E-01   2.5962460E-01   2.5959261E-01   2.5927433E-01   2.5905551E-01   2.5863394E-01   2.5868736E-01   2.5895729E-01
  2.5907313E-01   2.5907430E-01   2.5889223E-01   2.5885893E-01   2.5943064E-01   2.6011228E-01   2.6019527E-01   2.6063671E-01   2.6023118E-01   2.6072827E-01
  2.6096010E-01   2.6086242E-01   2.6115725E-01   2.6191698E-01   2.6247493E-01   2.6221177E-01   2.6237885E-01   2.6236634E-01   2.6325664E-01   2.6303688E-01
  2.6335722E-01   2.6326524E-01   2.6385174E-01   2.6411493E-01   2.6440686E-01   2.6435254E-01   2.6385762E-01   2.6379840E-01   2.6329528E-01   2.6342670E-01
  2.6309932E-01   2.6361059E-01   2.6342885E-01   2.6299130E-01   2.6323684E-01   2.6283792E-01   2.6245833E-01   2.6213531E-01   2.6229696E-01   2.6208065E-01
  2.6219118E-01   2.6170309E-01   2.6116899E-01   2.6081307E-01   2.6047599E-01   2.6031174E-01   2.5985746E-01   2.6017492E-01   2.5981952E-01   2.5990632E-01
  2.5962613E-01   2.5986866E-01   2.6017505E-01   2.6012194E-01   2.6007876E-01   2.5985360E-01   2.5973363E-01   2.5979422E-01   2.5978715E-01   2.5950261E-01
  2.5894153E-01   2.5824434E-01   2.5769865E-01   2.5787292E-01   2.5797614E-01   2.5746102E-01   2.5786584E-01   2.5751498E-01   2.5739351E-01   2.5757835E-01
  2.5774844E-01   2.5759031E-01   2.5740058E-01   2.5741639E-01   2.5754282E-01   2.5716513E-01   2.5749658E-01   2.5771625E-01   2.5799825E-01   2.5768028E-01
  2.5773800E-01   2.5769974E-01   2.5731477E-01   2.5748159E-01   2.5803653E-01   2.5831286E-01   2.5835329E-01   2.5849083E-01   2.5801191E-01   2.5831501E-01
  2.5765807E-01   2.5807585E-01   2.5836023E-01   2.5849158E-01   2.5816096E-01   2.5862052E-01   2.5777488E-01   2.5746498E-01   2.5784941E-01   2.5799735E-01
  2.5776767E-01   2.5796205E-01   2.5817037E-01   2.5801269E-01   2.5819419E-01   2.5798630E-01   2.5864192E-01   2.5845494E-01   2.5864416E-01   2.5823374E-01
  2.5844234E-01   2.5890113E-01   2.5887228E-01   2.5846194E-01   2.5834323E-01   2.5810438E-01   2.5847606E-01   2.5867347E-01   2.5910691E-01   2.5859953E-01
  2.5873699E-01   2.5898662E-01   2.5918139E-01   2.5956149E-01   2.5971580E-01   2.5967560E-01   2.5988530E-01   2.5975270E-01   2.6007436E-01   2.5999169E-01
  2.6050689E-01   2.6010116E-01   2.5982393E-01   2.6012897E-01   2.6000785E-01   2.5940031E-01   2.5905834E-01   2.5895677E-01   2.5858776E-01   2.5877428E-01
  2.5865017E-01   2.5860385E-01   2.5797440E-01   2.5765817E-01   2.5745316E-01   2.5735431E-01   2.5750078E-01   2.5735351E-01   2.5706151E-01   2.5684775E-01
  2.5715120E-01   2.5697653E-01   2.5656227E-01   2.5731034E-01   2.5730608E-01   2.5781572E-01   2.5780312E-01   2.5767362E-01   2.5785221E-01   2.5754309E-01
  2.5737376E-01   2.5695300E-01   2.5638844E-01   2.5607705E-01   2.5604828E-01   2.5683035E-01   2.5688465E-01   2.5709282E-01   2.5649994E-01   2.5597838E-01
  2.5615596E-01   2.5601006E-01   2.5647583E-01   2.5627892E-01   2.5655488E-01   2.5630146E-01   2.5587088E-01   2.5626241E-01   2.5587477E-01   2.5632025E-01
  2.5682014E-01   2.5684300E-01   2.5702411E-01   2.5676142E-01   2.5657803E-01   2.5644766E-01   2.5652539E-01   2.5649134E-01   2.5669854E-01   2.5628223E-01
  2.5636978E-01   2.5641034E-01   2.5677015E-01   2.5604422E-01   2.5597476E-01   2.5606378E-01   2.5636533E-01   2.5600762E-01   2.5628488E-01   2.5668319E-01
  2.5683748E-01   2.5768435E-01   2.5720608E-01   2.5770212E-01   2.5719630E-01   2.5715960E-01   2.5754369E-01   2.5792638E-01   2.5762528E-01   2.5712065E-01
  2.5702797E-01   2.5686514E-01   2.5653484E-01   2.5611769E-01   2.5612313E-01   2.5593383E-01   2.5604483E-01   2.5674177E-01   2.5693495E-01   2.5680058E-01
  2.5700104E-01   2.5690927E-01   2.5696281E-01   2.5710860E-01   2.5725119E-01   2.5714960E-01   2.5721592E-01   2.5734315E-01   2.5721833E-01   2.5750189E-01
  2.5757228E-01   2.5747545E-01   2.5782992E-01   2.5807546E-01   2.5821785E-01   2.5807092E-01   2.5785511E-01   2.5764948E-01   2.5741393E-01   2.5705920E-01
  2.5711902E-01   2.5702579E-01   2.5700141E-01   2.5752304E-01   2.5745594E-01   2.5786841E-01   2.5757050E-01   2.5794706E-01   2.5793722E-01   2.5796536E-01
  2.5790016E-01   2.5780937E-01   2.5804148E-01   2.5782614E-01   2.5797057E-01   2.5781163E-01   2.5800608E-01   2.5824783E-01   2.5807787E-01   2.5769057E-01
  2.5719702E-01   2.5688768E-01   2.5734595E-01   2.5728598E-01   2.5696699E-01   2.5719850E-01   2.5753644E-01   2.5726145E-01   2.5685208E-01   2.5717341E-01
  2.5743917E-01   2.5774107E-01   2.5832522E-01   2.5845157E-01   2.5827440E-01   2.5838094E-01   2.5815632E-01   2.5818885E-01   2.5755813E-01   2.5710644E-01
  2.5700317E-01   2.5735644E-01   2.5731624E-01   2.5765998E-01   2.5725679E-01   2.5686036E-01   2.5747732E-01   2.5729476E-01   2.5717375E-01   2.5671235E-01
  2.5671894E-01   2.5714390E-01   2.5742636E-01   2.5718259E-01   2.5690608E-01   2.5669001E-01   2.5652585E-01   2.5619653E-01   2.5608143E-01   2.5625305E-01
  2.5660161E-01   2.5625531E-01   2.5618196E-01   2.5625396E-01   2.5621547E-01   2.5616574E-01   2.5639168E-01   2.5646376E-01   2.5672094E-01   2.5756523E-01
  2.5824037E-01   2.5828121E-01   2.5770632E-01   2.5788637E-01   2.5797728E-01   2.5776420E-01   2.5751601E-01   2.5810337E-01   2.5799312E-01   2.5786954E-01
  2.5780188E-01   2.5718161E-01   2.5747875E-01   2.5768898E-01   2.5767172E-01   2.5783150E-01   2.5781269E-01   2.5773906E-01   2.5724653E-01   2.5680672E-01
  2.5650642E-01   2.5688696E-01   2.5695950E-01   2.5712391E-01   2.5752021E-01   2.5766991E-01   2.5784058E-01   2.5793629E-01   2.5807696E-01   2.5842806E-01
  2.5754556E-01   2.5733270E-01   2.5704829E-01   2.5698679E-01   2.5717484E-01   2.5732501E-01   2.5756870E-01   2.5747291E-01   2.5756572E-01   2.5790591E-01
  2.5789666E-01   2.5812089E-01   2.5816464E-01   2.5832027E-01   2.5841235E-01   2.5940049E-01   2.5890237E-01   2.5833805E-01   2.5803682E-01   2.5768787E-01
  2.5774509E-01   2.5799299E-01   2.5833240E-01   2.5932155E-01   2.5924097E-01   2.5878123E-01   2.5873334E-01   2.5820543E-01   2.5819286E-01   2.5851011E-01
  2.5854481E-01   2.5834416E-01   2.5800473E-01   2.5797508E-01   2.5841111E-01   2.5851374E-01   2.5801795E-01   2.5807699E-01   2.5767108E-01   2.5816444E-01
  2.5868358E-01   2.5872896E-01   2.5869700E-01   2.5861783E-01   2.5842086E-01   2.5835127E-01   2.5865379E-01   2.5877682E-01   2.5870722E-01   2.5861982E-01
  2.5837866E-01   2.5838403E-01   2.5845473E-01   2.5824698E-01   2.5887506E-01   2.5847349E-01   2.5905178E-01   2.5874992E-01   2.5884069E-01   2.5865107E-01
  2.5902545E-01   2.5981309E-01   2.5964818E-01   2.5949385E-01   2.5917714E-01   2.5874448E-01   2.5861469E-01   2.5850438E-01   2.5879683E-01   2.5849171E-01
  2.5843187E-01   2.5846300E-01   2.5877219E-01   2.5865258E-01   2.5873430E-01   2.5855687E-01   2.5861124E-01   2.5867891E-01   2.5854500E-01   2.5872248E-01
  2.5850877E-01   2.5827979E-01   2.5835028E-01   2.5792068E-01   2.5820567E-01   2.5818263E-01   2.5814499E-01   2.5867964E-01   2.5951080E-01   2.5987586E-01
  2.5917548E-01   2.5852701E-01   2.5906805E-01   2.5916312E-01   2.5820046E-01   2.5870698E-01   2.5882135E-01   2.5847225E-01   2.5847787E-01   2.5890351E-01
  2.5929877E-01   2.5976291E-01   2.5951538E-01   2.6012703E-01   2.6001366E-01   2.5991694E-01   2.6039487E-01   2.6100536E-01   2.6056396E-01   2.6007291E-01
  2.5976103E-01   2.6010121E-01   2.5982934E-01   2.6004557E-01   2.5993324E-01   2.5936449E-01   2.5981278E-01   2.5982242E-01   2.6013788E-01   2.5994221E-01
  2.6015580E-01   2.5969131E-01   2.5997782E-01   2.5992326E-01   2.5999497E-01   2.5980135E-01   2.5974636E-01   2.5965017E-01   2.5953251E-01   2.6022624E-01
  2.5981146E-01   2.5982520E-01   2.6011409E-01   2.6051034E-01   2.6067375E-01   2.6012723E-01   2.6002600E-01   2.5932417E-01   2.5930778E-01   2.5976735E-01
  2.5948527E-01   2.5967508E-01   2.5970649E-01   2.5947876E-01   2.5949988E-01   2.5917398E-01   2.5972870E-01   2.5964961E-01   2.6002665E-01   2.5996333E-01
  2.6056580E-01   2.5962900E-01   2.6035812E-01   2.6059900E-01   2.6055191E-01   2.6047439E-01   2.6045796E-01   2.6061683E-01   2.6048408E-01   2.6032910E-01
  2.6038213E-01   2.5928602E-01   2.5912756E-01   2.5955081E-01   2.5971961E-01   2.5955776E-01   2.5950282E-01   2.5941501E-01   2.5948957E-01   2.6018308E-01
  2.6016787E-01   2.6019371E-01   2.6006278E-01   2.6037837E-01   2.6059234E-01   2.6095927E-01   2.6094053E-01   2.6087890E-01   2.6101937E-01   2.6128227E-01
  2.6066247E-01   2.6010095E-01   2.6014258E-01   2.6054452E-01   2.6093538E-01   2.6051358E-01   2.6090598E-01   2.6050142E-01   2.6100937E-01   2.6089300E-01
  2.6105387E-01   2.6009012E-01   2.6014406E-01   2.6009600E-01   2.5992907E-01   2.6046911E-01   2.6113278E-01   2.6081945E-01   2.6070651E-01   2.6047115E-01
  2.6020006E-01   2.5942437E-01   2.5970514E-01   2.6008796E-01   2.6003852E-01   2.6015315E-01   2.6021883E-01   2.5921298E-01   2.5879059E-01   2.5897175E-01
  2.5899396E-01   2.5902921E-01   2.5861287E-01   2.5851343E-01   2.5862705E-01   2.5819027E-01   2.5830340E-01   2.5844117E-01   2.5902542E-01   2.5900601E-01
  2.5888682E-01   2.5871550E-01   2.5882531E-01   2.5927192E-01   2.5959080E-01   2.5971414E-01   2.6045119E-01   2.6026706E-01   2.6011424E-01   2.6010461E-01
  2.6041742E-01   2.6004767E-01   2.6002328E-01   2.6006154E-01   2.5975973E-01   2.5976235E-01   2.5967859E-01   2.6022124E-01   2.5978987E-01   2.6035103E-01
  2.6026068E-01   2.6003647E-01   2.5969678E-01   2.6010430E-01   2.6006982E-01   2.5971585E-01   2.5954858E-01   2.5945536E-01   2.5950859E-01   2.5966578E-01
  2.5965897E-01   2.5942820E-01   2.5935135E-01   2.5968848E-01   2.5887005E-01   2.5828850E-01   2.5884486E-01   2.5874231E-01   2.5810575E-01   2.5851183E-01
  2.5897675E-01   2.5930885E-01   2.5958922E-01   2.5990152E-01   2.6008883E-01   2.5998396E-01   2.6020680E-01   2.6053444E-01   2.6028457E-01   2.6019475E-01
  2.6127844E-01   2.6131833E-01   2.6129257E-01   2.6118636E-01   2.6139352E-01   2.6096866E-01   2.6099262E-01   2.6051816E-01   2.6027825E-01   2.6015789E-01
  2.6024205E-01   2.5952943E-01   2.5945147E-01   2.5909737E-01   2.5912421E-01   2.5921568E-01   2.5936255E-01   2.5979718E-01   2.5999915E-01   2.6053804E-01
  2.5996437E-01   2.5959256E-01   2.5921151E-01   2.5930758E-01   2.5908658E-01   2.5877618E-01   2.5813745E-01   2.5855842E-01   2.5802762E-01   2.5831573E-01
  2.5875728E-01   2.5893466E-01   2.5843360E-01   2.5879963E-01   2.5804026E-01   2.5752462E-01   2.5710696E-01   2.5709805E-01   2.5753537E-01   2.5809607E-01
  2.5753148E-01   2.5774302E-01   2.5795528E-01   2.5762434E-01   2.5773340E-01   2.5798444E-01   2.5864139E-01   2.5849451E-01   2.5845164E-01   2.5775836E-01
  2.5694768E-01   2.5676398E-01   2.5643056E-01   2.5668822E-01   2.5664266E-01   2.5680343E-01   2.5688509E-01   2.5626899E-01   2.5676523E-01   2.5649428E-01
  2.5584603E-01   2.5635716E-01   2.5595296E-01   2.5576338E-01   2.5566714E-01   2.5602164E-01   2.5577960E-01   2.5586057E-01   2.5590628E-01   2.5581547E-01
  2.5611505E-01   2.5600179E-01   2.5644562E-01   2.5681060E-01   2.5731938E-01   2.5745094E-01   2.5746696E-01   2.5753169E-01   2.5765231E-01   2.5802526E-01
  2.5901868E-01   2.5919964E-01   2.5871662E-01   2.5901200E-01   2.5827038E-01   2.5833048E-01   2.5764908E-01   2.5741986E-01   2.5734447E-01   2.5758560E-01
  2.5734408E-01   2.5735251E-01   2.5753449E-01   2.5770389E-01   2.5793105E-01   2.5851691E-01   2.5811874E-01   2.5818967E-01   2.5839424E-01   2.5782906E-01
  2.5781650E-01   2.5691207E-01   2.5674594E-01   2.5671067E-01   2.5662312E-01   2.5657629E-01   2.5679876E-01   2.5653174E-01   2.5617328E-01   2.5631502E-01
  2.5614744E-01   2.5616275E-01   2.5576584E-01   2.5573347E-01   2.5547987E-01   2.5538545E-01   2.5565354E-01   2.5618367E-01   2.5591678E-01   2.5603481E-01
  2.5586064E-01   2.5587298E-01   2.5622698E-01   2.5606503E-01   2.5612199E-01   2.5628482E-01   2.5615511E-01   2.5611559E-01   2.5656242E-01   2.5734084E-01
  2.5747678E-01   2.5724541E-01   2.5679687E-01   2.5689637E-01   2.5652510E-01   2.5613888E-01   2.5606199E-01   2.5607531E-01   2.5610926E-01   2.5596379E-01
  2.5623691E-01   2.5664520E-01   2.5674024E-01   2.5665422E-01   2.5581448E-01   2.5583978E-01   2.5571960E-01   2.5552118E-01   2.5615172E-01   2.5643670E-01
  2.5635885E-01   2.5617877E-01   2.5597924E-01   2.5562988E-01   2.5576205E-01   2.5576338E-01   2.5607236E-01   2.5606678E-01   2.5550908E-01   2.5536226E-01
  2.5505475E-01   2.5524146E-01   2.5523967E-01   2.5524768E-01   2.5502015E-01   2.5521733E-01   2.5556498E-01   2.5537817E-01   2.5518765E-01   2.5487895E-01
  2.5564853E-01   2.5516262E-01   2.5493193E-01   2.5535095E-01   2.5562224E-01   2.5556355E-01   2.5600253E-01   2.5591321E-01   2.5525240E-01   2.5546940E-01
  2.5599596E-01   2.5671567E-01   2.5707063E-01   2.5735676E-01   2.5774162E-01   2.5742696E-01   2.5732438E-01   2.5680874E-01   2.5651131E-01   2.5639642E-01
  2.5642504E-01   2.5627277E-01   2.5666915E-01   2.5683266E-01   2.5677919E-01   2.5722266E-01   2.5673765E-01   2.5669606E-01   2.5607609E-01   2.5600697E-01
  2.5606961E-01   2.5649797E-01   2.5686348E-01   2.5619183E-01   2.5644279E-01   2.5670289E-01   2.5670323E-01   2.5649177E-01   2.5634713E-01   2.5652368E-01
  2.5679619E-01   2.5668047E-01   2.5710196E-01   2.5705741E-01   2.5716373E-01   2.5797944E-01   2.5734638E-01   2.5738876E-01   2.5771096E-01   2.5758254E-01
  2.5774900E-01   2.5787514E-01   2.5779825E-01   2.5850423E-01   2.5846522E-01   2.5796897E-01   2.5817532E-01   2.5823790E-01   2.5857452E-01   2.5768818E-01
  2.5733863E-01   2.5723593E-01   2.5760758E-01   2.5732770E-01   2.5773958E-01   2.5774633E-01   2.5744741E-01   2.5731179E-01   2.5670408E-01   2.5726501E-01
  2.5714823E-01   2.5700649E-01   2.5684132E-01   2.5692586E-01   2.5705117E-01   2.5747315E-01   2.5739897E-01   2.5763728E-01   2.5738931E-01   2.5733923E-01
  2.5700151E-01   2.5691871E-01   2.5673905E-01   2.5666101E-01   2.5661635E-01   2.5664893E-01   2.5690753E-01   2.5664212E-01   2.5621351E-01   2.5622322E-01
  2.5549316E-01   2.5558367E-01   2.5539823E-01   2.5536842E-01   2.5503607E-01   2.5526753E-01   2.5569972E-01   2.5592675E-01   2.5612640E-01   2.5590846E-01
  2.5594783E-01   2.5592860E-01   2.5565794E-01   2.5567414E-01   2.5540375E-01   2.5544636E-01   2.5483964E-01   2.5480613E-01   2.5441867E-01   2.5403313E-01
  2.5441364E-01   2.5445791E-01   2.5423157E-01   2.5428359E-01   2.5430933E-01   2.5447825E-01   2.5381893E-01   2.5366915E-01   2.5350626E-01   2.5395416E-01
  2.5409895E-01   2.5445765E-01   2.5372920E-01   2.5406999E-01   2.5458332E-01   2.5487614E-01   2.5467061E-01   2.5538167E-01   2.5538859E-01   2.5493185E-01
  2.5570387E-01   2.5579645E-01   2.5602799E-01   2.5507328E-01   2.5500530E-01   2.5526325E-01   2.5506421E-01   2.5511643E-01   2.5506764E-01   2.5539986E-01
  2.5569299E-01   2.5528855E-01   2.5559175E-01   2.5547479E-01   2.5545268E-01   2.5552362E-01   2.5614941E-01   2.5552100E-01   2.5574277E-01   2.5524226E-01
  2.5516770E-01   2.5450259E-01   2.5429701E-01   2.5429922E-01   2.5424083E-01   2.5386755E-01   2.5318484E-01   2.5361592E-01   2.5416694E-01   2.5364207E-01
  2.5366322E-01   2.5425042E-01   2.5424267E-01   2.5420934E-01   2.5384201E-01   2.5440626E-01   2.5447437E-01   2.5421955E-01   2.5394431E-01   2.5411010E-01
  2.5519172E-01   2.5486885E-01   2.5454610E-01   2.5427890E-01   2.5364302E-01   2.5430451E-01   2.5409776E-01   2.5462943E-01   2.5491594E-01   2.5504806E-01
  2.5468082E-01   2.5506128E-01   2.5583630E-01   2.5585168E-01   2.5564112E-01   2.5566933E-01   2.5597735E-01   2.5598385E-01   2.5618885E-01   2.5598865E-01
  2.5621438E-01   2.5620436E-01   2.5609042E-01   2.5561754E-01   2.5550208E-01   2.5532880E-01   2.5512092E-01   2.5557574E-01   2.5552510E-01   2.5574704E-01
  2.5568526E-01   2.5614122E-01   2.5664056E-01   2.5671901E-01   2.5654384E-01   2.5714118E-01   2.5717306E-01   2.5716346E-01   2.5725272E-01   2.5764601E-01
  2.5758399E-01   2.5749150E-01   2.5777295E-01   2.5813349E-01   2.5852613E-01   2.5839730E-01   2.5820427E-01   2.5767309E-01   2.5747338E-01   2.5736982E-01
  2.5777938E-01   2.5778309E-01   2.5762391E-01   2.5729246E-01   2.5740042E-01   2.5715587E-01   2.5669214E-01   2.5650450E-01   2.5663631E-01   2.5603208E-01
  2.5566943E-01   2.5577659E-01   2.5558198E-01   2.5548246E-01   2.5595615E-01   2.5538151E-01   2.5547935E-01   2.5518592E-01   2.5472216E-01   2.5458539E-01
  2.5506170E-01   2.5479582E-01   2.5450767E-01   2.5403502E-01   2.5399666E-01   2.5369585E-01   2.5416388E-01   2.5393058E-01   2.5346759E-01   2.5346850E-01
  2.5311706E-01   2.5314558E-01   2.5364373E-01   2.5398254E-01   2.5437852E-01   2.5445931E-01   2.5418921E-01   2.5459729E-01   2.5426911E-01   2.5500792E-01
  2.5527676E-01   2.5503296E-01   2.5510154E-01   2.5492011E-01   2.5507836E-01   2.5513059E-01   2.5528805E-01   2.5496824E-01   2.5543988E-01   2.5569086E-01
  2.5580463E-01   2.5593650E-01   2.5602304E-01   2.5607930E-01   2.5546131E-01   2.5502230E-01   2.5440698E-01   2.5465998E-01   2.5469456E-01   2.5386303E-01
  2.5425081E-01   2.5370159E-01   2.5354382E-01   2.5335685E-01   2.5351546E-01   2.5280494E-01   2.5235461E-01   2.5187144E-01   2.5210635E-01   2.5184690E-01
  2.5191887E-01   2.5241604E-01   2.5305395E-01   2.5340866E-01   2.5290859E-01   2.5246909E-01   2.5195223E-01   2.5213818E-01   2.5204620E-01   2.5229604E-01
  2.5209453E-01   2.5225020E-01   2.5241407E-01   2.5246466E-01   2.5309939E-01   2.5291709E-01   2.5324629E-01   2.5359549E-01   2.5365824E-01   2.5347970E-01
  2.5335690E-01   2.5394773E-01   2.5405685E-01   2.5381281E-01   2.5442987E-01   2.5444332E-01   2.5431036E-01   2.5374444E-01   2.5345749E-01   2.5422528E-01
  2.5329387E-01   2.5244304E-01   2.5208124E-01   2.5199395E-01   2.5233820E-01   2.5221083E-01   2.5173408E-01   2.5156967E-01   2.5107620E-01   2.5106674E-01
  2.5112039E-01   2.5140335E-01   2.5074791E-01   2.5068177E-01   2.5118440E-01   2.5102637E-01   2.5139415E-01   2.5152779E-01   2.5212382E-01   2.5161266E-01
  2.5121092E-01   2.5177413E-01   2.5184560E-01   2.5193245E-01   2.5201777E-01   2.5244773E-01   2.5234256E-01   2.5290426E-01   2.5316962E-01   2.5308078E-01
  2.5301101E-01   2.5251437E-01   2.5233637E-01   2.5226478E-01   2.5224021E-01   2.5241554E-01   2.5240264E-01   2.5291411E-01   2.5311878E-01   2.5318085E-01
  2.5318709E-01   2.5327052E-01   2.5424024E-01   2.5447473E-01   2.5422740E-01   2.5345482E-01   2.5307902E-01   2.5271460E-01   2.5315672E-01   2.5334615E-01
  2.5297219E-01   2.5274687E-01   2.5298909E-01   2.5312544E-01   2.5342136E-01   2.5326366E-01   2.5297926E-01   2.5330349E-01   2.5313508E-01   2.5304339E-01
  2.5242796E-01   2.5219157E-01   2.5214516E-01   2.5158024E-01   2.5159143E-01   2.5161222E-01   2.5128994E-01   2.5129852E-01   2.5159688E-01   2.5130891E-01
  2.5133177E-01   2.5149482E-01   2.5187994E-01   2.5194108E-01   2.5186025E-01   2.5188782E-01   2.5166414E-01   2.5185462E-01   2.5163274E-01   2.5186424E-01
  2.5208837E-01   2.5201295E-01   2.5169088E-01   2.5189174E-01   2.5169555E-01   2.5167774E-01   2.5164775E-01   2.5225924E-01   2.5205384E-01   2.5152032E-01
  2.5196080E-01   2.5190275E-01   2.5183949E-01   2.5206261E-01   2.5222734E-01   2.5220652E-01   2.5270690E-01   2.5287894E-01   2.5347493E-01   2.5306839E-01
  2.5303134E-01   2.5304572E-01   2.5297009E-01   2.5254837E-01   2.5241220E-01   2.5228936E-01   2.5179615E-01   2.5176892E-01   2.5234917E-01   2.5250516E-01
  2.5252341E-01   2.5233209E-01   2.5291971E-01   2.5279064E-01   2.5272860E-01   2.5314845E-01   2.5325489E-01   2.5319355E-01   2.5292292E-01   2.5381317E-01
  2.5358062E-01   2.5358726E-01   2.5350725E-01   2.5290559E-01   2.5251717E-01   2.5267137E-01   2.5301394E-01   2.5286736E-01   2.5244266E-01   2.5276431E-01
  2.5254041E-01   2.5280207E-01   2.5313205E-01   2.5302861E-01   2.5326599E-01   2.5268427E-01   2.5247946E-01   2.5224965E-01   2.5191149E-01   2.5192654E-01
  2.5211887E-01   2.5205079E-01   2.5232030E-01   2.5243024E-01   2.5237273E-01   2.5241424E-01   2.5245543E-01   2.5254627E-01   2.5251444E-01   2.5305048E-01
  2.5322317E-01   2.5375737E-01   2.5375377E-01   2.5341094E-01   2.5318258E-01   2.5340565E-01   2.5309403E-01   2.5275353E-01   2.5231950E-01   2.5195207E-01
  2.5159871E-01   2.5126840E-01   2.5105886E-01   2.5154300E-01   2.5212766E-01   2.5219476E-01   2.5251022E-01   2.5226134E-01   2.5245084E-01   2.5241490E-01
  2.5229552E-01   2.5227290E-01   2.5227577E-01   2.5219494E-01   2.5210138E-01   2.5254808E-01   2.5235194E-01   2.5271053E-01   2.5248135E-01   2.5286057E-01
  2.5327964E-01   2.5372461E-01   2.5360091E-01   2.5313557E-01   2.5313653E-01   2.5314389E-01   2.5291527E-01   2.5276625E-01   2.5363707E-01   2.5374481E-01
  2.5419215E-01   2.5387522E-01   2.5434540E-01   2.5519966E-01   2.5490382E-01   2.5497783E-01   2.5511112E-01   2.5477314E-01   2.5478065E-01   2.5470560E-01
  2.5480118E-01   2.5493924E-01   2.5523876E-01   2.5475963E-01   2.5440403E-01   2.5459900E-01   2.5476213E-01   2.5447778E-01   2.5410041E-01   2.5389701E-01
  2.5365974E-01   2.5390311E-01   2.5358352E-01   2.5349250E-01   2.5351173E-01   2.5285067E-01   2.5294635E-01   2.5325570E-01   2.5305775E-01   2.5325595E-01
  2.5303245E-01   2.5228350E-01   2.5206807E-01   2.5180188E-01   2.5204514E-01   2.5194157E-01   2.5179304E-01   2.5205553E-01   2.5149645E-01   2.5152327E-01
  2.5171140E-01   2.5176728E-01   2.5213789E-01   2.5216296E-01   2.5221580E-01   2.5236213E-01   2.5194919E-01   2.5207528E-01   2.5241132E-01   2.5242327E-01
  2.5230872E-01   2.5296460E-01   2.5328061E-01   2.5284800E-01   2.5301560E-01   2.5346225E-01   2.5355532E-01   2.5329050E-01   2.5262016E-01   2.5263138E-01
  2.5270608E-01   2.5295416E-01   2.5330818E-01   2.5315848E-01   2.5371647E-01   2.5371000E-01   2.5355120E-01   2.5351860E-01   2.5342973E-01   2.5292010E-01
  2.5269648E-01   2.5271160E-01   2.5303045E-01   2.5328368E-01   2.5342781E-01   2.5290950E-01   2.5328595E-01   2.5297170E-01   2.5312090E-01   2.5334806E-01
  2.5313573E-01   2.5221914E-01   2.5205180E-01   2.5171431E-01   2.5219797E-01   2.5231076E-01   2.5254396E-01   2.5250698E-01   2.5281765E-01   2.5279564E-01
  2.5323882E-01   2.5282892E-01   2.5290579E-01   2.5231232E-01   2.5197846E-01   2.5144252E-01   2.5259802E-01   2.5283608E-01   2.5317160E-01   2.5301830E-01
  2.5290615E-01   2.5301672E-01   2.5314060E-01   2.5339653E-01   2.5305979E-01   2.5255485E-01   2.5305953E-01   2.5317911E-01   2.5327948E-01   2.5354408E-01
  2.5330670E-01   2.5302900E-01   2.5297600E-01   2.5338331E-01   2.5381192E-01   2.5360428E-01   2.5370857E-01   2.5392371E-01   2.5363401E-01   2.5417103E-01
  2.5365601E-01   2.5390207E-01   2.5398993E-01   2.5372285E-01   2.5373296E-01   2.5404508E-01   2.5424259E-01   2.5423101E-01   2.5423728E-01   2.5400426E-01
  2.5385884E-01
 -1.3167092E+05  -9.9064564E+04  -8.2374693E+04  -6.8601488E+04  -6.8361302E+04  -6.9301705E+04  -7.3315963E+04  -7.9004835E+04  -8.8863548E+04  -1.0595205E+05
 -1.2732317E+05  -1.6801748E+05  -2.6336619E+05  -5.0238289E+05  -2.4934620E+08   4.6358598E+05   2.3205719E+05   1.5021373E+05   1.1433479E+05   9.1746523E+04
  7.4309998E+04   6.2791737E+04   5.3701460E+04   4.7192010E+04   4.2578776E+04   3.8784143E+04   3.5640079E+04   3.3005528E+04   3.0640234E+04   2.8798296E+04
  2.7175768E+04   2.6013797E+04   2.4662788E+04   2.2865450E+04   2.1676570E+04   2.0757787E+04   1.9778427E+04   1.8636924E+04   1.8054294E+04   1.7320567E+04
  1.6788829E+04   1.5966646E+04   1.5322930E+04   1.4867650E+04   1.4199500E+04   1.3667417E+04   1.3292182E+04   1.2917837E+04   1.2610384E+04   1.2209281E+04
  1.1870599E+04   1.1383438E+04   1.1147560E+04   1.0771484E+04   1.0449238E+04   1.0205538E+04   9.7984447E+03   9.6204962E+03   9.4318607E+03   9.2437059E+03
  8.9760768E+03   8.7754915E+03   8.5089108E+03   8.3025051E+03   8.1043150E+03   7.9840865E+03   7.8663934E+03   7.6878464E+03   7.5684150E+03   7.4186133E+03
  7.3416763E+03   7.1695824E+03   7.0004940E+03   6.8925520E+03   6.7831684E+03   6.5943119E+03   6.4844745E+03   6.4281368E+03   6.3279071E+03   6.1677951E+03
  5.9701737E+03   5.9135972E+03   5.7772408E+03   5.7336435E+03   5.6757824E+03   5.5467586E+03   5.4761886E+03   5.3459840E+03   5.2885671E+03   5.1952958E+03
  5.1743632E+03   5.0996488E+03   4.9859373E+03   4.9063707E+03   4.8488718E+03   4.8271936E+03   4.7758745E+03   4.7238772E+03   4.6501230E+03   4.5786186E+03
  4.5450442E+03   4.4495719E+03   4.3853146E+03   4.3432260E+03   4.2419157E+03   4.1663060E+03   4.1409158E+03   4.1202951E+03   4.0525446E+03   3.9699588E+03
  3.8940903E+03   3.8733976E+03   3.8076545E+03   3.8108215E+03   3.7798094E+03   3.7492356E+03   3.6802263E+03   3.6309573E+03   3.5915578E+03   3.5672017E+03
  3.5375701E+03   3.5329417E+03   3.5046239E+03   3.4834530E+03   3.4248807E+03   3.4119008E+03   3.3596584E+03   3.3166758E+03   3.2547785E+03   3.2007623E+03
  3.1557828E+03   3.1402448E+03   3.0938030E+03   3.0874514E+03   3.0795511E+03   3.0651300E+03   3.0146266E+03   2.9943137E+03   2.9830846E+03   2.9694923E+03
  2.9252473E+03   2.9320141E+03   2.9159845E+03   2.9199751E+03   2.8882373E+03   2.8693830E+03   2.8699097E+03   2.8038030E+03   2.7770664E+03   2.7500290E+03
  2.7252342E+03   2.7346718E+03   2.7117601E+03   2.6710078E+03   2.6717593E+03   2.6343920E+03   2.6585560E+03   2.6350812E+03   2.5913885E+03   2.5420061E+03
  2.5222914E+03   2.4819566E+03   2.4784982E+03   2.4683632E+03   2.4528546E+03   2.3987003E+03   2.3534528E+03   2.3334318E+03   2.3212791E+03   2.2973862E+03
  2.2699078E+03   2.2387852E+03   2.2466395E+03   2.2537950E+03   2.2491829E+03   2.2386197E+03   2.2228221E+03   2.2054531E+03   2.1765519E+03   2.1554448E+03
  2.1608005E+03   2.1666829E+03   2.1349682E+03   2.1108233E+03   2.0986129E+03   2.0978384E+03   2.0968741E+03   2.0840785E+03   2.0742270E+03   2.0716342E+03
  2.0537188E+03   2.0262405E+03   1.9993401E+03   1.9923237E+03   1.9909156E+03   1.9879528E+03   1.9726663E+03   1.9522259E+03   1.9394724E+03   1.9202503E+03
  1.8830180E+03   1.8744794E+03   1.8733869E+03   1.8435561E+03   1.8266854E+03   1.8110521E+03   1.8075480E+03   1.7913141E+03   1.7804090E+03   1.7684201E+03
  1.7517190E+03   1.7339859E+03   1.7299321E+03   1.7349997E+03   1.7413634E+03   1.7246027E+03   1.7285101E+03   1.7324427E+03   1.7245680E+03   1.7033323E+03
  1.6967634E+03   1.6881344E+03   1.6701671E+03   1.6475592E+03   1.6469815E+03   1.6500819E+03   1.6107803E+03   1.6014393E+03   1.6006154E+03   1.5869277E+03
  1.5833650E+03   1.5780626E+03   1.5872095E+03   1.5706364E+03   1.5648961E+03   1.5554375E+03   1.5501258E+03   1.5472689E+03   1.5349741E+03   1.5134668E+03
  1.5001941E+03   1.4725814E+03   1.4727959E+03   1.4543980E+03   1.4425657E+03   1.4358819E+03   1.4248482E+03   1.4100955E+03   1.3879327E+03   1.3951502E+03
  1.3960276E+03   1.3824368E+03   1.3881976E+03   1.3770928E+03   1.3514888E+03   1.3329525E+03   1.3310115E+03   1.3293665E+03   1.3205728E+03   1.3161527E+03
  1.3029208E+03   1.2972352E+03   1.3069410E+03   1.3013141E+03   1.2984844E+03   1.3188455E+03   1.3217833E+03   1.3181331E+03   1.3166189E+03   1.3152957E+03
  1.3137271E+03   1.3039709E+03   1.3116826E+03   1.3174224E+03   1.3056829E+03   1.2962414E+03   1.2905098E+03   1.2875889E+03   1.2657575E+03   1.2573638E+03
  1.2526657E+03   1.2602745E+03   1.2468477E+03   1.2451575E+03   1.2349625E+03   1.2314838E+03   1.2226061E+03   1.2223282E+03   1.2084210E+03   1.2056163E+03
  1.1973778E+03   1.1877244E+03   1.1685241E+03   1.1626786E+03   1.1584000E+03   1.1613462E+03   1.1596216E+03   1.1467830E+03   1.1535413E+03   1.1483140E+03
  1.1348520E+03   1.1443036E+03   1.1324063E+03   1.1385035E+03   1.1399545E+03   1.1233569E+03   1.1132631E+03   1.1105764E+03   1.0878406E+03   1.0770631E+03
  1.0723317E+03   1.0615040E+03   1.0536436E+03   1.0514638E+03   1.0457818E+03   1.0450030E+03   1.0419180E+03   1.0315983E+03   1.0223381E+03   1.0235869E+03
  1.0127688E+03   1.0087625E+03   9.9949071E+02   9.8844654E+02   9.8304105E+02   9.8419190E+02   9.7903061E+02   9.6544771E+02   9.6217616E+02   9.5885534E+02
  9.5224791E+02   9.4791449E+02   9.3653056E+02   9.3465898E+02   9.3442537E+02   9.3580812E+02   9.3705064E+02   9.2106411E+02   9.1367879E+02   9.0839484E+02
  9.1258319E+02   9.1329879E+02   9.1958568E+02   9.1968038E+02   9.1385130E+02   9.0872782E+02   8.9895156E+02   8.9013338E+02   8.9070700E+02   8.8400414E+02
  8.8428753E+02   8.7875472E+02   8.6848422E+02   8.6470357E+02   8.6367899E+02   8.6843595E+02   8.6567948E+02   8.5783958E+02   8.6096730E+02   8.6319061E+02
  8.5811994E+02   8.5398947E+02   8.5104622E+02   8.4341053E+02   8.3398421E+02   8.2773922E+02   8.2702881E+02   8.1225606E+02   8.0528251E+02   8.0086234E+02
  7.9637877E+02   7.9680836E+02   7.9365301E+02   7.9409575E+02   7.9032029E+02   7.8665617E+02   7.8958693E+02   7.8435684E+02   7.8433981E+02   7.7997258E+02
  7.8089548E+02   7.7768417E+02   7.7711937E+02   7.7806779E+02   7.7548770E+02   7.8055495E+02   7.7377389E+02   7.7161714E+02   7.6698422E+02   7.6291070E+02
  7.4888086E+02   7.5126693E+02   7.4339159E+02   7.4176452E+02   7.3355692E+02   7.3582442E+02   7.2770048E+02   7.2121649E+02   7.1670392E+02   7.1757421E+02
  7.1478439E+02   7.1940528E+02   7.1248131E+02   7.1522365E+02   7.2144306E+02   7.0921199E+02   7.1105549E+02   7.0718849E+02   7.0441715E+02   6.9125207E+02
  6.8894426E+02   6.8619614E+02   6.8522266E+02   6.8964145E+02   6.8602988E+02   6.8955332E+02   6.8503424E+02   6.7985887E+02   6.7770594E+02   6.7378099E+02
  6.7012227E+02   6.6872539E+02   6.6516735E+02   6.6089877E+02   6.5699259E+02   6.5596294E+02   6.5345772E+02   6.4722997E+02   6.4045718E+02   6.4550568E+02
  6.4330316E+02   6.3873864E+02   6.3828814E+02   6.3032382E+02   6.2928654E+02   6.2479829E+02   6.2834131E+02   6.2942058E+02   6.2805627E+02   6.2130296E+02
  6.2184498E+02   6.1725963E+02   6.1981060E+02   6.1737194E+02   6.1136344E+02   6.0902291E+02   6.0560822E+02   6.0136511E+02   5.9951024E+02   5.9980388E+02
  5.9880449E+02   5.9441193E+02   5.9125254E+02   5.8900590E+02   5.8648920E+02   5.8406033E+02   5.8360963E+02   5.7849257E+02   5.7790764E+02   5.8214184E+02
  5.7910536E+02   5.7661732E+02   5.7723327E+02   5.7720537E+02   5.7496159E+02   5.7233791E+02   5.7053222E+02   5.6575399E+02   5.6889974E+02   5.6888111E+02
  5.6767332E+02   5.6136882E+02   5.5928299E+02   5.5798560E+02   5.5871584E+02   5.5609662E+02   5.5586625E+02   5.5448930E+02   5.6193998E+02   5.5750239E+02
  5.5284590E+02   5.5088620E+02   5.5258222E+02   5.4690857E+02   5.4397413E+02   5.4342624E+02   5.4290008E+02   5.3656672E+02   5.3448534E+02   5.3235026E+02
  5.2718078E+02   5.2824972E+02   5.2969724E+02   5.2503787E+02   5.1865344E+02   5.1942583E+02   5.1597835E+02   5.1787776E+02   5.0847376E+02   5.0231850E+02
  5.0061477E+02   5.0265878E+02   5.0439952E+02   5.0190124E+02   5.0426762E+02   5.0183103E+02   5.0213755E+02   4.9841719E+02   4.9650778E+02   4.9489861E+02
  4.9257772E+02   4.9342043E+02   4.9047836E+02   4.8805574E+02   4.8630196E+02   4.8694979E+02   4.8077446E+02   4.8027964E+02   4.7669155E+02   4.7873969E+02
  4.7866053E+02   4.7570915E+02   4.7321849E+02   4.7196996E+02   4.6745713E+02   4.6258422E+02   4.6608517E+02   4.6305844E+02   4.6375022E+02   4.6334319E+02
  4.6185309E+02   4.6091834E+02   4.5875852E+02   4.5567845E+02   4.5051258E+02   4.4936528E+02   4.4898691E+02   4.4774869E+02   4.4994154E+02   4.4856921E+02
  4.4781484E+02   4.4466231E+02   4.4741692E+02   4.4441842E+02   4.4334196E+02   4.4226527E+02   4.4128479E+02   4.4453442E+02   4.4098618E+02   4.4089795E+02
  4.3869355E+02   4.3764744E+02   4.3922493E+02   4.3645915E+02   4.2937231E+02   4.2705170E+02   4.2630131E+02   4.2521225E+02   4.2679532E+02   4.2622319E+02
  4.2631885E+02   4.2616370E+02   4.2312341E+02   4.2161556E+02   4.1927520E+02   4.1761574E+02   4.1641802E+02   4.1495534E+02   4.1479589E+02   4.1369897E+02
  4.0751196E+02   4.0616777E+02   4.0980086E+02   4.0991663E+02   4.1043971E+02   4.0644607E+02   4.1050975E+02   4.0734457E+02   4.0837944E+02   4.0708984E+02
  4.0657540E+02   4.0406701E+02   4.0357243E+02   4.0219488E+02   4.0422368E+02   4.0587538E+02   4.0080088E+02   3.9823717E+02   3.9550286E+02   3.9362400E+02
  3.9416975E+02   3.9277795E+02   3.9054669E+02   3.8661094E+02   3.8485936E+02   3.8265234E+02   3.8031683E+02   3.7813815E+02   3.7866098E+02   3.7689499E+02
  3.7695243E+02   3.7540140E+02   3.7527849E+02   3.7340592E+02   3.7523638E+02   3.7435742E+02   3.7354694E+02   3.7250207E+02   3.7177681E+02   3.7109121E+02
  3.6996462E+02   3.6924803E+02   3.6987390E+02   3.6954727E+02   3.6730000E+02   3.6609802E+02   3.6487390E+02   3.6727543E+02   3.6521878E+02   3.6341739E+02
  3.6348069E+02   3.6496233E+02   3.6278614E+02   3.6184407E+02   3.6177014E+02   3.5867934E+02   3.5684278E+02   3.5790475E+02   3.5850609E+02   3.5824465E+02
  3.5854206E+02   3.5717740E+02   3.5645161E+02   3.5234919E+02   3.5396794E+02   3.5343483E+02   3.5055803E+02   3.4800769E+02   3.4853401E+02   3.4697038E+02
  3.4481390E+02   3.4287999E+02   3.4013690E+02   3.3917047E+02   3.3852477E+02   3.3893047E+02   3.4138327E+02   3.4338854E+02   3.4093670E+02   3.4029465E+02
  3.4157117E+02   3.4460360E+02   3.4448755E+02   3.4396552E+02   3.4212101E+02   3.3936126E+02   3.3792105E+02   3.3902175E+02   3.3781207E+02   3.3658921E+02
  3.3728029E+02   3.3582823E+02   3.3581531E+02   3.3626168E+02   3.3616155E+02   3.3519857E+02   3.3132587E+02   3.3250786E+02   3.3243524E+02   3.3224118E+02
  3.3082107E+02   3.3097378E+02   3.3057273E+02   3.2780637E+02   3.2731931E+02   3.2567456E+02   3.2542760E+02   3.2425091E+02   3.2284043E+02   3.2261094E+02
  3.2337848E+02   3.2361165E+02   3.2190581E+02   3.2038442E+02   3.2070169E+02   3.2198356E+02   3.2230838E+02   3.2068294E+02   3.1846732E+02   3.1941301E+02
  3.1837249E+02   3.1855637E+02   3.1838557E+02   3.1504103E+02   3.1204862E+02   3.1079905E+02   3.1038944E+02   3.1151850E+02   3.1231816E+02   3.1148416E+02
  3.1051067E+02   3.0592774E+02   3.0583564E+02   3.0493998E+02   3.0545611E+02   3.0376470E+02   3.0229749E+02   3.0296194E+02   3.0122094E+02   3.0253545E+02
  3.0268465E+02   3.0079742E+02   3.0211548E+02   3.0230922E+02   3.0392352E+02   3.0200430E+02   3.0265354E+02   3.0222819E+02   3.0116958E+02   3.0045698E+02
  3.0058325E+02   2.9678616E+02   2.9460142E+02   2.9224752E+02   2.9038355E+02   2.9106502E+02   2.9003089E+02   2.8917225E+02   2.8900309E+02   2.8665139E+02
  2.8780036E+02   2.8666608E+02   2.8547430E+02   2.8462244E+02   2.8428405E+02   2.8448156E+02   2.8553385E+02   2.8541909E+02   2.8439797E+02   2.8535964E+02
  2.8537698E+02   2.8538481E+02   2.8508237E+02   2.8380214E+02   2.8248910E+02   2.8018387E+02   2.8055646E+02   2.7942325E+02   2.7783362E+02   2.7846485E+02
  2.7889737E+02   2.7887149E+02   2.7795942E+02   2.7674111E+02   2.7907581E+02   2.7746117E+02   2.7587622E+02   2.7599327E+02   2.7578823E+02   2.7528357E+02
  2.7602841E+02   2.7812925E+02   2.7814814E+02   2.7807089E+02   2.7894058E+02   2.7908186E+02   2.7890437E+02   2.7853751E+02   2.7771568E+02   2.7629041E+02
  2.7469977E+02   2.7238375E+02   2.7260206E+02   2.7164352E+02   2.6916719E+02   2.6843768E+02   2.6618793E+02   2.6647590E+02   2.6508222E+02   2.6485979E+02
  2.6565852E+02   2.6682593E+02   2.6719440E+02   2.6504336E+02   2.6415077E+02   2.6088783E+02   2.6101894E+02   2.6068117E+02   2.6154337E+02   2.6123497E+02
  2.6058327E+02   2.5802430E+02   2.5898771E+02   2.6020279E+02   2.6108245E+02   2.6103980E+02   2.6130201E+02   2.5992915E+02   2.5876166E+02   2.6073194E+02
  2.5852178E+02   2.6088657E+02   2.6176208E+02   2.6228027E+02   2.6234073E+02   2.6104234E+02   2.6221083E+02   2.6208599E+02   2.6099133E+02   2.6079284E+02
  2.5926960E+02   2.5868547E+02   2.5697950E+02   2.5802151E+02   2.5752137E+02   2.5601493E+02   2.5407676E+02   2.5234862E+02   2.5286772E+02   2.5191883E+02
  2.5228183E+02   2.5106986E+02   2.5141461E+02   2.5004804E+02   2.5065476E+02   2.5073496E+02   2.5002018E+02   2.4996507E+02   2.4869965E+02   2.4816634E+02
  2.4727193E+02   2.4729667E+02   2.4788023E+02   2.4889303E+02   2.4915547E+02   2.4803709E+02   2.4826836E+02   2.4901817E+02   2.4894505E+02   2.4973191E+02
  2.4757105E+02   2.4725330E+02   2.4720878E+02   2.4636081E+02   2.4772862E+02   2.4751961E+02   2.4802942E+02   2.4717653E+02   2.4605709E+02   2.4497772E+02
  2.4339961E+02   2.4239186E+02   2.4157658E+02   2.4315622E+02   2.4279033E+02   2.4286112E+02   2.4296053E+02   2.4051058E+02   2.4014679E+02   2.4001021E+02
  2.4131055E+02   2.4183179E+02   2.4103502E+02   2.4053312E+02   2.4064530E+02   2.4095362E+02   2.4068712E+02   2.4048592E+02   2.3937075E+02   2.3836891E+02
  2.3829796E+02   2.3889773E+02   2.3794352E+02   2.3842003E+02   2.3753473E+02   2.3607283E+02   2.3454022E+02   2.3461393E+02   2.3366374E+02   2.3337220E+02
  2.3375460E+02   2.3302885E+02   2.3377483E+02   2.3482120E+02   2.3404558E+02   2.3317647E+02   2.3310247E+02   2.3506168E+02   2.3440484E+02   2.3338564E+02
  2.3304983E+02   2.3313258E+02   2.3227668E+02   2.3236525E+02   2.3152402E+02   2.3133921E+02   2.3046498E+02   2.2902514E+02   2.3051649E+02   2.2915024E+02
  2.2788208E+02   2.2915442E+02   2.2563086E+02   2.2455927E+02   2.2438570E+02   2.2509127E+02   2.2465444E+02   2.2217645E+02   2.2133113E+02   2.2120334E+02
  2.2154293E+02   2.2227193E+02   2.2237709E+02   2.2233077E+02   2.2176397E+02   2.2193336E+02   2.2158056E+02   2.2123772E+02   2.2118759E+02   2.2023687E+02
  2.2047722E+02   2.1937834E+02   2.1982373E+02   2.1974924E+02   2.1887490E+02   2.1841377E+02   2.1922374E+02   2.1941334E+02   2.1926152E+02   2.1889458E+02
  2.1818500E+02   2.1912385E+02   2.1789330E+02   2.1754444E+02   2.1621638E+02   2.1580540E+02   2.1635826E+02   2.1664513E+02   2.1588502E+02   2.1530924E+02
  2.1592801E+02   2.1555595E+02   2.1536628E+02   2.1643111E+02   2.1559101E+02   2.1561415E+02   2.1451703E+02   2.1426136E+02   2.1247769E+02   2.1340414E+02
  2.1279882E+02   2.1148084E+02   2.1050225E+02   2.1140869E+02   2.0979888E+02   2.1124706E+02   2.1176359E+02   2.1192596E+02   2.1158458E+02   2.1196442E+02
  2.1098845E+02   2.1012790E+02   2.0893445E+02   2.0795123E+02   2.0778669E+02   2.0650875E+02   2.0584865E+02   2.0635569E+02   2.0637976E+02   2.0661193E+02
  2.0635995E+02   2.0567440E+02   2.0484568E+02   2.0495848E+02   2.0426561E+02   2.0282301E+02   2.0159942E+02   2.0124819E+02   2.0060068E+02   2.0249592E+02
  2.0266237E+02   2.0315322E+02   2.0284423E+02   2.0341037E+02   2.0350719E+02   2.0476787E+02   2.0465062E+02   2.0487468E+02   2.0477927E+02   2.0482952E+02
  2.0435980E+02   2.0373288E+02   2.0371801E+02   2.0354313E+02   2.0299987E+02   2.0325282E+02   2.0346297E+02   2.0298799E+02   2.0316702E+02   2.0300661E+02
  2.0322083E+02   2.0410609E+02   2.0412554E+02   2.0360592E+02   2.0255437E+02   2.0431799E+02   2.0373581E+02   2.0267704E+02   2.0127239E+02   2.0189769E+02
  2.0271531E+02   2.0268105E+02   2.0273807E+02   2.0202758E+02   2.0163041E+02   2.0180522E+02   2.0134397E+02   2.0144402E+02   2.0211782E+02   2.0246206E+02
  2.0209837E+02   2.0234146E+02   2.0101258E+02   2.0141227E+02   2.0064357E+02   2.0024844E+02   1.9958709E+02   1.9954050E+02   1.9882572E+02   1.9911808E+02
  1.9737162E+02   1.9693830E+02   1.9749092E+02   1.9747513E+02   1.9776979E+02   1.9745816E+02   1.9657583E+02   1.9603038E+02   1.9552332E+02   1.9467290E+02
  1.9460986E+02   1.9428010E+02   1.9361007E+02   1.9410712E+02   1.9220742E+02   1.9227315E+02   1.9123754E+02   1.9089415E+02   1.9157946E+02   1.9184900E+02
  1.9241416E+02   1.9338619E+02   1.9277717E+02   1.9343344E+02   1.9306522E+02   1.9344453E+02   1.9341477E+02   1.9260642E+02   1.9261625E+02   1.9082802E+02
  1.9094250E+02   1.9046963E+02   1.9038607E+02   1.9038336E+02   1.9051972E+02   1.8969016E+02   1.8871606E+02   1.8919578E+02   1.8865966E+02   1.8810963E+02
  1.8837350E+02   1.8846546E+02   1.8766044E+02   1.8740005E+02   1.8643006E+02   1.8725737E+02   1.8629722E+02   1.8585617E+02   1.8569938E+02   1.8526701E+02
  1.8527552E+02   1.8408808E+02   1.8403732E+02   1.8501906E+02   1.8491909E+02   1.8418176E+02   1.8413486E+02   1.8335000E+02   1.8316556E+02   1.8242252E+02
  1.8164441E+02   1.8324624E+02   1.8262908E+02   1.8263911E+02   1.8269531E+02   1.8295060E+02   1.8331908E+02   1.8274681E+02   1.8288215E+02   1.8394313E+02
  1.8393381E+02   1.8384201E+02   1.8413550E+02   1.8379840E+02   1.8322922E+02   1.8372623E+02   1.8422528E+02   1.8416364E+02   1.8334420E+02   1.8342716E+02
  1.8322640E+02   1.8237204E+02   1.8237665E+02   1.8153621E+02   1.8107567E+02   1.8144236E+02   1.8125354E+02   1.8165852E+02   1.8254900E+02   1.8262282E+02
  1.8213501E+02   1.8112925E+02   1.8054977E+02   1.8089051E+02   1.8070943E+02   1.8005530E+02   1.8036990E+02   1.8194242E+02   1.8146165E+02   1.8107979E+02
  1.8053656E+02   1.7908634E+02   1.7942812E+02   1.7885810E+02   1.7784146E+02   1.7817360E+02   1.7838677E+02   1.7893702E+02   1.7912265E+02   1.7843905E+02
  1.7866950E+02   1.7947996E+02   1.7876349E+02   1.7889798E+02   1.7915402E+02   1.7948813E+02   1.7899189E+02   1.7935275E+02   1.7935859E+02   1.7931942E+02
  1.7925156E+02   1.7840262E+02   1.7828534E+02   1.7690309E+02   1.7717137E+02   1.7684266E+02   1.7660824E+02   1.7646078E+02   1.7603599E+02   1.7593508E+02
  1.7646987E+02   1.7656406E+02   1.7553138E+02   1.7552139E+02   1.7520014E+02   1.7501154E+02   1.7512512E+02   1.7466328E+02   1.7384021E+02   1.7372828E+02
  1.7317945E+02   1.7206557E+02   1.7314100E+02   1.7248837E+02   1.7214278E+02   1.7207966E+02   1.7229469E+02   1.7179883E+02   1.7207948E+02   1.7201401E+02
  1.7175151E+02   1.7200008E+02   1.7235978E+02   1.7199418E+02   1.7325389E+02   1.7363352E+02   1.7335589E+02   1.7466301E+02   1.7441390E+02   1.7411809E+02
  1.7403696E+02   1.7333984E+02   1.7272652E+02   1.7194140E+02   1.7168712E+02   1.7108353E+02   1.7116351E+02   1.7088338E+02   1.7042462E+02   1.6915503E+02
  1.6946825E+02   1.6878931E+02   1.6928469E+02   1.6847647E+02   1.6853008E+02   1.6799379E+02   1.6896861E+02   1.6934583E+02   1.6963788E+02   1.6886730E+02
  1.6885708E+02   1.6910734E+02   1.7020772E+02   1.7075072E+02   1.7042199E+02   1.7042372E+02   1.7045789E+02   1.6988117E+02   1.6995750E+02   1.7075309E+02
  1.7001458E+02   1.6998034E+02   1.6950425E+02   1.7020788E+02   1.6970002E+02   1.6867932E+02   1.6925181E+02   1.6842878E+02   1.6846838E+02   1.6871882E+02
  1.6814005E+02   1.6828940E+02   1.6788959E+02   1.6770049E+02   1.6741313E+02   1.6747606E+02   1.6905772E+02   1.6844324E+02   1.6886974E+02   1.6862702E+02
  1.6990837E+02   1.6929704E+02   1.6926700E+02   1.6913699E+02   1.6933974E+02   1.6943776E+02   1.6908408E+02   1.6924864E+02   1.6915001E+02   1.6821131E+02
  1.6800249E+02   1.6712457E+02   1.6723326E+02   1.6721909E+02   1.6732511E+02   1.6697639E+02   1.6631871E+02   1.6598180E+02   1.6623942E+02   1.6558924E+02
  1.6488334E+02   1.6544220E+02   1.6581601E+02   1.6477368E+02   1.6526861E+02   1.6504794E+02   1.6514888E+02   1.6441979E+02   1.6453371E+02   1.6432905E+02
  1.6388104E+02   1.6396062E+02   1.6414335E+02   1.6300132E+02   1.6333024E+02   1.6396971E+02   1.6328884E+02   1.6361158E+02   1.6452330E+02   1.6454658E+02
  1.6381291E+02   1.6398743E+02   1.6316995E+02   1.6248608E+02   1.6240035E+02   1.6251989E+02   1.6297302E+02   1.6245834E+02   1.6267310E+02   1.6242230E+02
  1.6203786E+02   1.6197431E+02   1.6207600E+02   1.6215586E+02   1.6119184E+02   1.6113607E+02   1.6052534E+02   1.6139625E+02   1.6125016E+02   1.6181250E+02
  1.6120915E+02   1.6063984E+02   1.6042106E+02   1.5945761E+02   1.5953266E+02   1.5973952E+02   1.5926028E+02   1.5894563E+02   1.5853716E+02   1.5842422E+02
  1.5792380E+02   1.5752621E+02   1.5736785E+02   1.5724846E+02   1.5690338E+02   1.5643943E+02   1.5592079E+02   1.5685080E+02   1.5640718E+02   1.5693575E+02
  1.5666103E+02   1.5678449E+02   1.5724302E+02   1.5744754E+02   1.5711782E+02   1.5707056E+02   1.5718703E+02   1.5669644E+02   1.5629448E+02   1.5680464E+02
  1.5712642E+02   1.5671564E+02   1.5656406E+02   1.5675401E+02   1.5710685E+02   1.5646250E+02   1.5691648E+02   1.5745480E+02   1.5754783E+02   1.5735626E+02
  1.5755868E+02   1.5767400E+02   1.5789549E+02   1.5698436E+02   1.5700012E+02   1.5734159E+02   1.5759667E+02   1.5744237E+02   1.5753291E+02   1.5754221E+02
  1.5688717E+02   1.5665472E+02   1.5575145E+02   1.5556309E+02   1.5535346E+02   1.5439108E+02   1.5474459E+02   1.5413570E+02   1.5396308E+02   1.5353852E+02
  1.5352957E+02   1.5355429E+02   1.5309823E+02   1.5264858E+02   1.5318761E+02   1.5290676E+02   1.5350048E+02   1.5365793E+02   1.5389539E+02   1.5388045E+02
  1.5473838E+02   1.5448714E+02   1.5441560E+02   1.5457664E+02   1.5465166E+02   1.5378889E+02   1.5370263E+02   1.5330318E+02   1.5316521E+02   1.5313183E+02
  1.5308468E+02   1.5343105E+02   1.5315821E+02   1.5277693E+02   1.5237988E+02   1.5233504E+02   1.5263531E+02   1.5236973E+02   1.5185156E+02   1.5245968E+02
  1.5225157E+02   1.5216800E+02   1.5249961E+02   1.5259666E+02   1.5248329E+02   1.5231139E+02   1.5138716E+02   1.5138360E+02   1.5170270E+02   1.5141982E+02
  1.5116070E+02   1.5157157E+02   1.5124132E+02   1.5156135E+02   1.5188359E+02   1.5171849E+02   1.5183270E+02   1.5097459E+02   1.5080427E+02   1.5154194E+02
  1.5203699E+02   1.5194312E+02   1.5287126E+02   1.5240038E+02   1.5228980E+02   1.5189549E+02   1.5320208E+02   1.5339246E+02   1.5289647E+02   1.5279449E+02
  1.5258639E+02   1.5207010E+02   1.5231307E+02   1.5245109E+02   1.5208278E+02   1.5245555E+02   1.5343906E+02   1.5252817E+02   1.5181929E+02   1.5132079E+02
  1.5108636E+02   1.5138397E+02   1.5180097E+02   1.5225995E+02   1.5254419E+02   1.5315515E+02   1.5349967E+02   1.5294882E+02   1.5244085E+02   1.5267264E+02
  1.5257230E+02   1.5186069E+02   1.5215919E+02   1.5223514E+02   1.5147918E+02   1.5129807E+02   1.5147408E+02   1.5189121E+02   1.5135828E+02   1.5184207E+02
  1.5151667E+02   1.5051756E+02   1.5061164E+02   1.5068799E+02   1.5053775E+02   1.5026687E+02   1.5006334E+02   1.5071315E+02   1.5054668E+02   1.5000479E+02
  1.4943742E+02   1.4914120E+02   1.4977552E+02   1.5037549E+02   1.5096513E+02   1.4983761E+02   1.4904729E+02   1.4891063E+02   1.4984799E+02   1.5006101E+02
  1.4987975E+02   1.4984360E+02   1.4944631E+02   1.4935783E+02   1.4889199E+02   1.4890792E+02   1.4893697E+02   1.4934885E+02   1.4901208E+02   1.4896798E+02
  1.4836120E+02   1.4896385E+02   1.4951649E+02   1.4884857E+02   1.4856647E+02   1.4877063E+02   1.4903816E+02   1.4880318E+02   1.4875959E+02   1.4803801E+02
  1.4742869E+02   1.4773676E+02   1.4827539E+02   1.4802498E+02   1.4844857E+02   1.4868808E+02   1.4846020E+02   1.4773756E+02   1.4785314E+02   1.4746087E+02
  1.4710700E+02   1.4687016E+02   1.4704826E+02   1.4696328E+02   1.4685607E+02   1.4680749E+02   1.4681251E+02   1.4664130E+02   1.4690152E+02   1.4765106E+02
  1.4770428E+02   1.4770278E+02   1.4789068E+02   1.4795212E+02   1.4805975E+02   1.4814809E+02   1.4846890E+02   1.4800839E+02   1.4848392E+02   1.4903302E+02
  1.4934680E+02   1.4956645E+02   1.4983416E+02   1.4970920E+02   1.4919759E+02   1.4933328E+02   1.4893977E+02   1.4833731E+02   1.4853041E+02   1.4864770E+02
  1.4876974E+02   1.4900974E+02   1.4859754E+02   1.4824522E+02   1.4759811E+02   1.4763033E+02   1.4725650E+02   1.4709146E+02   1.4713266E+02   1.4737788E+02
  1.4772879E+02   1.4806395E+02   1.4746950E+02   1.4718161E+02   1.4754525E+02   1.4738312E+02   1.4832635E+02   1.4748663E+02   1.4793077E+02   1.4766922E+02
  1.4674860E+02   1.4579411E+02   1.4551657E+02   1.4528301E+02   1.4514775E+02   1.4585885E+02   1.4647697E+02   1.4656606E+02   1.4689944E+02   1.4721426E+02
  1.4694929E+02   1.4701830E+02   1.4751687E+02   1.4724891E+02   1.4753989E+02   1.4737407E+02   1.4671190E+02   1.4691063E+02   1.4781906E+02   1.4819967E+02
  1.4799817E+02   1.4846179E+02   1.4893612E+02   1.4842935E+02   1.4776773E+02   1.4797183E+02   1.4732766E+02   1.4724645E+02   1.4745262E+02   1.4783964E+02
  1.4756713E+02   1.4718823E+02   1.4648585E+02   1.4602853E+02   1.4583366E+02   1.4590190E+02   1.4590144E+02   1.4558452E+02   1.4538376E+02   1.4480810E+02
  1.4501763E+02   1.4460260E+02   1.4405379E+02   1.4446325E+02   1.4454616E+02   1.4441897E+02   1.4485612E+02   1.4444379E+02   1.4417439E+02   1.4453873E+02
  1.4494734E+02   1.4562147E+02   1.4556385E+02   1.4564833E+02   1.4574747E+02   1.4545488E+02   1.4539891E+02   1.4629631E+02   1.4623051E+02   1.4564642E+02
  1.4528482E+02   1.4649650E+02   1.4590853E+02   1.4590726E+02   1.4545151E+02   1.4546162E+02   1.4557933E+02   1.4604013E+02   1.4634227E+02   1.4645549E+02
  1.4610022E+02   1.4647744E+02   1.4610089E+02   1.4694113E+02   1.4680786E+02   1.4633657E+02   1.4607996E+02   1.4546649E+02   1.4555401E+02   1.4521781E+02
  1.4568897E+02   1.4606944E+02   1.4565992E+02   1.4590279E+02   1.4599249E+02   1.4542621E+02   1.4572169E+02   1.4527907E+02   1.4601404E+02   1.4634266E+02
  1.4591671E+02   1.4542345E+02   1.4561423E+02   1.4565147E+02   1.4563929E+02   1.4621421E+02   1.4661031E+02   1.4660565E+02   1.4652665E+02   1.4613849E+02
  1.4564015E+02   1.4615099E+02   1.4580865E+02   1.4640211E+02   1.4610902E+02   1.4570320E+02   1.4564911E+02   1.4499706E+02   1.4503954E+02   1.4543438E+02
  1.4515367E+02   1.4574031E+02   1.4553124E+02   1.4555488E+02   1.4571490E+02   1.4562617E+02   1.4591850E+02   1.4564079E+02   1.4579488E+02   1.4574618E+02
  1.4573390E+02   1.4572768E+02   1.4640727E+02   1.4597725E+02   1.4580260E+02   1.4608902E+02   1.4596385E+02   1.4528472E+02   1.4496054E+02   1.4560196E+02
  1.4501175E+02   1.4474871E+02   1.4422321E+02   1.4384367E+02   1.4348579E+02   1.4290982E+02   1.4285541E+02   1.4327170E+02   1.4385647E+02   1.4384623E+02
  1.4383277E+02   1.4390280E+02   1.4389834E+02   1.4314765E+02   1.4280794E+02   1.4233828E+02   1.4268658E+02   1.4293735E+02   1.4360002E+02   1.4405234E+02
  1.4400495E+02   1.4373820E+02   1.4406466E+02   1.4402239E+02   1.4393871E+02   1.4318968E+02   1.4298484E+02   1.4269821E+02   1.4291167E+02   1.4300226E+02
  1.4290460E+02   1.4251360E+02   1.4204696E+02   1.4196528E+02   1.4137005E+02   1.4160657E+02   1.4146471E+02   1.4218992E+02   1.4190467E+02   1.4188145E+02
  1.4204355E+02   1.4223406E+02   1.4225192E+02   1.4189372E+02   1.4168301E+02   1.4263721E+02   1.4271073E+02   1.4280824E+02   1.4273995E+02   1.4228379E+02
  1.4202278E+02   1.4270174E+02   1.4190957E+02   1.4211122E+02   1.4197270E+02   1.4220965E+02   1.4160459E+02   1.4134836E+02   1.4156012E+02   1.4193487E+02
  1.4212258E+02   1.4194740E+02   1.4235809E+02   1.4259665E+02   1.4247931E+02   1.4217494E+02   1.4235818E+02   1.4259272E+02   1.4300803E+02   1.4336661E+02
  1.4294420E+02   1.4316696E+02   1.4366062E+02   1.4387124E+02   1.4337736E+02   1.4295510E+02   1.4285429E+02   1.4211850E+02   1.4268570E+02   1.4313450E+02
  1.4255938E+02   1.4212914E+02   1.4300271E+02   1.4265437E+02   1.4274698E+02   1.4255219E+02   1.4238078E+02   1.4269500E+02   1.4246290E+02   1.4272818E+02
  1.4256428E+02   1.4231391E+02   1.4172360E+02   1.4060576E+02   1.4006654E+02   1.3995986E+02   1.3998963E+02   1.4018961E+02   1.4008698E+02   1.4033094E+02
  1.4031098E+02   1.4076786E+02   1.4085337E+02   1.4033838E+02   1.4041528E+02   1.4043804E+02   1.4014750E+02   1.4017722E+02   1.4054124E+02   1.4057165E+02
  1.4097048E+02   1.4054537E+02   1.4059812E+02   1.4120454E+02   1.4198392E+02   1.4101670E+02   1.4089318E+02   1.4091027E+02   1.4136973E+02   1.4135393E+02
  1.4123199E+02   1.4148277E+02   1.4080150E+02   1.4046857E+02   1.4091371E+02   1.4053572E+02   1.4001446E+02   1.4055282E+02   1.4062476E+02   1.4050914E+02
  1.4035774E+02   1.4045571E+02   1.4032228E+02   1.4033734E+02   1.4138504E+02   1.4098960E+02   1.4086346E+02   1.4134301E+02   1.4153579E+02   1.4144993E+02
  1.4087492E+02   1.4081328E+02   1.4109985E+02   1.4121506E+02   1.4045656E+02   1.4130868E+02   1.4116536E+02   1.4192547E+02   1.4232320E+02   1.4286829E+02
  1.4274359E+02   1.4326745E+02   1.4332432E+02   1.4315802E+02   1.4297719E+02   1.4333361E+02   1.4289278E+02   1.4286048E+02   1.4289470E+02   1.4293533E+02
  1.4284715E+02   1.4293577E+02   1.4246204E+02   1.4263670E+02   1.4331998E+02   1.4315860E+02   1.4252400E+02   1.4268623E+02   1.4293233E+02   1.4350834E+02
  1.4343972E+02   1.4302312E+02   1.4220625E+02   1.4259852E+02   1.4250072E+02   1.4265031E+02   1.4311278E+02   1.4298170E+02   1.4360070E+02   1.4285863E+02
  1.4284665E+02   1.4261990E+02   1.4260449E+02   1.4272416E+02   1.4238046E+02   1.4279005E+02   1.4214905E+02   1.4233183E+02   1.4241052E+02   1.4249694E+02
  1.4233458E+02   1.4236659E+02   1.4187122E+02   1.4203102E+02   1.4286978E+02   1.4228850E+02   1.4246593E+02   1.4232415E+02   1.4222799E+02   1.4164128E+02
  1.4150979E+02   1.4157816E+02   1.4062571E+02   1.4089850E+02   1.4120793E+02   1.4090845E+02   1.4073002E+02   1.4034875E+02   1.4085816E+02   1.4087900E+02
  1.4033817E+02   1.4067092E+02   1.4079292E+02   1.4062914E+02   1.4070503E+02   1.4088192E+02   1.4058148E+02   1.4073563E+02   1.4045937E+02   1.3975241E+02
  1.3970627E+02   1.3996803E+02   1.3990743E+02   1.4023416E+02   1.4031883E+02   1.4018661E+02   1.3968933E+02   1.3915682E+02   1.3941745E+02   1.3957769E+02
  1.3979674E+02   1.3945757E+02   1.3897413E+02   1.3902641E+02   1.3917758E+02   1.3927956E+02   1.3941048E+02   1.3962767E+02   1.3950560E+02   1.3915078E+02
  1.3918755E+02   1.3959599E+02   1.4045269E+02   1.4151493E+02   1.4192372E+02   1.4200680E+02   1.4262521E+02   1.4196137E+02   1.4269069E+02   1.4243487E+02
  1.4207062E+02   1.4216550E+02   1.4255996E+02   1.4269602E+02   1.4285228E+02   1.4283839E+02   1.4275688E+02   1.4261245E+02   1.4199085E+02   1.4186108E+02
  1.4194114E+02   1.4201549E+02   1.4165177E+02   1.4148432E+02   1.4092907E+02   1.4110182E+02   1.4132076E+02   1.4151902E+02   1.4169156E+02   1.4220385E+02
  1.4185500E+02   1.4143291E+02   1.4144992E+02   1.4111167E+02   1.4132763E+02   1.4201302E+02   1.4160794E+02   1.4109208E+02   1.4127208E+02   1.4197505E+02
  1.4153199E+02   1.4182135E+02   1.4123516E+02   1.4034276E+02   1.4006113E+02   1.4001860E+02   1.4004934E+02   1.3939170E+02   1.3951810E+02   1.3967387E+02
  1.3911282E+02   1.3920867E+02   1.3958340E+02   1.3929523E+02   1.3951144E+02   1.3960641E+02   1.3967346E+02   1.4000287E+02   1.4009512E+02   1.4068412E+02
  1.4061093E+02   1.4012411E+02   1.4102006E+02   1.4110184E+02   1.4090363E+02   1.4111755E+02   1.4096462E+02   1.4106045E+02   1.4071945E+02   1.4090924E+02
  1.4150869E+02   1.4161285E+02   1.4116433E+02   1.4122146E+02   1.4141357E+02   1.4146421E+02   1.4127353E+02   1.4146537E+02   1.4113980E+02   1.4094697E+02
  1.4098420E+02   1.4052846E+02   1.4059226E+02   1.4104041E+02   1.4082884E+02   1.4058453E+02   1.4066127E+02   1.4102136E+02   1.4064933E+02   1.4101455E+02
  1.4024473E+02   1.4018913E+02   1.3985352E+02   1.3956974E+02   1.3951694E+02   1.3932481E+02   1.3917061E+02   1.3917982E+02   1.3927381E+02   1.3958527E+02
  1.3991971E+02   1.4005920E+02   1.3996778E+02   1.3963359E+02   1.3937746E+02   1.3946187E+02   1.3941394E+02   1.3923052E+02   1.3899800E+02   1.3900916E+02
  1.3888317E+02   1.3891810E+02   1.3901565E+02   1.3931821E+02   1.3974972E+02   1.3955073E+02   1.3908030E+02   1.3878665E+02   1.3900790E+02   1.3925375E+02
  1.3848713E+02   1.3837752E+02   1.3882501E+02   1.3899886E+02   1.3932693E+02   1.3941761E+02   1.3878179E+02   1.3894322E+02   1.3920362E+02   1.3845997E+02
  1.3886350E+02   1.3859889E+02   1.3856150E+02   1.3849187E+02   1.3905254E+02   1.3929044E+02   1.3835849E+02   1.3890584E+02   1.3869275E+02   1.3840644E+02
  1.3857213E+02   1.3869872E+02   1.3811017E+02   1.3873474E+02   1.3865442E+02   1.3856160E+02   1.3813053E+02   1.3784695E+02   1.3804869E+02   1.3786784E+02
  1.3874339E+02   1.3829174E+02   1.3837730E+02   1.3789586E+02   1.3771880E+02   1.3794828E+02   1.3824631E+02   1.3808071E+02   1.3737218E+02   1.3795254E+02
  1.3809222E+02   1.3830202E+02   1.3847724E+02   1.3894270E+02   1.3893776E+02   1.3839017E+02   1.3855276E+02   1.3823069E+02   1.3819808E+02   1.3849275E+02
  1.3879395E+02   1.3881862E+02   1.3859593E+02   1.3907120E+02   1.3909667E+02   1.3934914E+02   1.3942998E+02   1.3933830E+02   1.3951745E+02   1.3839947E+02
  1.3818576E+02   1.3859099E+02   1.3885063E+02   1.3892451E+02   1.3852658E+02   1.3885095E+02   1.3901466E+02   1.3847151E+02   1.3818414E+02   1.3867108E+02
  1.3953302E+02   1.3964574E+02   1.3904420E+02   1.3908846E+02   1.3928209E+02   1.3852331E+02   1.3823218E+02   1.3863037E+02   1.3885797E+02   1.3878517E+02
  1.3895463E+02   1.3872052E+02   1.3817096E+02   1.3843107E+02   1.3897455E+02   1.3912654E+02   1.3920506E+02   1.3917847E+02   1.3955961E+02   1.3976130E+02
  1.3941365E+02   1.3894217E+02   1.3938241E+02   1.3968162E+02   1.3930080E+02   1.3810837E+02   1.3778254E+02   1.3791270E+02   1.3816615E+02   1.3819875E+02
  1.3837754E+02   1.3803654E+02   1.3693787E+02   1.3772761E+02   1.3775642E+02   1.3739731E+02   1.3735582E+02   1.3720119E+02   1.3670564E+02   1.3669247E+02
  1.3644571E+02   1.3658276E+02   1.3592353E+02   1.3671184E+02   1.3752225E+02   1.3818265E+02   1.3878197E+02   1.3880130E+02   1.3905027E+02   1.3826788E+02
  1.3794723E+02   1.3763513E+02   1.3779533E+02   1.3803626E+02   1.3822962E+02   1.3900972E+02   1.3961920E+02   1.3933327E+02   1.3887194E+02   1.3902689E+02
  1.3915053E+02   1.3877614E+02   1.3847457E+02   1.3881491E+02   1.3894997E+02   1.3863296E+02   1.3807087E+02   1.3748583E+02   1.3781544E+02   1.3775569E+02
  1.3768671E+02   1.3769506E+02   1.3740803E+02   1.3754394E+02   1.3728214E+02   1.3744051E+02   1.3759498E+02   1.3748364E+02   1.3796887E+02   1.3780052E+02
  1.3873996E+02   1.3883633E+02   1.3878831E+02   1.3886825E+02   1.3849835E+02   1.3873121E+02   1.3844191E+02   1.3810936E+02   1.3870861E+02   1.3888219E+02
  1.3869171E+02   1.3821826E+02   1.3854248E+02   1.3753076E+02   1.3776291E+02   1.3730507E+02   1.3693722E+02   1.3662667E+02   1.3571730E+02   1.3593122E+02
  1.3621119E+02   1.3628367E+02   1.3619363E+02   1.3639610E+02   1.3656209E+02   1.3606987E+02   1.3591920E+02   1.3569960E+02   1.3610329E+02   1.3554574E+02
  1.3531726E+02   1.3534274E+02   1.3521531E+02   1.3566882E+02   1.3605232E+02   1.3641790E+02   1.3632170E+02   1.3653820E+02   1.3620117E+02   1.3606112E+02
  1.3630007E+02   1.3644672E+02   1.3726382E+02   1.3738874E+02   1.3743419E+02   1.3808147E+02   1.3831272E+02   1.3859747E+02   1.3911158E+02   1.3839886E+02
  1.3929096E+02   1.3946108E+02   1.3939163E+02   1.3967881E+02   1.3954732E+02   1.3923702E+02   1.3860585E+02   1.3953059E+02   1.3950058E+02   1.3876060E+02
  1.3842681E+02   1.3751844E+02   1.3784006E+02   1.3751236E+02   1.3751909E+02   1.3731941E+02   1.3734911E+02   1.3772291E+02   1.3738502E+02   1.3755442E+02
  1.3805660E+02   1.3834152E+02   1.3805915E+02   1.3802473E+02   1.3830374E+02   1.3829439E+02   1.3819180E+02   1.3808373E+02   1.3791831E+02   1.3756617E+02
  1.3758431E+02   1.3817149E+02   1.3782740E+02   1.3722908E+02   1.3661641E+02   1.3632341E+02   1.3656964E+02   1.3701446E+02   1.3740040E+02   1.3742279E+02
  1.3755796E+02   1.3769305E+02   1.3758046E+02   1.3745879E+02   1.3728210E+02   1.3667627E+02   1.3646474E+02   1.3657847E+02   1.3610686E+02   1.3578793E+02
  1.3559378E+02   1.3575684E+02   1.3653852E+02   1.3682719E+02   1.3675688E+02   1.3721871E+02   1.3683007E+02   1.3689447E+02   1.3668526E+02   1.3676284E+02
  1.3688564E+02   1.3632372E+02   1.3645378E+02   1.3682450E+02   1.3617621E+02   1.3645041E+02   1.3713976E+02   1.3718371E+02   1.3757716E+02   1.3787769E+02
  1.3778001E+02   1.3794952E+02   1.3773186E+02   1.3770175E+02   1.3820212E+02   1.3834688E+02   1.3791602E+02   1.3762272E+02   1.3751476E+02   1.3738942E+02
  1.3803751E+02   1.3840117E+02   1.3854534E+02   1.3861602E+02   1.3815739E+02   1.3766437E+02   1.3737130E+02   1.3788092E+02   1.3822979E+02   1.3770170E+02
  1.3812254E+02   1.3839642E+02   1.3782271E+02   1.3779486E+02   1.3756974E+02   1.3774643E+02   1.3793403E+02   1.3822997E+02   1.3756858E+02   1.3786178E+02
  1.3809221E+02   1.3844723E+02   1.3848827E+02   1.3877138E+02   1.3833774E+02   1.3820641E+02   1.3851347E+02   1.3913272E+02   1.3892568E+02   1.3919982E+02
  1.3853433E+02   1.3878502E+02   1.3902401E+02   1.3941335E+02   1.3922441E+02   1.3855997E+02   1.3813724E+02   1.3779689E+02   1.3812061E+02   1.3826897E+02
  1.3815445E+02   1.3875572E+02   1.3839300E+02   1.3805953E+02   1.3812956E+02   1.3772544E+02   1.3807383E+02   1.3835848E+02   1.3830284E+02   1.3867564E+02
  1.3864678E+02   1.3831537E+02   1.3859866E+02   1.3789388E+02   1.3831906E+02   1.3857295E+02   1.3862916E+02   1.3862558E+02   1.3866324E+02   1.3855700E+02
  1.3886772E+02   1.3859854E+02   1.3819948E+02   1.3804062E+02   1.3813786E+02   1.3779127E+02   1.3787994E+02   1.3773346E+02   1.3788672E+02   1.3835221E+02
  1.3862749E+02   1.3857851E+02   1.3940629E+02   1.3881737E+02   1.3903137E+02   1.3903911E+02   1.3970293E+02   1.3902584E+02   1.3940337E+02   1.3897355E+02
  1.3814825E+02   1.3803471E+02   1.3763540E+02   1.3816794E+02   1.3841243E+02   1.3797257E+02   1.3799625E+02   1.3806449E+02   1.3802923E+02   1.3832663E+02
  1.3789859E+02   1.3756590E+02   1.3815718E+02   1.3817441E+02   1.3769339E+02   1.3790309E+02   1.3786313E+02   1.3828488E+02   1.3859479E+02   1.3875943E+02
  1.3857984E+02   1.3861682E+02   1.3858379E+02   1.3890920E+02   1.3859026E+02   1.3850656E+02   1.3815792E+02   1.3848154E+02   1.3838306E+02   1.3820660E+02
  1.3735880E+02   1.3752438E+02   1.3783939E+02   1.3755627E+02   1.3708706E+02   1.3723951E+02   1.3694593E+02   1.3737919E+02   1.3768500E+02   1.3811353E+02
  1.3860286E+02   1.3908068E+02   1.3875799E+02   1.3799519E+02   1.3826360E+02   1.3807177E+02   1.3820750E+02   1.3836053E+02   1.3771013E+02   1.3814275E+02
  1.3864421E+02   1.3873409E+02   1.3907204E+02   1.3929366E+02   1.3837556E+02   1.3828356E+02   1.3843204E+02   1.3777736E+02   1.3749876E+02   1.3724568E+02
  1.3701755E+02   1.3786808E+02   1.3805357E+02   1.3774333E+02   1.3772360E+02   1.3744158E+02   1.3712242E+02   1.3683814E+02   1.3720089E+02   1.3791227E+02
  1.3807908E+02   1.3804726E+02   1.3807457E+02   1.3796574E+02   1.3775023E+02   1.3810456E+02   1.3847812E+02   1.3844123E+02   1.3803946E+02   1.3822015E+02
  1.3793493E+02   1.3837110E+02   1.3852780E+02   1.3883809E+02   1.3889820E+02   1.3844762E+02   1.3860730E+02   1.3837090E+02   1.3807726E+02   1.3833976E+02
  1.3808833E+02   1.3769206E+02   1.3774839E+02   1.3784092E+02   1.3795097E+02   1.3782842E+02   1.3780507E+02   1.3712936E+02   1.3709565E+02   1.3706253E+02
  1.3708130E+02   1.3680124E+02   1.3678883E+02   1.3712744E+02   1.3683236E+02   1.3698197E+02   1.3643873E+02   1.3643039E+02   1.3699504E+02   1.3687149E+02
  1.3687241E+02   1.3697488E+02   1.3725321E+02   1.3746893E+02   1.3700932E+02   1.3672136E+02   1.3702911E+02   1.3658008E+02   1.3675437E+02   1.3704739E+02
  1.3776022E+02   1.3786292E+02   1.3747967E+02   1.3754627E+02   1.3684714E+02   1.3701323E+02   1.3615531E+02   1.3567489E+02   1.3614416E+02   1.3557008E+02
  1.3647528E+02   1.3628424E+02   1.3643050E+02   1.3673290E+02   1.3693923E+02   1.3752363E+02   1.3780348E+02   1.3805749E+02   1.3740437E+02   1.3788848E+02
  1.3799030E+02   1.3785174E+02   1.3766989E+02   1.3825689E+02   1.3788848E+02   1.3790077E+02   1.3809512E+02   1.3842619E+02   1.3886942E+02   1.3901362E+02
  1.3848582E+02   1.3800689E+02   1.3846094E+02   1.3836541E+02   1.3799200E+02   1.3798055E+02   1.3849998E+02   1.3814388E+02   1.3832434E+02   1.3847612E+02
  1.3819822E+02   1.3814243E+02   1.3789810E+02   1.3779372E+02   1.3812877E+02   1.3804747E+02   1.3828602E+02   1.3817008E+02   1.3861213E+02   1.3823013E+02
  1.3879906E+02   1.3890868E+02   1.3892288E+02   1.3941490E+02   1.3931752E+02   1.3848828E+02   1.3885929E+02   1.3838180E+02   1.3877261E+02   1.3943253E+02
  1.3962906E+02   1.3868747E+02   1.3786719E+02   1.3779747E+02   1.3763614E+02   1.3703113E+02   1.3715340E+02   1.3748557E+02   1.3701895E+02   1.3756995E+02
  1.3762198E+02   1.3661269E+02   1.3682585E+02   1.3680781E+02   1.3634658E+02   1.3616155E+02   1.3658822E+02   1.3662226E+02   1.3627454E+02   1.3574900E+02
  1.3618181E+02   1.3625915E+02   1.3676477E+02   1.3685118E+02   1.3675786E+02   1.3671298E+02   1.3699940E+02   1.3734907E+02   1.3654865E+02   1.3622756E+02
  1.3596372E+02   1.3588086E+02   1.3612413E+02   1.3669441E+02   1.3662357E+02   1.3705794E+02   1.3659162E+02   1.3688084E+02   1.3645630E+02   1.3605839E+02
  1.3620770E+02   1.3610594E+02   1.3654484E+02   1.3705403E+02   1.3673519E+02   1.3660219E+02   1.3709635E+02   1.3727047E+02   1.3751380E+02   1.3792544E+02
  1.3771639E+02   1.3718677E+02   1.3739948E+02   1.3732635E+02   1.3654210E+02   1.3626893E+02   1.3587574E+02   1.3563413E+02   1.3611004E+02   1.3617180E+02
  1.3667663E+02   1.3644435E+02   1.3676815E+02   1.3728617E+02   1.3685603E+02   1.3717686E+02   1.3673031E+02   1.3689404E+02   1.3713656E+02   1.3705607E+02
  1.3715039E+02   1.3711998E+02   1.3697979E+02   1.3658465E+02   1.3696244E+02   1.3694182E+02   1.3713622E+02   1.3684798E+02   1.3701029E+02   1.3684091E+02
  1.3720491E+02   1.3691064E+02   1.3657238E+02   1.3593305E+02   1.3574339E+02   1.3584520E+02   1.3574322E+02   1.3578232E+02   1.3542004E+02   1.3572505E+02
  1.3634845E+02   1.3560546E+02   1.3645674E+02   1.3658919E+02   1.3601905E+02   1.3598580E+02   1.3587400E+02   1.3509355E+02   1.3506693E+02   1.3484058E+02
  1.3457183E+02   1.3445985E+02   1.3459698E+02   1.3478968E+02   1.3458345E+02   1.3501146E+02   1.3515132E+02   1.3502611E+02   1.3515250E+02   1.3542916E+02
  1.3555428E+02   1.3571717E+02   1.3629487E+02   1.3719707E+02   1.3744423E+02   1.3740168E+02   1.3753848E+02   1.3755746E+02   1.3761177E+02   1.3690160E+02
  1.3634742E+02   1.3633308E+02   1.3612027E+02   1.3630718E+02   1.3596733E+02   1.3666495E+02   1.3681973E+02   1.3711134E+02   1.3718873E+02   1.3718394E+02
  1.3767217E+02   1.3764812E+02   1.3743031E+02   1.3713095E+02   1.3729859E+02   1.3703683E+02   1.3630778E+02   1.3645758E+02   1.3615132E+02   1.3593437E+02
  1.3596342E+02   1.3622023E+02   1.3638270E+02   1.3600643E+02   1.3577568E+02   1.3538553E+02   1.3587497E+02   1.3529420E+02   1.3561733E+02   1.3530153E+02
  1.3595137E+02   1.3626475E+02   1.3551964E+02   1.3531907E+02   1.3517373E+02   1.3514598E+02   1.3491751E+02   1.3457195E+02   1.3531642E+02   1.3534558E+02
  1.3548759E+02   1.3511508E+02   1.3582991E+02   1.3589926E+02   1.3573394E+02   1.3550835E+02   1.3567915E+02   1.3593403E+02   1.3610001E+02   1.3623765E+02
  1.3567372E+02   1.3582839E+02   1.3623045E+02   1.3621924E+02   1.3659946E+02   1.3681878E+02   1.3687703E+02   1.3641152E+02   1.3657195E+02   1.3658405E+02
  1.3632333E+02   1.3583005E+02   1.3507999E+02   1.3497150E+02   1.3476798E+02   1.3503195E+02   1.3520819E+02   1.3540946E+02   1.3563212E+02   1.3550076E+02
  1.3546416E+02   1.3520219E+02   1.3493885E+02   1.3504018E+02   1.3543917E+02   1.3568238E+02   1.3596113E+02   1.3603878E+02   1.3603780E+02   1.3636529E+02
  1.3647854E+02   1.3586988E+02   1.3604373E+02   1.3601898E+02   1.3604424E+02   1.3582016E+02   1.3552284E+02   1.3523373E+02   1.3564561E+02   1.3553443E+02
  1.3563592E+02   1.3575385E+02   1.3578517E+02   1.3538264E+02   1.3619011E+02   1.3557372E+02   1.3499186E+02   1.3537615E+02   1.3549274E+02   1.3564815E+02
  1.3535792E+02   1.3593733E+02   1.3615869E+02   1.3567398E+02   1.3590815E+02   1.3614994E+02   1.3678384E+02   1.3697142E+02   1.3662420E+02   1.3642228E+02
  1.3678943E+02   1.3626376E+02   1.3640634E+02   1.3654276E+02   1.3567811E+02   1.3656490E+02   1.3624326E+02   1.3709054E+02   1.3711389E+02   1.3719201E+02
  1.3728397E+02   1.3766632E+02   1.3764255E+02   1.3728249E+02   1.3683880E+02   1.3669375E+02   1.3640366E+02   1.3640714E+02   1.3677226E+02   1.3681779E+02
  1.3643232E+02   1.3638680E+02   1.3617506E+02   1.3630643E+02   1.3660023E+02   1.3635476E+02   1.3625913E+02   1.3639482E+02   1.3665913E+02   1.3680754E+02
  1.3664801E+02   1.3671571E+02   1.3687818E+02   1.3638234E+02   1.3683603E+02   1.3640602E+02   1.3619197E+02   1.3554661E+02   1.3538773E+02   1.3523520E+02
  1.3523722E+02   1.3533521E+02   1.3525206E+02   1.3561307E+02   1.3567166E+02   1.3598359E+02   1.3604194E+02   1.3595932E+02   1.3642638E+02   1.3641220E+02
  1.3684769E+02   1.3659210E+02   1.3726300E+02   1.3701089E+02   1.3692069E+02   1.3711553E+02   1.3755304E+02   1.3784536E+02   1.3829089E+02   1.3803690E+02
  1.3843529E+02   1.3791185E+02   1.3753548E+02   1.3766675E+02   1.3819935E+02   1.3820498E+02   1.3781644E+02   1.3769314E+02   1.3821785E+02   1.3848519E+02
  1.3816563E+02   1.3842222E+02   1.3884869E+02   1.3858305E+02   1.3851314E+02   1.3811799E+02   1.3763628E+02   1.3797981E+02   1.3811311E+02   1.3812701E+02
  1.3819947E+02   1.3802780E+02   1.3741513E+02   1.3721900E+02   1.3721508E+02   1.3824978E+02   1.3779142E+02   1.3781808E+02   1.3814287E+02   1.3804440E+02
  1.3719291E+02   1.3748283E+02   1.3779161E+02   1.3752308E+02   1.3647323E+02   1.3642477E+02   1.3697182E+02   1.3647144E+02   1.3651298E+02   1.3608449E+02
  1.3612222E+02   1.3613355E+02   1.3686552E+02   1.3725707E+02   1.3681246E+02   1.3667306E+02   1.3657883E+02   1.3665716E+02   1.3660182E+02   1.3669064E+02
  1.3693665E+02   1.3718486E+02   1.3707573E+02   1.3673495E+02   1.3619473E+02   1.3551509E+02   1.3584377E+02   1.3598768E+02   1.3570029E+02   1.3629060E+02
  1.3648502E+02   1.3655335E+02   1.3581467E+02   1.3622793E+02   1.3563719E+02   1.3584915E+02   1.3548503E+02   1.3543634E+02   1.3597804E+02   1.3619637E+02
  1.3578576E+02   1.3548997E+02   1.3593506E+02   1.3576781E+02   1.3597173E+02   1.3646111E+02   1.3593666E+02   1.3634405E+02   1.3613203E+02   1.3630845E+02
  1.3630987E+02   1.3579108E+02   1.3560891E+02   1.3568050E+02   1.3587313E+02   1.3611806E+02   1.3609184E+02   1.3578456E+02   1.3634522E+02   1.3656267E+02
  1.3660787E+02   1.3654383E+02   1.3653482E+02   1.3656865E+02   1.3660386E+02   1.3605358E+02   1.3591193E+02   1.3585482E+02   1.3581147E+02   1.3650946E+02
  1.3586772E+02   1.3568393E+02   1.3604902E+02   1.3624006E+02   1.3667182E+02   1.3634397E+02   1.3596844E+02   1.3599006E+02   1.3564169E+02   1.3608682E+02
  1.3535283E+02   1.3589222E+02   1.3613453E+02   1.3630234E+02   1.3711079E+02   1.3726968E+02   1.3718319E+02   1.3716746E+02   1.3689787E+02   1.3737673E+02
  1.3713759E+02   1.3738944E+02   1.3767494E+02   1.3709403E+02   1.3631955E+02   1.3582373E+02   1.3614277E+02   1.3592321E+02   1.3592323E+02   1.3594962E+02
  1.3540357E+02   1.3549692E+02   1.3571578E+02   1.3547812E+02   1.3527232E+02   1.3575062E+02   1.3548277E+02   1.3562213E+02   1.3621091E+02   1.3639121E+02
  1.3688072E+02   1.3641532E+02   1.3673975E+02   1.3693564E+02   1.3732824E+02   1.3736536E+02   1.3749946E+02   1.3763679E+02   1.3718278E+02   1.3719760E+02
  1.3736954E+02   1.3775564E+02   1.3809419E+02   1.3776783E+02   1.3756897E+02   1.3820480E+02   1.3826639E+02   1.3776057E+02   1.3742124E+02   1.3732057E+02
  1.3658883E+02   1.3640959E+02   1.3695519E+02   1.3687591E+02   1.3687509E+02   1.3751318E+02   1.3740719E+02   1.3679183E+02   1.3692496E+02   1.3739402E+02
  1.3647487E+02   1.3671941E+02   1.3666537E+02   1.3650758E+02   1.3582751E+02   1.3589667E+02   1.3597270E+02   1.3575633E+02   1.3563735E+02   1.3603381E+02
  1.3544808E+02   1.3575892E+02   1.3589140E+02   1.3570421E+02   1.3555262E+02   1.3575674E+02   1.3556879E+02   1.3573786E+02   1.3618263E+02   1.3592122E+02
  1.3610373E+02   1.3579805E+02   1.3500653E+02   1.3519305E+02   1.3448467E+02   1.3464267E+02   1.3453004E+02   1.3503584E+02   1.3526000E+02   1.3648341E+02
  1.3596218E+02   1.3686463E+02   1.3683483E+02   1.3687973E+02   1.3624074E+02   1.3714782E+02   1.3774331E+02   1.3746461E+02   1.3749843E+02   1.3813396E+02
  1.3851995E+02   1.3843142E+02   1.3871505E+02   1.3867795E+02   1.3853380E+02   1.3770737E+02   1.3740259E+02   1.3743755E+02   1.3710423E+02   1.3680752E+02
  1.3695437E+02   1.3728071E+02   1.3625074E+02   1.3598520E+02   1.3626170E+02   1.3605156E+02   1.3608499E+02   1.3611144E+02   1.3588329E+02   1.3544729E+02
  1.3576847E+02   1.3575173E+02   1.3587843E+02   1.3538664E+02   1.3569616E+02   1.3589594E+02   1.3553896E+02   1.3547917E+02   1.3540281E+02   1.3523634E+02
  1.3557836E+02   1.3591352E+02   1.3610659E+02   1.3604726E+02   1.3590234E+02   1.3655599E+02   1.3660746E+02   1.3607087E+02   1.3559237E+02   1.3572813E+02
  1.3611664E+02   1.3568093E+02   1.3606829E+02   1.3617849E+02   1.3551822E+02   1.3499339E+02   1.3516067E+02   1.3570374E+02   1.3538286E+02   1.3598511E+02
  1.3655339E+02   1.3662304E+02   1.3665786E+02   1.3670772E+02   1.3608513E+02   1.3608105E+02   1.3610947E+02   1.3614676E+02   1.3653005E+02   1.3610479E+02
  1.3663194E+02   1.3669110E+02   1.3615912E+02   1.3569805E+02   1.3587610E+02   1.3573820E+02   1.3582273E+02   1.3596611E+02   1.3630142E+02   1.3637717E+02
  1.3622330E+02   1.3626922E+02   1.3613530E+02   1.3541925E+02   1.3588703E+02   1.3515921E+02   1.3514613E+02   1.3582275E+02   1.3560713E+02   1.3535292E+02
  1.3581514E+02   1.3610947E+02   1.3595889E+02   1.3583266E+02   1.3593903E+02   1.3587520E+02   1.3477624E+02   1.3527090E+02   1.3538564E+02   1.3523339E+02
  1.3529302E+02   1.3531812E+02   1.3552161E+02   1.3570431E+02   1.3562376E+02   1.3587178E+02   1.3630892E+02   1.3644281E+02   1.3602553E+02   1.3604061E+02
  1.3582233E+02   1.3540588E+02   1.3539234E+02   1.3589151E+02   1.3522732E+02   1.3501504E+02   1.3479442E+02   1.3474718E+02   1.3540057E+02   1.3518333E+02
  1.3543184E+02   1.3509155E+02   1.3549926E+02   1.3539883E+02   1.3531346E+02   1.3539502E+02   1.3549994E+02   1.3533109E+02   1.3468520E+02   1.3449297E+02
  1.3484002E+02   1.3509531E+02   1.3551014E+02   1.3611642E+02   1.3631525E+02   1.3620044E+02   1.3614443E+02   1.3577215E+02   1.3516254E+02   1.3602374E+02
  1.3558843E+02   1.3598768E+02   1.3630947E+02   1.3663018E+02   1.3656500E+02   1.3616814E+02   1.3623826E+02   1.3670470E+02   1.3650826E+02   1.3604477E+02
  1.3592853E+02   1.3636485E+02   1.3692400E+02   1.3693616E+02   1.3709826E+02   1.3705938E+02   1.3670184E+02   1.3646721E+02   1.3619896E+02   1.3561038E+02
  1.3570868E+02   1.3599372E+02   1.3599588E+02   1.3666667E+02   1.3684570E+02   1.3677214E+02   1.3708998E+02   1.3697778E+02   1.3666050E+02   1.3693754E+02
  1.3716982E+02   1.3700245E+02   1.3698794E+02   1.3711082E+02   1.3670132E+02   1.3704985E+02   1.3763734E+02   1.3710391E+02   1.3692907E+02   1.3719084E+02
  1.3736700E+02   1.3681253E+02   1.3650994E+02   1.3625324E+02   1.3570811E+02   1.3543725E+02   1.3540708E+02   1.3541307E+02   1.3580813E+02   1.3620304E+02
  1.3642493E+02   1.3663488E+02   1.3700930E+02   1.3704971E+02   1.3701050E+02   1.3663467E+02   1.3698017E+02   1.3720779E+02   1.3695104E+02   1.3639140E+02
  1.3653452E+02   1.3647655E+02   1.3542095E+02   1.3527171E+02   1.3427851E+02   1.3398547E+02   1.3382802E+02   1.3334080E+02   1.3371765E+02   1.3300587E+02
  1.3294659E+02   1.3376506E+02   1.3429368E+02   1.3414608E+02   1.3426653E+02   1.3410703E+02   1.3394527E+02   1.3427957E+02   1.3398343E+02   1.3422664E+02
  1.3468583E+02   1.3467358E+02   1.3434942E+02   1.3404418E+02   1.3371039E+02   1.3444331E+02   1.3445785E+02   1.3455477E+02   1.3454200E+02   1.3381814E+02
  1.3390395E+02   1.3383182E+02   1.3465513E+02   1.3475546E+02   1.3429473E+02   1.3432649E+02   1.3448813E+02   1.3522112E+02   1.3516605E+02   1.3590832E+02
  1.3672607E+02   1.3704105E+02   1.3711872E+02   1.3713466E+02   1.3729771E+02   1.3694585E+02   1.3684530E+02   1.3714059E+02   1.3741769E+02   1.3808921E+02
  1.3809537E+02   1.3766555E+02   1.3761020E+02   1.3728663E+02   1.3757641E+02   1.3761779E+02   1.3724154E+02   1.3638814E+02   1.3635477E+02   1.3548206E+02
  1.3517192E+02   1.3490690E+02   1.3526400E+02   1.3531907E+02   1.3512725E+02   1.3537550E+02   1.3544442E+02   1.3511590E+02   1.3485300E+02   1.3512083E+02
  1.3519385E+02   1.3500544E+02   1.3550627E+02   1.3532635E+02   1.3585671E+02   1.3597830E+02   1.3652760E+02   1.3598526E+02   1.3591405E+02   1.3586695E+02
  1.3529369E+02   1.3559324E+02   1.3588434E+02   1.3629039E+02   1.3697665E+02   1.3657105E+02   1.3648836E+02   1.3778431E+02   1.3827959E+02   1.3821210E+02
  1.3879510E+02   1.3926732E+02   1.3846031E+02   1.3783338E+02   1.3796958E+02   1.3790732E+02   1.3821278E+02   1.3873603E+02   1.3860920E+02   1.3835726E+02
  1.3805270E+02   1.3806483E+02   1.3774704E+02   1.3826207E+02   1.3865429E+02   1.3812817E+02   1.3826880E+02   1.3836092E+02   1.3785075E+02   1.3803276E+02
  1.3758321E+02   1.3693449E+02   1.3685912E+02   1.3704593E+02   1.3624647E+02   1.3598428E+02   1.3567339E+02   1.3585360E+02   1.3647775E+02   1.3683897E+02
  1.3727640E+02   1.3676756E+02   1.3679090E+02   1.3668283E+02   1.3653492E+02   1.3634402E+02   1.3642876E+02   1.3599246E+02   1.3616722E+02   1.3581826E+02
  1.3527128E+02   1.3572279E+02   1.3564556E+02   1.3554930E+02   1.3520619E+02   1.3512839E+02   1.3553627E+02   1.3602958E+02   1.3598353E+02   1.3535012E+02
  1.3544975E+02   1.3549876E+02   1.3545336E+02   1.3532369E+02   1.3597223E+02   1.3588797E+02   1.3590961E+02   1.3616652E+02   1.3626955E+02   1.3565569E+02
  1.3521132E+02   1.3505573E+02   1.3464929E+02   1.3403104E+02   1.3335433E+02   1.3328874E+02   1.3348480E+02   1.3408312E+02   1.3436314E+02   1.3471308E+02
  1.3448965E+02   1.3484141E+02   1.3497902E+02   1.3525608E+02   1.3443680E+02   1.3437966E+02   1.3460615E+02   1.3445304E+02   1.3475310E+02   1.3463650E+02
  1.3521768E+02   1.3515268E+02   1.3474357E+02   1.3437455E+02   1.3425856E+02   1.3404303E+02   1.3379470E+02   1.3376366E+02   1.3367462E+02   1.3375392E+02
  1.3332302E+02   1.3308210E+02   1.3299650E+02   1.3305469E+02   1.3344691E+02   1.3401792E+02   1.3370323E+02   1.3343423E+02   1.3359212E+02   1.3339569E+02
  1.3280680E+02   1.3321658E+02   1.3263332E+02   1.3307223E+02   1.3285557E+02   1.3290839E+02   1.3343382E+02   1.3404326E+02   1.3367290E+02   1.3391158E+02
  1.3413609E+02   1.3447017E+02   1.3444783E+02   1.3439299E+02   1.3535527E+02   1.3588183E+02   1.3542131E+02   1.3460307E+02   1.3553306E+02   1.3599669E+02
  1.3531940E+02   1.3479814E+02   1.3461457E+02   1.3446407E+02   1.3409753E+02   1.3402343E+02   1.3446721E+02   1.3437039E+02   1.3475968E+02   1.3465550E+02
  1.3474120E+02   1.3468259E+02   1.3515978E+02   1.3500842E+02   1.3481702E+02   1.3509580E+02   1.3484801E+02   1.3416649E+02   1.3463982E+02   1.3463127E+02
  1.3484433E+02   1.3498078E+02   1.3494531E+02   1.3485289E+02   1.3500882E+02   1.3561617E+02   1.3585841E+02   1.3585820E+02   1.3581863E+02   1.3504157E+02
  1.3512792E+02   1.3536601E+02   1.3543349E+02   1.3569992E+02   1.3564185E+02   1.3553592E+02   1.3543658E+02   1.3517118E+02   1.3483040E+02   1.3489387E+02
  1.3452765E+02   1.3429022E+02   1.3449863E+02   1.3389067E+02   1.3364895E+02   1.3401151E+02   1.3442408E+02   1.3410341E+02   1.3420749E+02   1.3342106E+02
  1.3283330E+02   1.3227390E+02   1.3267345E+02   1.3324891E+02   1.3366174E+02   1.3320912E+02   1.3278967E+02   1.3286683E+02   1.3235344E+02   1.3216564E+02
  1.3258853E+02   1.3267818E+02   1.3230614E+02   1.3208042E+02   1.3220575E+02   1.3244230E+02   1.3243957E+02   1.3242113E+02   1.3216821E+02   1.3233513E+02
  1.3279922E+02   1.3297331E+02   1.3311197E+02   1.3281274E+02   1.3242999E+02   1.3244693E+02   1.3255302E+02   1.3214354E+02   1.3244368E+02   1.3262165E+02
  1.3279947E+02   1.3264693E+02   1.3257059E+02   1.3254479E+02   1.3178801E+02   1.3159163E+02   1.3191594E+02   1.3229674E+02   1.3186075E+02   1.3143253E+02
  1.3163107E+02   1.3152393E+02   1.3161086E+02   1.3122347E+02   1.3138547E+02   1.3175411E+02   1.3236387E+02   1.3233598E+02   1.3265415E+02   1.3227400E+02
  1.3175309E+02   1.3196120E+02   1.3166508E+02   1.3137113E+02   1.3141719E+02   1.3147595E+02   1.3072239E+02   1.3147845E+02   1.3176378E+02   1.3218982E+02
  1.3198007E+02   1.3159964E+02   1.3192048E+02   1.3150626E+02   1.3110863E+02   1.3173868E+02   1.3129282E+02   1.3130586E+02   1.3075991E+02   1.3085503E+02
  1.3094616E+02   1.3128634E+02   1.3131504E+02   1.3174118E+02   1.3149854E+02   1.3201187E+02   1.3200954E+02   1.3215512E+02   1.3201164E+02   1.3205782E+02
  1.3205444E+02   1.3206525E+02   1.3197784E+02   1.3227866E+02   1.3264403E+02   1.3307640E+02   1.3281543E+02   1.3275163E+02   1.3349707E+02   1.3346841E+02
  1.3365508E+02   1.3397905E+02   1.3439593E+02   1.3394634E+02   1.3360780E+02   1.3365455E+02   1.3333195E+02   1.3295013E+02   1.3334241E+02   1.3408129E+02
  1.3333792E+02   1.3330734E+02   1.3368738E+02   1.3392382E+02   1.3388411E+02   1.3481342E+02   1.3451691E+02   1.3451348E+02   1.3438116E+02   1.3420894E+02
  1.3393519E+02   1.3420342E+02   1.3438741E+02   1.3421371E+02   1.3451508E+02   1.3457580E+02   1.3483122E+02   1.3460792E+02   1.3494808E+02   1.3556978E+02
  1.3445559E+02   1.3427101E+02   1.3371282E+02   1.3374729E+02   1.3376535E+02   1.3414748E+02   1.3418186E+02   1.3401595E+02   1.3391057E+02   1.3422518E+02
  1.3425827E+02   1.3373911E+02   1.3431759E+02   1.3453164E+02   1.3406083E+02   1.3360087E+02   1.3306865E+02   1.3382942E+02   1.3394880E+02   1.3374370E+02
  1.3372817E+02   1.3394649E+02   1.3388062E+02   1.3429717E+02   1.3379903E+02   1.3339452E+02   1.3310136E+02   1.3294221E+02   1.3303852E+02   1.3373252E+02
  1.3370288E+02   1.3361132E+02   1.3345785E+02   1.3337290E+02   1.3330036E+02   1.3361773E+02   1.3328142E+02   1.3276304E+02   1.3284715E+02   1.3339378E+02
  1.3380761E+02   1.3371301E+02   1.3292418E+02   1.3290853E+02   1.3251168E+02   1.3238224E+02   1.3233286E+02   1.3184212E+02   1.3218058E+02   1.3188056E+02
  1.3187751E+02   1.3200426E+02   1.3153316E+02   1.3117170E+02   1.3194103E+02   1.3203398E+02   1.3182976E+02   1.3228294E+02   1.3209895E+02   1.3126375E+02
  1.3125885E+02   1.3191785E+02   1.3202512E+02   1.3178738E+02   1.3216327E+02   1.3216045E+02   1.3215010E+02   1.3200639E+02   1.3278923E+02   1.3336312E+02
  1.3323378E+02   1.3364964E+02   1.3284212E+02   1.3303066E+02   1.3305392E+02   1.3271269E+02   1.3241772E+02   1.3260584E+02   1.3312923E+02   1.3323881E+02
  1.3308018E+02   1.3248487E+02   1.3245401E+02   1.3252010E+02   1.3327637E+02   1.3254347E+02   1.3261298E+02   1.3288071E+02   1.3275136E+02   1.3278627E+02
  1.3226996E+02   1.3254962E+02   1.3222667E+02   1.3292276E+02   1.3218951E+02   1.3234687E+02   1.3197208E+02   1.3218365E+02   1.3217148E+02   1.3236555E+02
  1.3254971E+02   1.3244938E+02   1.3208265E+02   1.3212794E+02   1.3313076E+02   1.3314647E+02   1.3323799E+02   1.3333029E+02   1.3307130E+02   1.3292063E+02
  1.3327873E+02   1.3368964E+02   1.3360358E+02   1.3345175E+02   1.3350969E+02   1.3342377E+02   1.3324068E+02   1.3374881E+02   1.3412719E+02   1.3355566E+02
  1.3335363E+02   1.3305306E+02   1.3337349E+02   1.3292547E+02   1.3326251E+02   1.3392880E+02   1.3400267E+02   1.3369724E+02   1.3338479E+02   1.3272126E+02
  1.3356140E+02   1.3303473E+02   1.3305287E+02   1.3290406E+02   1.3317688E+02   1.3375328E+02   1.3358011E+02   1.3285042E+02   1.3258496E+02   1.3182817E+02
  1.3180431E+02   1.3184788E+02   1.3311701E+02   1.3346137E+02   1.3356098E+02   1.3309987E+02   1.3231047E+02   1.3200985E+02   1.3197163E+02   1.3224998E+02
  1.3193577E+02   1.3186606E+02   1.3225685E+02   1.3258257E+02   1.3293190E+02   1.3256282E+02   1.3280594E+02   1.3258053E+02   1.3222250E+02   1.3238011E+02
  1.3240693E+02   1.3247937E+02   1.3215932E+02   1.3230183E+02   1.3278046E+02   1.3193314E+02   1.3227658E+02   1.3190812E+02   1.3194501E+02   1.3208137E+02
  1.3229220E+02   1.3189802E+02   1.3170826E+02   1.3161902E+02   1.3162297E+02   1.3267404E+02   1.3288446E+02   1.3222231E+02   1.3251201E+02   1.3232941E+02
  1.3260816E+02   1.3234778E+02   1.3191067E+02   1.3167087E+02   1.3157952E+02   1.3128385E+02   1.3107529E+02   1.3091053E+02   1.3042024E+02   1.3019017E+02
  1.3009293E+02   1.3012978E+02   1.3034398E+02   1.3054500E+02   1.3078323E+02   1.3011954E+02   1.2979956E+02   1.3036005E+02   1.3040499E+02   1.3014362E+02
  1.2970754E+02   1.3001191E+02   1.3014898E+02   1.3029347E+02   1.3001187E+02   1.2989197E+02   1.3017018E+02   1.3001648E+02   1.3073070E+02   1.3073778E+02
  1.3118651E+02   1.3097694E+02   1.3062328E+02   1.3101692E+02   1.3125308E+02   1.3106994E+02   1.3083002E+02   1.3065775E+02   1.3039341E+02   1.3068691E+02
  1.3083695E+02   1.3103860E+02   1.3142065E+02   1.3236597E+02   1.3217704E+02   1.3209054E+02   1.3179534E+02   1.3122538E+02   1.3110174E+02   1.3099349E+02
  1.3090795E+02   1.3120296E+02   1.3112727E+02   1.3102893E+02   1.3077999E+02   1.3079443E+02   1.3084504E+02   1.3092382E+02   1.3124770E+02   1.3104973E+02
  1.3101839E+02   1.3073359E+02   1.3068463E+02   1.3070606E+02   1.3068614E+02   1.3094200E+02   1.3118945E+02   1.3067809E+02   1.3063200E+02   1.3034880E+02
  1.3112441E+02   1.3215337E+02   1.3173656E+02   1.3142781E+02   1.3201950E+02   1.3217939E+02   1.3198299E+02   1.3144275E+02   1.3094097E+02   1.3084946E+02
  1.3054327E+02   1.3037905E+02   1.3033778E+02   1.3099354E+02   1.3108525E+02   1.3141170E+02   1.3123532E+02   1.3097049E+02   1.3073609E+02   1.3041080E+02
  1.3018201E+02   1.3014604E+02   1.2950484E+02   1.2936262E+02   1.2931552E+02   1.2937995E+02   1.2950618E+02   1.2938100E+02   1.2908189E+02   1.2890395E+02
  1.2928470E+02   1.2970647E+02   1.2978514E+02   1.2990703E+02   1.2919335E+02   1.2956757E+02   1.2856840E+02   1.2883565E+02   1.2907536E+02   1.2919994E+02
  1.2926628E+02   1.2997170E+02   1.2950786E+02   1.3004822E+02   1.2980978E+02   1.2980543E+02   1.3057296E+02   1.3017490E+02   1.3053731E+02   1.3001529E+02
  1.3081122E+02   1.3074440E+02   1.3116286E+02   1.3068149E+02   1.3092294E+02   1.3034681E+02   1.3062574E+02   1.3012602E+02   1.3029414E+02   1.3040706E+02
  1.3055065E+02   1.3046978E+02   1.3046627E+02   1.3025571E+02   1.3020780E+02   1.3013797E+02   1.2941605E+02   1.2954087E+02   1.2986833E+02   1.3008637E+02
  1.3024162E+02   1.3032422E+02   1.2990913E+02   1.2958757E+02   1.2962732E+02   1.2921757E+02   1.2908575E+02   1.2966193E+02   1.3012385E+02   1.3019529E+02
  1.2995437E+02   1.2971840E+02   1.2902445E+02   1.2809036E+02   1.2822871E+02   1.2843623E+02   1.2907985E+02   1.2963297E+02   1.2971510E+02   1.3009752E+02
  1.3064745E+02   1.3043885E+02   1.3015991E+02   1.2945417E+02   1.2940483E+02   1.2940497E+02   1.2937817E+02   1.2972233E+02   1.3041816E+02   1.3096069E+02
  1.3036080E+02   1.3006353E+02   1.2979282E+02   1.2951068E+02   1.3023612E+02   1.2977908E+02   1.3003958E+02   1.2984347E+02   1.3065771E+02   1.3170912E+02
  1.3188450E+02   1.3216777E+02   1.3202533E+02   1.3146547E+02   1.3111649E+02   1.3142435E+02   1.3139230E+02   1.3102104E+02   1.3119448E+02   1.3107459E+02
  1.3072375E+02   1.3052644E+02   1.3103064E+02   1.3092986E+02   1.3112263E+02   1.3128821E+02   1.3153134E+02   1.3122259E+02   1.3169767E+02   1.3130438E+02
  1.3220972E+02   1.3233171E+02   1.3221172E+02   1.3242501E+02   1.3259562E+02   1.3247631E+02   1.3224947E+02   1.3216600E+02   1.3189349E+02   1.3240234E+02
  1.3229773E+02   1.3253272E+02   1.3199798E+02   1.3190180E+02   1.3222905E+02   1.3172428E+02   1.3217239E+02   1.3191743E+02   1.3180871E+02   1.3092755E+02
  1.3112168E+02   1.3083724E+02   1.3069702E+02   1.3056949E+02   1.3096839E+02   1.3127406E+02   1.3174658E+02   1.3212488E+02   1.3204904E+02   1.3175223E+02
  1.3154004E+02   1.3166371E+02   1.3235848E+02   1.3238999E+02   1.3251633E+02   1.3284792E+02   1.3340562E+02   1.3366250E+02   1.3352169E+02   1.3349082E+02
  1.3404782E+02   1.3388900E+02   1.3389567E+02   1.3422834E+02   1.3378690E+02   1.3361010E+02   1.3357060E+02   1.3327249E+02   1.3328283E+02   1.3333432E+02
  1.3284615E+02   1.3263195E+02   1.3255395E+02   1.3261467E+02   1.3247197E+02   1.3238599E+02   1.3207908E+02   1.3244368E+02   1.3221760E+02   1.3249728E+02
  1.3167061E+02   1.3077734E+02   1.3153473E+02   1.3183166E+02   1.3118250E+02   1.3033021E+02   1.3030748E+02   1.3061236E+02   1.3080125E+02   1.3056538E+02
  1.3057317E+02   1.3059031E+02   1.3081027E+02   1.3085027E+02   1.3104916E+02   1.3104392E+02   1.3035547E+02   1.3010258E+02   1.3018062E+02   1.3018781E+02
  1.3017833E+02   1.3030201E+02   1.2985124E+02   1.2963836E+02   1.3033828E+02   1.3023639E+02   1.3025730E+02   1.2982786E+02   1.3001061E+02   1.3021989E+02
  1.3028777E+02   1.3014732E+02   1.3016911E+02   1.3028071E+02   1.3085901E+02   1.3102078E+02   1.3068439E+02   1.3048400E+02   1.3064570E+02   1.3067194E+02
  1.3004381E+02   1.3038189E+02   1.3104859E+02   1.3120169E+02   1.3108657E+02   1.3062103E+02   1.3052640E+02   1.3032941E+02   1.3008345E+02   1.2988533E+02
  1.2936841E+02   1.2900356E+02   1.2912374E+02   1.2887822E+02   1.2877947E+02   1.2908646E+02   1.2884457E+02   1.2852477E+02   1.2872597E+02   1.2855405E+02
  1.2861652E+02   1.2893526E+02   1.2917276E+02   1.2866213E+02   1.2872165E+02   1.2864989E+02   1.2803144E+02   1.2830827E+02   1.2865590E+02   1.2873484E+02
  1.2832174E+02   1.2749705E+02   1.2780629E+02   1.2823816E+02   1.2795207E+02   1.2758205E+02   1.2735855E+02   1.2774142E+02   1.2785458E+02   1.2784522E+02
  1.2829056E+02   1.2822556E+02   1.2781106E+02   1.2845052E+02   1.2839507E+02   1.2790179E+02   1.2774370E+02   1.2838480E+02   1.2849574E+02   1.2901356E+02
  1.2887113E+02   1.2865118E+02   1.2916614E+02   1.2852270E+02   1.2823169E+02   1.2788041E+02   1.2747594E+02   1.2700412E+02   1.2723222E+02   1.2796775E+02
  1.2812076E+02   1.2746515E+02   1.2721084E+02   1.2763965E+02   1.2781328E+02   1.2760478E+02   1.2735713E+02   1.2757681E+02   1.2790243E+02   1.2826688E+02
  1.2790625E+02   1.2833599E+02   1.2827183E+02   1.2814648E+02   1.2832159E+02   1.2887291E+02   1.2884239E+02   1.2837315E+02   1.2824546E+02   1.2898397E+02
  1.2917554E+02   1.2958448E+02   1.2892437E+02   1.2883925E+02   1.2875129E+02   1.2866910E+02   1.2849306E+02   1.2894824E+02   1.2905624E+02   1.2911636E+02
  1.2927494E+02   1.2939520E+02   1.2916600E+02   1.2980624E+02   1.2972773E+02   1.2956388E+02   1.2985003E+02   1.3008410E+02   1.2962818E+02   1.2905377E+02
  1.2924097E+02   1.2992455E+02   1.2966576E+02   1.3045610E+02   1.3056479E+02   1.3109029E+02   1.3109202E+02   1.3094648E+02   1.3066919E+02   1.3102462E+02
  1.3076604E+02   1.3102569E+02   1.3075606E+02   1.3076487E+02   1.3062701E+02   1.3035276E+02   1.3073518E+02   1.3077964E+02   1.3073512E+02   1.3023777E+02
  1.3036677E+02   1.3032727E+02   1.3000966E+02   1.2910059E+02   1.2851399E+02   1.2843537E+02   1.2822189E+02   1.2854565E+02   1.2852377E+02   1.2885580E+02
  1.2869515E+02   1.2849437E+02   1.2903927E+02   1.2852797E+02   1.2832501E+02   1.2826357E+02   1.2824955E+02   1.2861786E+02   1.2863433E+02   1.2883307E+02
  1.2898240E+02   1.2876862E+02   1.2869370E+02   1.2868441E+02   1.2818945E+02   1.2792438E+02   1.2802619E+02   1.2779808E+02   1.2780767E+02   1.2781883E+02
  1.2806700E+02   1.2834445E+02   1.2869561E+02   1.2860482E+02   1.2892424E+02   1.2926076E+02   1.2921805E+02   1.2952505E+02   1.2957639E+02   1.2964831E+02
  1.2984999E+02   1.3049655E+02   1.3033382E+02   1.2950121E+02   1.2912909E+02   1.2929356E+02   1.2920111E+02   1.2936549E+02   1.2861481E+02   1.2916511E+02
  1.2885485E+02   1.2848303E+02   1.2841305E+02   1.2833876E+02   1.2885939E+02   1.2817936E+02   1.2787478E+02   1.2792455E+02   1.2825461E+02   1.2879828E+02
  1.2869254E+02   1.2913882E+02   1.2898591E+02   1.2898505E+02   1.2933777E+02   1.2964046E+02   1.2960565E+02   1.2925783E+02   1.2896540E+02   1.2883553E+02
  1.2854623E+02   1.2855222E+02   1.2762151E+02   1.2769394E+02   1.2773475E+02   1.2736571E+02   1.2706354E+02   1.2723444E+02   1.2756437E+02   1.2718307E+02
  1.2740390E+02   1.2744724E+02   1.2713464E+02   1.2676469E+02   1.2680654E+02   1.2673884E+02   1.2649637E+02   1.2665767E+02   1.2693942E+02   1.2803546E+02
  1.2775263E+02   1.2794796E+02   1.2835786E+02   1.2817829E+02   1.2824092E+02   1.2780356E+02   1.2794888E+02   1.2785464E+02   1.2785107E+02   1.2824175E+02
  1.2782024E+02   1.2779993E+02   1.2773922E+02   1.2726545E+02   1.2747562E+02   1.2725087E+02   1.2661321E+02   1.2679207E+02   1.2661620E+02   1.2695076E+02
  1.2604987E+02   1.2581611E+02   1.2620876E+02   1.2557842E+02   1.2571075E+02   1.2567232E+02   1.2530210E+02   1.2465448E+02   1.2475970E+02   1.2541254E+02
  1.2545953E+02   1.2622083E+02   1.2562120E+02   1.2624021E+02   1.2650619E+02   1.2691628E+02   1.2713096E+02   1.2721260E+02   1.2645837E+02   1.2616101E+02
  1.2593369E+02   1.2592774E+02   1.2641138E+02   1.2638731E+02   1.2592079E+02   1.2603655E+02   1.2590484E+02   1.2668967E+02   1.2707608E+02   1.2792050E+02
  1.2808262E+02   1.2721224E+02   1.2684588E+02   1.2676784E+02   1.2681829E+02   1.2669475E+02   1.2726532E+02   1.2666474E+02   1.2660918E+02   1.2681394E+02
  1.2683056E+02   1.2724235E+02   1.2764954E+02   1.2788292E+02   1.2767832E+02   1.2757511E+02   1.2655493E+02   1.2629110E+02   1.2605886E+02   1.2615171E+02
  1.2692712E+02   1.2703108E+02   1.2700568E+02   1.2713009E+02   1.2724009E+02   1.2803895E+02   1.2760039E+02   1.2760094E+02   1.2722428E+02   1.2660798E+02
  1.2621693E+02   1.2586208E+02   1.2662248E+02   1.2661715E+02   1.2657006E+02   1.2594275E+02   1.2570076E+02   1.2586469E+02   1.2486735E+02   1.2495239E+02
  1.2538949E+02   1.2562094E+02   1.2552685E+02   1.2552589E+02   1.2590315E+02   1.2545023E+02   1.2521262E+02   1.2533234E+02   1.2553793E+02   1.2579956E+02
  1.2629590E+02   1.2604614E+02   1.2608689E+02   1.2675806E+02   1.2645053E+02   1.2686548E+02   1.2713373E+02   1.2751130E+02   1.2810366E+02   1.2758766E+02
  1.2747890E+02   1.2804302E+02   1.2754058E+02   1.2804819E+02   1.2841912E+02   1.2796601E+02   1.2789436E+02   1.2802408E+02   1.2813423E+02   1.2833147E+02
  1.2825626E+02   1.2815077E+02   1.2816858E+02   1.2871229E+02   1.2859558E+02   1.2803851E+02   1.2761573E+02   1.2806846E+02   1.2803225E+02   1.2825387E+02
  1.2762102E+02   1.2786578E+02   1.2752050E+02   1.2717069E+02   1.2777507E+02   1.2797306E+02   1.2780927E+02   1.2822508E+02   1.2841971E+02   1.2846826E+02
  1.2895013E+02   1.2823041E+02   1.2786467E+02   1.2859882E+02   1.2885552E+02   1.2871698E+02   1.2831815E+02   1.2805296E+02   1.2722465E+02   1.2686442E+02
  1.2667866E+02   1.2607941E+02   1.2621209E+02   1.2635936E+02   1.2616367E+02   1.2558450E+02   1.2614160E+02   1.2638179E+02   1.2659420E+02   1.2642320E+02
  1.2630762E+02   1.2661493E+02   1.2711153E+02   1.2708310E+02   1.2741060E+02   1.2753688E+02   1.2772345E+02   1.2798775E+02   1.2728213E+02   1.2724349E+02
  1.2702036E+02   1.2707304E+02   1.2752271E+02   1.2751658E+02   1.2747784E+02   1.2789435E+02   1.2760581E+02   1.2757744E+02   1.2761270E+02   1.2777675E+02
  1.2792459E+02   1.2789831E+02   1.2795767E+02   1.2829563E+02   1.2829624E+02   1.2841701E+02   1.2803210E+02   1.2844644E+02   1.2817558E+02   1.2833665E+02
  1.2772783E+02   1.2788841E+02   1.2699435E+02   1.2672786E+02   1.2705959E+02   1.2694639E+02   1.2647272E+02   1.2674923E+02   1.2691427E+02   1.2669344E+02
  1.2712531E+02   1.2678792E+02   1.2735217E+02   1.2699465E+02   1.2686722E+02   1.2705724E+02   1.2726334E+02   1.2771315E+02   1.2797442E+02   1.2794299E+02
  1.2770810E+02   1.2739594E+02   1.2743475E+02   1.2722384E+02   1.2689863E+02   1.2694424E+02   1.2723832E+02   1.2672437E+02   1.2655209E+02   1.2644639E+02
  1.2635086E+02   1.2598705E+02   1.2599968E+02   1.2621675E+02   1.2661008E+02   1.2628989E+02   1.2590190E+02   1.2611119E+02   1.2540988E+02   1.2570392E+02
  1.2589411E+02   1.2547096E+02   1.2514348E+02   1.2500834E+02   1.2441447E+02   1.2436265E+02   1.2408472E+02   1.2409827E+02   1.2418235E+02   1.2480854E+02
  1.2477946E+02   1.2470520E+02   1.2487529E+02   1.2503119E+02   1.2507910E+02   1.2435855E+02   1.2386340E+02   1.2342812E+02   1.2323040E+02   1.2304155E+02
  1.2312884E+02   1.2343262E+02   1.2395263E+02   1.2370749E+02   1.2404789E+02   1.2434541E+02   1.2427646E+02   1.2405897E+02   1.2409552E+02   1.2431039E+02
  1.2421929E+02   1.2460644E+02   1.2441186E+02   1.2435206E+02   1.2481607E+02   1.2487573E+02   1.2528754E+02   1.2570065E+02   1.2598600E+02   1.2529978E+02
  1.2562084E+02   1.2530660E+02   1.2551624E+02   1.2604789E+02   1.2631421E+02   1.2598931E+02   1.2585294E+02   1.2539108E+02   1.2563898E+02   1.2563335E+02
  1.2609725E+02   1.2653843E+02   1.2652798E+02   1.2664766E+02   1.2604037E+02   1.2576707E+02   1.2543026E+02   1.2578977E+02   1.2547111E+02   1.2518129E+02
  1.2526116E+02   1.2507108E+02   1.2494586E+02   1.2457514E+02   1.2438912E+02   1.2399490E+02   1.2335562E+02   1.2348986E+02   1.2398201E+02   1.2425886E+02
  1.2447278E+02   1.2447451E+02   1.2396793E+02   1.2411124E+02   1.2446141E+02   1.2396356E+02   1.2399911E+02   1.2438552E+02   1.2415003E+02   1.2403467E+02
  1.2418899E+02   1.2472234E+02   1.2489561E+02   1.2457652E+02   1.2381021E+02   1.2411261E+02   1.2403108E+02   1.2365777E+02   1.2387125E+02   1.2392374E+02
  1.2404189E+02   1.2456932E+02   1.2482638E+02   1.2495544E+02   1.2504898E+02   1.2510205E+02   1.2528038E+02   1.2441273E+02   1.2470633E+02   1.2481543E+02
  1.2442120E+02   1.2377123E+02   1.2402462E+02   1.2418139E+02   1.2402910E+02   1.2432327E+02   1.2429403E+02   1.2417530E+02   1.2424453E+02   1.2498265E+02
  1.2519739E+02   1.2533807E+02   1.2492687E+02   1.2496415E+02   1.2495849E+02   1.2436318E+02   1.2444402E+02   1.2459823E+02   1.2422713E+02   1.2441639E+02
  1.2402045E+02   1.2427125E+02   1.2467395E+02   1.2517259E+02   1.2530452E+02   1.2533868E+02   1.2564320E+02   1.2496781E+02   1.2483311E+02   1.2491101E+02
  1.2482504E+02   1.2456125E+02   1.2420635E+02   1.2378008E+02   1.2398267E+02   1.2382219E+02   1.2427153E+02   1.2414208E+02   1.2387531E+02   1.2431698E+02
  1.2469738E+02   1.2495290E+02   1.2594863E+02   1.2607882E+02   1.2625754E+02   1.2599745E+02   1.2589121E+02   1.2643955E+02   1.2624622E+02   1.2597306E+02
  1.2566152E+02   1.2555571E+02   1.2507471E+02   1.2419651E+02   1.2449899E+02   1.2447873E+02   1.2463761E+02   1.2383347E+02   1.2420011E+02   1.2422845E+02
  1.2416750E+02   1.2447432E+02   1.2430298E+02   1.2486441E+02   1.2541601E+02   1.2498525E+02   1.2453950E+02   1.2420629E+02   1.2511261E+02   1.2533442E+02
  1.2521276E+02   1.2529247E+02   1.2526407E+02   1.2568300E+02   1.2572045E+02   1.2613524E+02   1.2596438E+02   1.2571265E+02   1.2658684E+02   1.2609263E+02
  1.2593623E+02   1.2555351E+02   1.2516575E+02   1.2563684E+02   1.2554733E+02   1.2509339E+02   1.2463569E+02   1.2455472E+02   1.2512387E+02   1.2465408E+02
  1.2487337E+02   1.2450861E+02   1.2380289E+02   1.2406861E+02   1.2440278E+02   1.2415494E+02   1.2467441E+02   1.2545861E+02   1.2570909E+02   1.2563322E+02
  1.2597861E+02   1.2576521E+02   1.2527957E+02   1.2544638E+02   1.2580440E+02   1.2528962E+02   1.2512665E+02   1.2514468E+02   1.2484325E+02   1.2443663E+02
  1.2458957E+02   1.2435133E+02   1.2422509E+02   1.2445115E+02   1.2424194E+02   1.2433061E+02   1.2403575E+02   1.2382963E+02   1.2372042E+02   1.2351457E+02
  1.2377048E+02   1.2421450E+02   1.2441230E+02   1.2474483E+02   1.2418076E+02   1.2395426E+02   1.2385463E+02   1.2417537E+02   1.2387135E+02   1.2399703E+02
  1.2375428E+02   1.2392740E+02   1.2333717E+02   1.2342134E+02   1.2376705E+02   1.2346337E+02   1.2307790E+02   1.2359131E+02   1.2334976E+02   1.2382788E+02
  1.2388616E+02   1.2380119E+02   1.2335056E+02   1.2341100E+02   1.2372705E+02   1.2399451E+02   1.2381146E+02   1.2351818E+02   1.2408046E+02   1.2397145E+02
  1.2440445E+02   1.2415500E+02   1.2415635E+02   1.2402907E+02   1.2390677E+02   1.2466733E+02   1.2455094E+02   1.2409930E+02   1.2421180E+02   1.2428186E+02
  1.2373934E+02   1.2377173E+02   1.2345375E+02   1.2376103E+02   1.2367559E+02   1.2312529E+02   1.2275993E+02   1.2267350E+02   1.2255016E+02   1.2286246E+02
  1.2326168E+02   1.2376481E+02   1.2338825E+02   1.2317361E+02   1.2344638E+02   1.2353139E+02   1.2364597E+02   1.2290916E+02   1.2282870E+02   1.2311316E+02
  1.2284215E+02   1.2257505E+02   1.2208938E+02   1.2203795E+02   1.2190244E+02   1.2220389E+02   1.2174155E+02   1.2146484E+02   1.2125016E+02   1.2121014E+02
  1.2085508E+02   1.2063609E+02   1.2023036E+02   1.2058175E+02   1.2146672E+02   1.2180941E+02   1.2137915E+02   1.2172889E+02   1.2245578E+02   1.2275995E+02
  1.2310506E+02   1.2236529E+02   1.2245224E+02   1.2202541E+02   1.2231400E+02   1.2230633E+02   1.2220996E+02   1.2157596E+02   1.2103995E+02   1.2158498E+02
  1.2168765E+02   1.2146206E+02   1.2241764E+02   1.2251847E+02   1.2220099E+02   1.2205129E+02   1.2216483E+02   1.2242963E+02   1.2215668E+02   1.2213138E+02
  1.2280083E+02   1.2270798E+02   1.2275370E+02   1.2235226E+02   1.2302303E+02   1.2298727E+02   1.2306322E+02   1.2197961E+02   1.2180332E+02   1.2107305E+02
  1.2128301E+02   1.2134011E+02   1.2076628E+02   1.2116735E+02   1.2105204E+02   1.2116129E+02   1.2104971E+02   1.2076738E+02   1.2129113E+02   1.2173188E+02
  1.2195788E+02   1.2231142E+02   1.2218355E+02   1.2202862E+02   1.2178609E+02   1.2149155E+02   1.2131755E+02   1.2213506E+02   1.2155511E+02   1.2109682E+02
  1.2147544E+02   1.2180535E+02   1.2172798E+02   1.2136045E+02   1.2158830E+02   1.2145509E+02   1.2177575E+02   1.2141922E+02   1.2133371E+02   1.2078226E+02
  1.2072733E+02   1.2070994E+02   1.2086431E+02   1.2140487E+02   1.2154159E+02   1.2160768E+02   1.2125462E+02   1.2115190E+02   1.2129452E+02   1.2199813E+02
  1.2187080E+02   1.2171901E+02   1.2184529E+02   1.2140741E+02   1.2101540E+02   1.2156791E+02   1.2157420E+02   1.2188138E+02   1.2214475E+02   1.2269704E+02
  1.2294897E+02   1.2312650E+02   1.2260469E+02   1.2242456E+02   1.2279255E+02   1.2240355E+02   1.2193931E+02   1.2216143E+02   1.2220139E+02   1.2221839E+02
  1.2182929E+02   1.2145614E+02   1.2146877E+02   1.2147084E+02   1.2103977E+02   1.2160346E+02   1.2207092E+02   1.2234754E+02   1.2252867E+02   1.2330215E+02
  1.2333114E+02   1.2348888E+02   1.2408578E+02   1.2334466E+02   1.2361467E+02   1.2383486E+02   1.2323191E+02   1.2290594E+02   1.2258430E+02   1.2274095E+02
  1.2276133E+02   1.2323468E+02   1.2315030E+02   1.2308931E+02   1.2275058E+02   1.2258632E+02   1.2274785E+02   1.2258068E+02   1.2244378E+02   1.2266880E+02
  1.2256015E+02   1.2310623E+02   1.2300732E+02   1.2298977E+02   1.2290003E+02   1.2344100E+02   1.2368409E+02   1.2382028E+02   1.2386267E+02   1.2349302E+02
  1.2346508E+02   1.2319944E+02   1.2332128E+02   1.2267658E+02   1.2300453E+02   1.2226732E+02   1.2187643E+02   1.2147129E+02   1.2177332E+02   1.2157637E+02
  1.2111893E+02   1.2125746E+02   1.2122063E+02   1.2123235E+02   1.2207505E+02   1.2184732E+02   1.2170986E+02   1.2134902E+02   1.2172877E+02   1.2214275E+02
  1.2168068E+02   1.2174331E+02   1.2163279E+02   1.2164497E+02   1.2180767E+02   1.2133365E+02   1.2109019E+02   1.2089945E+02   1.2100565E+02   1.2104440E+02
  1.2093525E+02   1.2031930E+02   1.2028320E+02   1.2061917E+02   1.2065736E+02   1.2041884E+02   1.2102977E+02   1.2052995E+02   1.2055904E+02   1.2056207E+02
  1.2070572E+02   1.2029680E+02   1.1955703E+02   1.1908660E+02   1.1905362E+02   1.1954342E+02   1.1949257E+02   1.1921970E+02   1.1969228E+02   1.2011489E+02
  1.1959646E+02   1.1956155E+02   1.1939177E+02   1.1998848E+02   1.2006932E+02   1.1982492E+02   1.1980606E+02   1.1931667E+02   1.1940181E+02   1.1973855E+02
  1.1974098E+02   1.1976503E+02   1.1940196E+02   1.1914679E+02   1.1967656E+02   1.2020631E+02   1.2027231E+02   1.2072654E+02   1.2040769E+02   1.2083984E+02
  1.2099331E+02   1.2068016E+02   1.2081799E+02   1.2126992E+02   1.2181876E+02   1.2158056E+02   1.2174537E+02   1.2177367E+02   1.2262349E+02   1.2239878E+02
  1.2254902E+02   1.2252079E+02   1.2319978E+02   1.2333753E+02   1.2364409E+02   1.2376216E+02   1.2339043E+02   1.2329844E+02   1.2269441E+02   1.2289527E+02
  1.2266471E+02   1.2330192E+02   1.2308516E+02   1.2290741E+02   1.2332824E+02   1.2305698E+02   1.2266649E+02   1.2236487E+02   1.2253869E+02   1.2243057E+02
  1.2284966E+02   1.2246107E+02   1.2203838E+02   1.2167410E+02   1.2139932E+02   1.2124185E+02   1.2082027E+02   1.2110616E+02   1.2098007E+02   1.2101670E+02
  1.2080106E+02   1.2116235E+02   1.2149806E+02   1.2156303E+02   1.2169073E+02   1.2161303E+02   1.2158023E+02   1.2158174E+02   1.2190791E+02   1.2182124E+02
  1.2128195E+02   1.2054203E+02   1.2003417E+02   1.2023162E+02   1.2044777E+02   1.2003493E+02   1.2042827E+02   1.2011407E+02   1.2006209E+02   1.2035968E+02
  1.2059746E+02   1.2052440E+02   1.2043441E+02   1.2027243E+02   1.2034344E+02   1.1994722E+02   1.2025389E+02   1.2037691E+02   1.2058993E+02   1.2024026E+02
  1.2019579E+02   1.2022753E+02   1.1991230E+02   1.1992273E+02   1.2044655E+02   1.2072118E+02   1.2071681E+02   1.2067186E+02   1.2010315E+02   1.2031665E+02
  1.1970790E+02   1.2003244E+02   1.2025621E+02   1.2057464E+02   1.2010676E+02   1.2062226E+02   1.1984485E+02   1.1929879E+02   1.1952703E+02   1.1978229E+02
  1.1958296E+02   1.1973064E+02   1.1980008E+02   1.1966587E+02   1.1977930E+02   1.1957000E+02   1.2014557E+02   1.1990246E+02   1.2010924E+02   1.1963601E+02
  1.1983926E+02   1.2025131E+02   1.2034464E+02   1.1987356E+02   1.1979397E+02   1.1947385E+02   1.1959882E+02   1.1973838E+02   1.2014453E+02   1.1970637E+02
  1.1983090E+02   1.2017061E+02   1.2037854E+02   1.2074105E+02   1.2086331E+02   1.2092260E+02   1.2123401E+02   1.2122228E+02   1.2159261E+02   1.2158650E+02
  1.2232787E+02   1.2209805E+02   1.2184082E+02   1.2224328E+02   1.2232562E+02   1.2174932E+02   1.2141564E+02   1.2143468E+02   1.2095197E+02   1.2110005E+02
  1.2074012E+02   1.2101042E+02   1.2066630E+02   1.2045330E+02   1.2024318E+02   1.2015838E+02   1.2018717E+02   1.1993624E+02   1.1952010E+02   1.1910051E+02
  1.1924574E+02   1.1901122E+02   1.1825785E+02   1.1875491E+02   1.1866911E+02   1.1899609E+02   1.1897581E+02   1.1873011E+02   1.1893150E+02   1.1883674E+02
  1.1861316E+02   1.1831671E+02   1.1780389E+02   1.1754077E+02   1.1765935E+02   1.1827509E+02   1.1824059E+02   1.1845906E+02   1.1801114E+02   1.1733053E+02
  1.1756668E+02   1.1748955E+02   1.1788410E+02   1.1766186E+02   1.1798213E+02   1.1769377E+02   1.1714967E+02   1.1753040E+02   1.1712033E+02   1.1759998E+02
  1.1802814E+02   1.1805794E+02   1.1839749E+02   1.1833419E+02   1.1823518E+02   1.1797902E+02   1.1795796E+02   1.1793282E+02   1.1814923E+02   1.1770777E+02
  1.1787074E+02   1.1796559E+02   1.1826223E+02   1.1769156E+02   1.1748770E+02   1.1772952E+02   1.1799562E+02   1.1763657E+02   1.1774752E+02   1.1810662E+02
  1.1820309E+02   1.1884052E+02   1.1834749E+02   1.1869429E+02   1.1821345E+02   1.1815910E+02   1.1842777E+02   1.1868972E+02   1.1837264E+02   1.1789427E+02
  1.1778470E+02   1.1771704E+02   1.1765233E+02   1.1723170E+02   1.1715278E+02   1.1691959E+02   1.1673836E+02   1.1724779E+02   1.1717843E+02   1.1719045E+02
  1.1726572E+02   1.1722336E+02   1.1723676E+02   1.1769039E+02   1.1784176E+02   1.1769759E+02   1.1769757E+02   1.1787405E+02   1.1781639E+02   1.1821143E+02
  1.1815827E+02   1.1817285E+02   1.1847351E+02   1.1883468E+02   1.1910617E+02   1.1879383E+02   1.1846804E+02   1.1829368E+02   1.1795269E+02   1.1766165E+02
  1.1769988E+02   1.1740045E+02   1.1719585E+02   1.1765089E+02   1.1741870E+02   1.1782638E+02   1.1759398E+02   1.1806171E+02   1.1806249E+02   1.1814516E+02
  1.1795880E+02   1.1783708E+02   1.1811875E+02   1.1789227E+02   1.1789983E+02   1.1753228E+02   1.1768259E+02   1.1792159E+02   1.1779007E+02   1.1727542E+02
  1.1680243E+02   1.1648943E+02   1.1699043E+02   1.1672842E+02   1.1640877E+02   1.1665478E+02   1.1692154E+02   1.1644248E+02   1.1608735E+02   1.1633877E+02
  1.1649328E+02   1.1679075E+02   1.1739031E+02   1.1768987E+02   1.1768589E+02   1.1771012E+02   1.1759557E+02   1.1771822E+02   1.1724574E+02   1.1688776E+02
  1.1683129E+02   1.1697004E+02   1.1684037E+02   1.1715064E+02   1.1673576E+02   1.1630094E+02   1.1669802E+02   1.1659564E+02   1.1666412E+02   1.1626261E+02
  1.1617557E+02   1.1670193E+02   1.1687263E+02   1.1682622E+02   1.1668037E+02   1.1662312E+02   1.1633328E+02   1.1603087E+02   1.1585101E+02   1.1584917E+02
  1.1615218E+02   1.1591676E+02   1.1586821E+02   1.1595061E+02   1.1564457E+02   1.1564639E+02   1.1579121E+02   1.1586106E+02   1.1586285E+02   1.1648326E+02
  1.1712243E+02   1.1718506E+02   1.1675168E+02   1.1687024E+02   1.1707857E+02   1.1692022E+02   1.1677125E+02   1.1724304E+02   1.1720698E+02   1.1721520E+02
  1.1709708E+02   1.1647929E+02   1.1657841E+02   1.1660685E+02   1.1648105E+02   1.1659062E+02   1.1652604E+02   1.1655269E+02   1.1608026E+02   1.1577934E+02
  1.1548980E+02   1.1590241E+02   1.1594707E+02   1.1602618E+02   1.1625753E+02   1.1638468E+02   1.1655347E+02   1.1645905E+02   1.1673292E+02   1.1697355E+02
  1.1617739E+02   1.1587764E+02   1.1558569E+02   1.1536822E+02   1.1543843E+02   1.1556672E+02   1.1587424E+02   1.1571022E+02   1.1571352E+02   1.1613834E+02
  1.1613781E+02   1.1651937E+02   1.1656870E+02   1.1674855E+02   1.1693289E+02   1.1788911E+02   1.1755085E+02   1.1700846E+02   1.1698775E+02   1.1662541E+02
  1.1667894E+02   1.1687716E+02   1.1682156E+02   1.1775096E+02   1.1775608E+02   1.1736635E+02   1.1741609E+02   1.1680130E+02   1.1685526E+02   1.1704315E+02
  1.1708956E+02   1.1706107E+02   1.1661131E+02   1.1667669E+02   1.1692390E+02   1.1697425E+02   1.1642746E+02   1.1654364E+02   1.1599001E+02   1.1621977E+02
  1.1661043E+02   1.1681551E+02   1.1680452E+02   1.1675514E+02   1.1649076E+02   1.1634367E+02   1.1647710E+02   1.1657524E+02   1.1657114E+02   1.1655961E+02
  1.1625746E+02   1.1624941E+02   1.1625574E+02   1.1569976E+02   1.1625465E+02   1.1606852E+02   1.1640657E+02   1.1620968E+02   1.1621151E+02   1.1607271E+02
  1.1656106E+02   1.1735980E+02   1.1721766E+02   1.1709446E+02   1.1674135E+02   1.1629245E+02   1.1621187E+02   1.1593120E+02   1.1613894E+02   1.1595776E+02
  1.1585822E+02   1.1582791E+02   1.1618632E+02   1.1600313E+02   1.1609056E+02   1.1586143E+02   1.1587981E+02   1.1580200E+02   1.1576420E+02   1.1597597E+02
  1.1563775E+02   1.1532119E+02   1.1537824E+02   1.1477499E+02   1.1489282E+02   1.1501917E+02   1.1488914E+02   1.1519378E+02   1.1585161E+02   1.1615384E+02
  1.1541622E+02   1.1500724E+02   1.1552860E+02   1.1561514E+02   1.1467198E+02   1.1502493E+02   1.1489952E+02   1.1461738E+02   1.1448623E+02   1.1484257E+02
  1.1523896E+02   1.1576589E+02   1.1554936E+02   1.1630534E+02   1.1631933E+02   1.1626439E+02   1.1671669E+02   1.1738458E+02   1.1705908E+02   1.1661533E+02
  1.1634660E+02   1.1650386E+02   1.1625223E+02   1.1634916E+02   1.1619716E+02   1.1568709E+02   1.1592952E+02   1.1601793E+02   1.1617366E+02   1.1575436E+02
  1.1591838E+02   1.1569653E+02   1.1591498E+02   1.1603450E+02   1.1616260E+02   1.1601495E+02   1.1607152E+02   1.1601901E+02   1.1568998E+02   1.1634380E+02
  1.1614758E+02   1.1601412E+02   1.1630430E+02   1.1680965E+02   1.1694910E+02   1.1645344E+02   1.1644670E+02   1.1570766E+02   1.1580165E+02   1.1625106E+02
  1.1605200E+02   1.1625381E+02   1.1634055E+02   1.1626269E+02   1.1619542E+02   1.1589097E+02   1.1632024E+02   1.1636488E+02   1.1679505E+02   1.1677895E+02
  1.1736110E+02   1.1640594E+02   1.1695427E+02   1.1737244E+02   1.1723164E+02   1.1714923E+02   1.1708204E+02   1.1723451E+02   1.1708929E+02   1.1706784E+02
  1.1729554E+02   1.1626959E+02   1.1601734E+02   1.1635811E+02   1.1630843E+02   1.1597959E+02   1.1586672E+02   1.1561756E+02   1.1559981E+02   1.1603507E+02
  1.1590173E+02   1.1590079E+02   1.1593548E+02   1.1606887E+02   1.1616358E+02   1.1657267E+02   1.1651843E+02   1.1647498E+02   1.1675021E+02   1.1716373E+02
  1.1652080E+02   1.1589892E+02   1.1582166E+02   1.1605567E+02   1.1658853E+02   1.1618668E+02   1.1672625E+02   1.1627101E+02   1.1637629E+02   1.1618794E+02
  1.1634717E+02   1.1550094E+02   1.1540203E+02   1.1525903E+02   1.1507095E+02   1.1531460E+02   1.1603681E+02   1.1588598E+02   1.1576675E+02   1.1562361E+02
  1.1520986E+02   1.1441378E+02   1.1465644E+02   1.1488392E+02   1.1496161E+02   1.1516842E+02   1.1513987E+02   1.1439386E+02   1.1407960E+02   1.1432933E+02
  1.1436613E+02   1.1438604E+02   1.1415295E+02   1.1403525E+02   1.1404391E+02   1.1364589E+02   1.1373330E+02   1.1377263E+02   1.1420244E+02   1.1432213E+02
  1.1411282E+02   1.1387346E+02   1.1398721E+02   1.1438034E+02   1.1462516E+02   1.1472121E+02   1.1539798E+02   1.1515079E+02   1.1500941E+02   1.1495867E+02
  1.1538395E+02   1.1516052E+02   1.1507654E+02   1.1505446E+02   1.1498694E+02   1.1502826E+02   1.1512052E+02   1.1558006E+02   1.1537021E+02   1.1602718E+02
  1.1588863E+02   1.1572270E+02   1.1531872E+02   1.1557401E+02   1.1565252E+02   1.1541248E+02   1.1530348E+02   1.1543776E+02   1.1551762E+02   1.1563892E+02
  1.1547201E+02   1.1535395E+02   1.1527150E+02   1.1570123E+02   1.1486863E+02   1.1406020E+02   1.1430610E+02   1.1424784E+02   1.1355308E+02   1.1381016E+02
  1.1417962E+02   1.1444907E+02   1.1464476E+02   1.1486977E+02   1.1500631E+02   1.1490882E+02   1.1511927E+02   1.1534941E+02   1.1498224E+02   1.1494408E+02
  1.1595884E+02   1.1597765E+02   1.1592532E+02   1.1605114E+02   1.1637047E+02   1.1604917E+02   1.1602958E+02   1.1560303E+02   1.1548323E+02   1.1547916E+02
  1.1558991E+02   1.1515564E+02   1.1511611E+02   1.1469308E+02   1.1466262E+02   1.1459639E+02   1.1465052E+02   1.1504981E+02   1.1541280E+02   1.1596171E+02
  1.1563621E+02   1.1554788E+02   1.1537724E+02   1.1549726E+02   1.1519617E+02   1.1502813E+02   1.1441699E+02   1.1494407E+02   1.1452338E+02   1.1470556E+02
  1.1508109E+02   1.1547858E+02   1.1512461E+02   1.1545634E+02   1.1474688E+02   1.1422891E+02   1.1375718E+02   1.1370942E+02   1.1396822E+02   1.1442373E+02
  1.1394981E+02   1.1418577E+02   1.1425017E+02   1.1403960E+02   1.1409230E+02   1.1439826E+02   1.1518331E+02   1.1503653E+02   1.1503716E+02   1.1455057E+02
  1.1393242E+02   1.1375162E+02   1.1337817E+02   1.1352953E+02   1.1349221E+02   1.1363423E+02   1.1383230E+02   1.1328653E+02   1.1370066E+02   1.1333230E+02
  1.1285800E+02   1.1334739E+02   1.1303017E+02   1.1264102E+02   1.1255302E+02   1.1282734E+02   1.1239317E+02   1.1255049E+02   1.1275201E+02   1.1274389E+02
  1.1299771E+02   1.1287065E+02   1.1327258E+02   1.1366291E+02   1.1396591E+02   1.1423076E+02   1.1410339E+02   1.1424338E+02   1.1434019E+02   1.1483672E+02
  1.1572999E+02   1.1585514E+02   1.1549442E+02   1.1588986E+02   1.1531194E+02   1.1540166E+02   1.1487055E+02   1.1468476E+02   1.1464604E+02   1.1479215E+02
  1.1434263E+02   1.1434310E+02   1.1440619E+02   1.1445098E+02   1.1461842E+02   1.1497817E+02   1.1462682E+02   1.1471886E+02   1.1494935E+02   1.1453333E+02
  1.1461116E+02   1.1384536E+02   1.1390201E+02   1.1392511E+02   1.1395208E+02   1.1385362E+02   1.1420233E+02   1.1372493E+02   1.1342035E+02   1.1366226E+02
  1.1346524E+02   1.1352159E+02   1.1313093E+02   1.1331258E+02   1.1309201E+02   1.1299619E+02   1.1322310E+02   1.1370343E+02   1.1346579E+02   1.1344444E+02
  1.1330646E+02   1.1318494E+02   1.1347070E+02   1.1341367E+02   1.1354409E+02   1.1349439E+02   1.1322629E+02   1.1313705E+02   1.1347187E+02   1.1418155E+02
  1.1429550E+02   1.1404814E+02   1.1359577E+02   1.1371957E+02   1.1323403E+02   1.1283332E+02   1.1271667E+02   1.1279344E+02   1.1267654E+02   1.1267902E+02
  1.1298211E+02   1.1343451E+02   1.1348074E+02   1.1353766E+02   1.1288093E+02   1.1295932E+02   1.1292600E+02   1.1274762E+02   1.1327368E+02   1.1346721E+02
  1.1339857E+02   1.1341494E+02   1.1308216E+02   1.1287772E+02   1.1297606E+02   1.1302768E+02   1.1342981E+02   1.1338032E+02   1.1301022E+02   1.1290938E+02
  1.1288645E+02   1.1289267E+02   1.1280760E+02   1.1275199E+02   1.1229015E+02   1.1245518E+02   1.1273554E+02   1.1251840E+02   1.1234028E+02   1.1202176E+02
  1.1256478E+02   1.1217141E+02   1.1197146E+02   1.1241675E+02   1.1281535E+02   1.1260787E+02   1.1304676E+02   1.1296476E+02   1.1228495E+02   1.1247061E+02
  1.1283099E+02   1.1346587E+02   1.1375801E+02   1.1399141E+02   1.1444720E+02   1.1431025E+02   1.1431173E+02   1.1380377E+02   1.1329751E+02   1.1303661E+02
  1.1300558E+02   1.1260882E+02   1.1296284E+02   1.1312321E+02   1.1302972E+02   1.1348051E+02   1.1301130E+02   1.1308026E+02   1.1263042E+02   1.1261549E+02
  1.1258917E+02   1.1302501E+02   1.1330991E+02   1.1263980E+02   1.1298174E+02   1.1321114E+02   1.1319877E+02   1.1301630E+02   1.1282527E+02   1.1286561E+02
  1.1323070E+02   1.1288248E+02   1.1312487E+02   1.1288924E+02   1.1276105E+02   1.1349152E+02   1.1292849E+02   1.1307120E+02   1.1326081E+02   1.1306725E+02
  1.1322898E+02   1.1325318E+02   1.1317745E+02   1.1401701E+02   1.1397943E+02   1.1353468E+02   1.1383949E+02   1.1400259E+02   1.1423036E+02   1.1350537E+02
  1.1326845E+02   1.1309086E+02   1.1334556E+02   1.1323479E+02   1.1361313E+02   1.1374318E+02   1.1354056E+02   1.1347063E+02   1.1323778E+02   1.1360792E+02
  1.1356027E+02   1.1354271E+02   1.1347036E+02   1.1360234E+02   1.1357916E+02   1.1388018E+02   1.1384940E+02   1.1393517E+02   1.1368599E+02   1.1358174E+02
  1.1345897E+02   1.1325842E+02   1.1317997E+02   1.1304451E+02   1.1298097E+02   1.1309609E+02   1.1336329E+02   1.1321983E+02   1.1273535E+02   1.1275966E+02
  1.1206612E+02   1.1230441E+02   1.1206392E+02   1.1206289E+02   1.1170416E+02   1.1170170E+02   1.1203881E+02   1.1200660E+02   1.1213690E+02   1.1193583E+02
  1.1191470E+02   1.1196998E+02   1.1192315E+02   1.1192515E+02   1.1171215E+02   1.1174213E+02   1.1134558E+02   1.1133441E+02   1.1098888E+02   1.1074829E+02
  1.1116274E+02   1.1129296E+02   1.1100989E+02   1.1115630E+02   1.1118620E+02   1.1148028E+02   1.1091906E+02   1.1078430E+02   1.1052218E+02   1.1087055E+02
  1.1111905E+02   1.1133972E+02   1.1073394E+02   1.1101426E+02   1.1150988E+02   1.1168170E+02   1.1147822E+02   1.1201538E+02   1.1215281E+02   1.1159237E+02
  1.1222966E+02   1.1242297E+02   1.1276599E+02   1.1198599E+02   1.1199458E+02   1.1212083E+02   1.1190248E+02   1.1199071E+02   1.1190837E+02   1.1206220E+02
  1.1239812E+02   1.1199095E+02   1.1219531E+02   1.1194257E+02   1.1190804E+02   1.1176572E+02   1.1234530E+02   1.1177422E+02   1.1201555E+02   1.1156718E+02
  1.1162634E+02   1.1121467E+02   1.1113799E+02   1.1121972E+02   1.1121142E+02   1.1094543E+02   1.1038593E+02   1.1054842E+02   1.1133064E+02   1.1104895E+02
  1.1114809E+02   1.1159092E+02   1.1159056E+02   1.1130326E+02   1.1085565E+02   1.1133909E+02   1.1138913E+02   1.1087040E+02   1.1055130E+02   1.1067923E+02
  1.1162899E+02   1.1126425E+02   1.1124793E+02   1.1086534E+02   1.1040860E+02   1.1099400E+02   1.1086221E+02   1.1130028E+02   1.1140514E+02   1.1155457E+02
  1.1107907E+02   1.1143729E+02   1.1188695E+02   1.1189642E+02   1.1153047E+02   1.1155704E+02   1.1208058E+02   1.1212953E+02   1.1236693E+02   1.1216998E+02
  1.1237114E+02   1.1239747E+02   1.1219567E+02   1.1185409E+02   1.1166761E+02   1.1152379E+02   1.1120845E+02   1.1162871E+02   1.1150309E+02   1.1142143E+02
  1.1125887E+02   1.1159208E+02   1.1199775E+02   1.1207501E+02   1.1190815E+02   1.1247884E+02   1.1256117E+02   1.1274401E+02   1.1273403E+02   1.1308933E+02
  1.1314030E+02   1.1311505E+02   1.1347210E+02   1.1387630E+02   1.1434898E+02   1.1426754E+02   1.1404490E+02   1.1340786E+02   1.1310714E+02   1.1279993E+02
  1.1306733E+02   1.1309573E+02   1.1281107E+02   1.1272484E+02   1.1291710E+02   1.1274838E+02   1.1241338E+02   1.1219043E+02   1.1241169E+02   1.1181920E+02
  1.1169238E+02   1.1163079E+02   1.1136278E+02   1.1101813E+02   1.1132480E+02   1.1082940E+02   1.1081524E+02   1.1070262E+02   1.1040846E+02   1.1035259E+02
  1.1089802E+02   1.1059790E+02   1.1038783E+02   1.0991692E+02   1.0991774E+02   1.0946394E+02   1.0987270E+02   1.0959810E+02   1.0916515E+02   1.0917787E+02
  1.0901150E+02   1.0900545E+02   1.0925482E+02   1.0942828E+02   1.0973453E+02   1.0982684E+02   1.0969546E+02   1.0984394E+02   1.0957556E+02   1.1027259E+02
  1.1042990E+02   1.1028782E+02   1.1053603E+02   1.1036421E+02   1.1063429E+02   1.1082719E+02   1.1113729E+02   1.1090564E+02   1.1137065E+02   1.1166163E+02
  1.1182606E+02   1.1216512E+02   1.1224346E+02   1.1244270E+02   1.1198653E+02   1.1162204E+02   1.1126846E+02   1.1149537E+02   1.1135027E+02   1.1053992E+02
  1.1083983E+02   1.1030313E+02   1.1010258E+02   1.0988636E+02   1.1008506E+02   1.0961510E+02   1.0923570E+02   1.0872716E+02   1.0887550E+02   1.0848819E+02
  1.0851804E+02   1.0906865E+02   1.0967871E+02   1.0984665E+02   1.0943055E+02   1.0906371E+02   1.0863267E+02   1.0864796E+02   1.0862942E+02   1.0886304E+02
  1.0871885E+02   1.0875277E+02   1.0894309E+02   1.0896889E+02   1.0943302E+02   1.0940805E+02   1.0973838E+02   1.1007839E+02   1.1020534E+02   1.1008773E+02
  1.0979447E+02   1.1031048E+02   1.1029898E+02   1.1008320E+02   1.1071801E+02   1.1074643E+02   1.1076691E+02   1.1033475E+02   1.1008156E+02   1.1074390E+02
  1.0990646E+02   1.0916540E+02   1.0899709E+02   1.0886811E+02   1.0897894E+02   1.0884353E+02   1.0845292E+02   1.0820811E+02   1.0779715E+02   1.0777553E+02
  1.0763748E+02   1.0779384E+02   1.0729477E+02   1.0730914E+02   1.0785614E+02   1.0750196E+02   1.0793679E+02   1.0816135E+02   1.0867048E+02   1.0810515E+02
  1.0760134E+02   1.0804773E+02   1.0784408E+02   1.0775510E+02   1.0768992E+02   1.0790213E+02   1.0776441E+02   1.0823998E+02   1.0853350E+02   1.0842913E+02
  1.0830078E+02   1.0779447E+02   1.0753049E+02   1.0745134E+02   1.0728959E+02   1.0727969E+02   1.0711397E+02   1.0756730E+02   1.0784501E+02   1.0783403E+02
  1.0785681E+02   1.0799506E+02   1.0886187E+02   1.0924213E+02   1.0919529E+02   1.0842770E+02   1.0822184E+02   1.0777847E+02   1.0799577E+02   1.0812845E+02
  1.0805964E+02   1.0776675E+02   1.0803250E+02   1.0824355E+02   1.0858027E+02   1.0854103E+02   1.0840963E+02   1.0886675E+02   1.0875778E+02   1.0875241E+02
  1.0818030E+02   1.0802031E+02   1.0785808E+02   1.0733396E+02   1.0727131E+02   1.0709262E+02   1.0690693E+02   1.0691531E+02   1.0698881E+02   1.0664478E+02
  1.0670267E+02   1.0689769E+02   1.0727988E+02   1.0740504E+02   1.0733880E+02   1.0743722E+02   1.0734247E+02   1.0761270E+02   1.0752045E+02   1.0773640E+02
  1.0786104E+02   1.0766340E+02   1.0748262E+02   1.0776811E+02   1.0753910E+02   1.0754446E+02   1.0748173E+02   1.0804842E+02   1.0793247E+02   1.0753770E+02
  1.0794173E+02   1.0803980E+02   1.0796130E+02   1.0821254E+02   1.0824663E+02   1.0813654E+02   1.0852398E+02   1.0874370E+02   1.0944418E+02   1.0912773E+02
  1.0903717E+02   1.0899906E+02   1.0897485E+02   1.0866825E+02   1.0849273E+02   1.0837503E+02   1.0792396E+02   1.0778194E+02   1.0830526E+02   1.0832840E+02
  1.0825439E+02   1.0811288E+02   1.0852189E+02   1.0834698E+02   1.0823693E+02   1.0855800E+02   1.0853493E+02   1.0858796E+02   1.0847522E+02   1.0935202E+02
  1.0912992E+02   1.0919514E+02   1.0913323E+02   1.0864072E+02   1.0819597E+02   1.0825381E+02   1.0857043E+02   1.0817566E+02   1.0775140E+02   1.0788865E+02
  1.0773239E+02   1.0799725E+02   1.0817037E+02   1.0822117E+02   1.0848737E+02   1.0798242E+02   1.0786480E+02   1.0784863E+02   1.0775139E+02   1.0786146E+02
  1.0786946E+02   1.0781470E+02   1.0817648E+02   1.0834861E+02   1.0833257E+02   1.0845280E+02   1.0854535E+02   1.0853458E+02   1.0853424E+02   1.0887323E+02
  1.0901953E+02   1.0954044E+02   1.0952293E+02   1.0912664E+02   1.0880209E+02   1.0911092E+02   1.0903903E+02   1.0872610E+02   1.0830126E+02   1.0798989E+02
  1.0761822E+02   1.0733619E+02   1.0710411E+02   1.0758948E+02   1.0806458E+02   1.0813159E+02   1.0838914E+02   1.0826117E+02   1.0845316E+02   1.0839629E+02
  1.0830781E+02   1.0821806E+02   1.0817140E+02   1.0806151E+02   1.0799172E+02   1.0843334E+02   1.0811455E+02   1.0828593E+02   1.0804038E+02   1.0834799E+02
  1.0869908E+02   1.0908931E+02   1.0910047E+02   1.0861758E+02   1.0859521E+02   1.0858525E+02   1.0839517E+02   1.0815199E+02   1.0880626E+02   1.0896067E+02
  1.0917805E+02   1.0883259E+02   1.0913276E+02   1.0995455E+02   1.0966907E+02   1.0973166E+02   1.0994531E+02   1.0961674E+02   1.0953999E+02   1.0944881E+02
  1.0955299E+02   1.0967357E+02   1.0999194E+02   1.0977159E+02   1.0955256E+02   1.0962436E+02   1.0984870E+02   1.0965068E+02   1.0941822E+02   1.0946556E+02
  1.0928730E+02   1.0955999E+02   1.0923037E+02   1.0930341E+02   1.0928759E+02   1.0871409E+02   1.0877377E+02   1.0915047E+02   1.0906237E+02   1.0951312E+02
  1.0944096E+02   1.0885001E+02   1.0864272E+02   1.0838083E+02   1.0869028E+02   1.0859195E+02   1.0846001E+02   1.0876490E+02   1.0815339E+02   1.0800857E+02
  1.0796926E+02   1.0789516E+02   1.0813683E+02   1.0823477E+02   1.0825669E+02   1.0837348E+02   1.0792085E+02   1.0788686E+02   1.0806958E+02   1.0812258E+02
  1.0806933E+02   1.0865572E+02   1.0887101E+02   1.0847419E+02   1.0840935E+02   1.0885958E+02   1.0897933E+02   1.0876238E+02   1.0818501E+02   1.0810783E+02
  1.0817123E+02   1.0820463E+02   1.0849237E+02   1.0828529E+02   1.0892931E+02   1.0889269E+02   1.0872341E+02   1.0874274E+02   1.0873761E+02   1.0835277E+02
  1.0817593E+02   1.0826594E+02   1.0865992E+02   1.0889508E+02   1.0898664E+02   1.0874748E+02   1.0923074E+02   1.0902310E+02   1.0913929E+02   1.0933201E+02
  1.0900684E+02   1.0807023E+02   1.0793373E+02   1.0754665E+02   1.0784965E+02   1.0780164E+02   1.0777705E+02   1.0773255E+02   1.0803597E+02   1.0780838E+02
  1.0811418E+02   1.0779011E+02   1.0790845E+02   1.0745554E+02   1.0704549E+02   1.0636697E+02   1.0733567E+02   1.0751566E+02   1.0764330E+02   1.0757917E+02
  1.0726553E+02   1.0735352E+02   1.0743127E+02   1.0752327E+02   1.0731863E+02   1.0673238E+02   1.0707638E+02   1.0694166E+02   1.0691598E+02   1.0704619E+02
  1.0680852E+02   1.0654671E+02   1.0654832E+02   1.0687020E+02   1.0722185E+02   1.0714031E+02   1.0720622E+02   1.0747118E+02   1.0733018E+02   1.0777340E+02
  1.0740110E+02   1.0744060E+02   1.0755143E+02   1.0737963E+02   1.0733381E+02   1.0767354E+02   1.0792671E+02   1.0801954E+02   1.0819903E+02   1.0802004E+02
  1.0788824E+02
  9.8541722E-02   2.0511530E-01   1.9200306E-01   2.5012982E-01   2.9907784E-01   3.9723822E-01   3.7972125E-01   5.0253928E-01   4.5934173E-01   5.6537449E-01
  5.9134370E-01   6.6089433E-01   6.6179758E-01   6.4906675E-01   8.0212474E-01   7.6048565E-01   8.4181017E-01   7.7495056E-01   7.9414314E-01   7.7926773E-01
  7.2868681E-01   8.3912402E-01   7.9591417E-01   8.6663073E-01   7.9675102E-01   8.2635939E-01   8.5877949E-01   9.0560985E-01   1.0591663E+00   9.8444909E-01
  1.1351974E+00   1.2374313E+00   1.2347203E+00   1.0650465E+00   1.0599093E+00   8.9352810E-01   1.0220790E+00   1.2173712E+00   1.0926609E+00   1.0379401E+00
  9.8935205E-01   1.0167406E+00   9.8033875E-01   9.6865779E-01   9.7747475E-01   1.0756152E+00   8.8048047E-01   9.6212429E-01   8.9569712E-01   9.7838944E-01
  9.7113895E-01   1.0275158E+00   9.3380249E-01   8.9273822E-01   8.9341086E-01   1.1263951E+00   9.4742346E-01   9.9050164E-01   1.1049094E+00   1.0480365E+00
  1.0178589E+00   1.1189173E+00   9.8586029E-01   9.0262032E-01   1.0531256E+00   1.1524805E+00   1.0670712E+00   1.1102045E+00   9.3066919E-01   9.5984626E-01
  9.9516952E-01   1.1034607E+00   1.1499677E+00   1.2335477E+00   1.1108871E+00   1.1936603E+00   1.1256775E+00   1.1394867E+00   1.3480651E+00   1.4431103E+00
  1.2138697E+00   1.1734263E+00   9.5581251E-01   9.2731470E-01   9.0250832E-01   1.0509837E+00   9.7858250E-01   1.0894728E+00   9.0770197E-01   8.8004249E-01
  9.7837842E-01   9.8522621E-01   9.2753220E-01   9.4911718E-01   1.1200269E+00   1.1691397E+00   1.1935838E+00   1.0156535E+00   1.1057987E+00   1.1087185E+00
  1.0281556E+00   1.0785428E+00   1.2804954E+00   1.1434529E+00   1.3202564E+00   1.1847022E+00   1.2198569E+00   1.1905723E+00   1.1667976E+00   1.2235216E+00
  1.1795750E+00   1.2502413E+00   1.2675505E+00   1.2498289E+00   1.1580987E+00   1.2191759E+00   1.0880507E+00   1.1368579E+00   1.1181614E+00   1.1040559E+00
  1.0164841E+00   1.1072097E+00   1.0818224E+00   1.0422070E+00   1.0578214E+00   1.0427843E+00   1.1412157E+00   1.2320529E+00   1.2257253E+00   1.1240659E+00
  1.2480606E+00   1.3868538E+00   1.0996034E+00   9.7560608E-01   1.1014460E+00   1.1029875E+00   1.2603047E+00   1.5049665E+00   1.6020349E+00   1.2715722E+00
  1.4288801E+00   1.2907915E+00   1.1551982E+00   1.2092332E+00   1.0927891E+00   1.1692997E+00   1.0554997E+00   1.0817167E+00   1.0140282E+00   1.2240524E+00
  1.0814381E+00   1.3049444E+00   1.1247007E+00   1.1725469E+00   1.2080138E+00   1.1521865E+00   1.2066438E+00   1.0272915E+00   1.0719643E+00   1.1033062E+00
  1.1324390E+00   9.7732210E-01   9.6424538E-01   1.0145099E+00   9.5509696E-01   1.0424078E+00   1.1245654E+00   1.3403285E+00   1.2444551E+00   1.0958161E+00
  1.0364031E+00   1.2709278E+00   1.1599674E+00   1.1265558E+00   1.0223929E+00   1.0851102E+00   1.0026673E+00   1.1050069E+00   1.1160866E+00   1.1983013E+00
  1.1649296E+00   1.0957807E+00   1.2044795E+00   1.1427085E+00   1.1525171E+00   1.1895773E+00   1.1291187E+00   1.0851200E+00   1.1820728E+00   9.7756714E-01
  1.0058336E+00   9.7897357E-01   9.5595700E-01   9.5446211E-01   9.7271025E-01   1.0746169E+00   1.1478012E+00   1.0623800E+00   1.0872804E+00   9.6720248E-01
  1.0855938E+00   1.0556576E+00   1.1224148E+00   1.1574534E+00   1.2151686E+00   1.1812021E+00   1.3331459E+00   1.4524616E+00   1.2811185E+00   1.2357486E+00
  1.1420840E+00   1.3893434E+00   1.2969443E+00   1.1811105E+00   1.1555527E+00   1.1392690E+00   1.1541021E+00   1.1634966E+00   1.1247131E+00   1.0887221E+00
  1.2276232E+00   1.2393057E+00   1.3283862E+00   1.1128401E+00   1.1084037E+00   1.0886805E+00   9.7721821E-01   1.0181767E+00   1.0315429E+00   1.0723842E+00
  9.7088850E-01   9.2831910E-01   1.0108814E+00   9.5210099E-01   9.1700363E-01   1.0165967E+00   9.9905616E-01   1.0133492E+00   9.3754154E-01   1.1288571E+00
  1.0812317E+00   1.0667207E+00   1.1164875E+00   1.0761905E+00   9.5812190E-01   9.2893380E-01   9.7074014E-01   9.6256721E-01   9.6032095E-01   8.6024469E-01
  9.4896114E-01   9.7296900E-01   1.1209289E+00   1.4059067E+00   1.1186171E+00   9.8726672E-01   1.0588216E+00   1.0539919E+00   1.0375545E+00   1.1098268E+00
  9.3197912E-01   1.0791126E+00   1.1604573E+00   9.5522934E-01   9.6782726E-01   1.0355480E+00   9.7727436E-01   9.4901383E-01   9.6915251E-01   1.0072196E+00
  1.0323144E+00   1.0772442E+00   1.2772892E+00   1.1186548E+00   1.0842807E+00   1.2004130E+00   1.0520600E+00   9.9404114E-01   1.0082377E+00   1.1459903E+00
  1.1161194E+00   1.0513757E+00   1.0971278E+00   1.0912665E+00   1.0080005E+00   9.7686046E-01   9.4246137E-01   1.0665305E+00   1.2181230E+00   1.1740501E+00
  1.0391016E+00   1.2187417E+00   1.4390482E+00   1.3599555E+00   1.1885194E+00   9.9929720E-01   1.1792805E+00   1.0933156E+00   1.1803524E+00   1.1655048E+00
  1.3177872E+00   1.0185272E+00   9.9819648E-01   1.1048789E+00   1.0816344E+00   9.7847134E-01   9.8215008E-01   1.1246718E+00   1.1001627E+00   1.1216762E+00
  1.2600168E+00   1.2658204E+00   1.2018999E+00   1.2089435E+00   1.1441905E+00   1.0350044E+00   9.8417592E-01   1.0073164E+00   1.0433794E+00   9.7569823E-01
  1.0371732E+00   1.1200677E+00   1.0504141E+00   1.0891910E+00   1.0173727E+00   1.0858502E+00   9.9886078E-01   1.0216244E+00   9.8544347E-01   9.9367636E-01
  1.0208415E+00   9.5313573E-01   9.6121192E-01   1.0118906E+00   1.0358729E+00   1.0421249E+00   1.0615819E+00   1.0140812E+00   1.0337883E+00   1.0891650E+00
  1.0791036E+00   1.0481201E+00   1.1283765E+00   1.1495012E+00   1.1174453E+00   1.2264224E+00   1.2971715E+00   1.2895927E+00   1.2592237E+00   1.2941844E+00
  1.1583229E+00   1.2303554E+00   1.0435015E+00   1.2453692E+00   1.1821724E+00   1.1809497E+00   1.2524064E+00   1.2838950E+00   1.0776405E+00   1.0732329E+00
  1.0395224E+00   1.0183336E+00   1.0523927E+00   9.6947765E-01   8.8900596E-01   9.6029621E-01   1.0808954E+00   1.1250615E+00   9.9760568E-01   9.9935448E-01
  9.6819293E-01   8.8949269E-01   9.7373348E-01   1.0310966E+00   1.0239112E+00   1.1124035E+00   1.0657254E+00   1.0416512E+00   1.1010802E+00   1.1252866E+00
  1.1247292E+00   9.9997294E-01   1.1021771E+00   9.2909843E-01   1.0961567E+00   1.0077058E+00   1.1044043E+00   1.2021434E+00   1.1097461E+00   1.0403996E+00
  1.0414206E+00   9.9343389E-01   1.0161922E+00   9.7022069E-01   1.0488538E+00   1.0597992E+00   1.0588163E+00   1.1087235E+00   1.0547798E+00   1.2826523E+00
  1.1994636E+00   9.9500304E-01   1.1785181E+00   1.4236875E+00   1.2247044E+00   1.3311874E+00   1.3018364E+00   1.1147077E+00   1.0042062E+00   9.6755624E-01
  9.9888813E-01   1.0552820E+00   9.3830860E-01   8.8882738E-01   9.2856747E-01   9.4344330E-01   1.1589283E+00   1.0838007E+00   1.0433931E+00   1.1282412E+00
  1.1137505E+00   1.0549273E+00   1.0454803E+00   1.0172198E+00   1.1838858E+00   1.1209482E+00   1.2221677E+00   1.2550132E+00   1.3566974E+00   1.2436454E+00
  1.1273748E+00   9.3592870E-01   8.3611959E-01   9.1844851E-01   9.0522444E-01   9.5281416E-01   1.1340728E+00   1.1652213E+00   1.2595415E+00   1.1714720E+00
  1.1313314E+00   1.1314434E+00   1.3509039E+00   1.2574729E+00   1.2520396E+00   1.2972200E+00   1.3773459E+00   1.2852160E+00   1.1356487E+00   1.1603056E+00
  1.1831989E+00   1.0602527E+00   9.4850862E-01   1.0796703E+00   9.6016550E-01   9.8717570E-01   1.0136054E+00   1.0226390E+00   9.6046221E-01   9.9101323E-01
  1.0546244E+00   9.5318764E-01   9.6321613E-01   9.4441974E-01   9.4236135E-01   9.3888152E-01   9.4613403E-01   9.9990594E-01   9.4176888E-01   1.0526216E+00
  9.5148683E-01   9.6546274E-01   9.6763682E-01   9.6722263E-01   9.6806175E-01   9.3569398E-01   1.0198771E+00   9.4688338E-01   8.8420099E-01   9.2183322E-01
  1.1593405E+00   1.0720048E+00   9.8149955E-01   9.7166181E-01   9.2029560E-01   8.7358981E-01   8.7038761E-01   8.3697456E-01   8.6688507E-01   1.0079236E+00
  9.1203803E-01   1.0995667E+00   1.0083975E+00   1.0218321E+00   8.7264526E-01   8.1531078E-01   8.6676413E-01   8.4089381E-01   8.4751856E-01   9.6356624E-01
  8.7573314E-01   8.7079453E-01   8.4637576E-01   8.0041426E-01   7.6787388E-01   8.0109489E-01   8.1087208E-01   8.8563430E-01   8.6038530E-01   8.4991425E-01
  8.6243486E-01   8.4068710E-01   7.9102099E-01   9.2532617E-01   9.5921475E-01   9.6487653E-01   8.2735783E-01   7.9278284E-01   8.6263597E-01   8.5326529E-01
  8.7039411E-01   9.0271801E-01   8.9939934E-01   9.2778814E-01   9.1578257E-01   9.7149992E-01   9.2641163E-01   1.0094748E+00   9.0932810E-01   9.1099501E-01
  9.6289867E-01   1.1103073E+00   1.0937628E+00   8.8679910E-01   8.6762369E-01   1.0803444E+00   9.0316832E-01   9.4421285E-01   9.3212777E-01   9.4590896E-01
  9.8119134E-01   8.5704482E-01   8.7315726E-01   9.4650656E-01   8.4422040E-01   1.0837458E+00   9.6371794E-01   9.0352803E-01   8.4049624E-01   8.6854911E-01
  8.9190817E-01   9.0761572E-01   8.7963533E-01   1.0084007E+00   8.8634336E-01   8.4208417E-01   9.7521877E-01   1.0015116E+00   1.1054357E+00   1.0675809E+00
  1.0668154E+00   8.9991897E-01   8.5216254E-01   7.9823512E-01   8.0871719E-01   7.7827179E-01   8.0997002E-01   8.4190077E-01   8.7419099E-01   8.7420166E-01
  8.9688122E-01   9.4089121E-01   1.0598963E+00   9.3762237E-01   8.1612319E-01   8.1105781E-01   8.2750624E-01   8.6133301E-01   8.4697503E-01   7.7001148E-01
  7.4091899E-01   8.7198186E-01   8.4991682E-01   7.7915514E-01   7.8378326E-01   7.7823526E-01   8.5378450E-01   8.7086946E-01   8.3557492E-01   7.8209382E-01
  9.1378617E-01   8.2468605E-01   9.2476714E-01   8.5069603E-01   8.4762973E-01   7.2277331E-01   8.5630095E-01   7.7829015E-01   8.0016571E-01   7.6587731E-01
  8.0913156E-01   8.5312098E-01   8.2842922E-01   9.0187931E-01   8.0954587E-01   8.4137738E-01   7.7863526E-01   7.7502781E-01   7.7196270E-01   7.2715718E-01
  6.9662911E-01   7.0591474E-01   6.9401139E-01   8.5855138E-01   8.5364890E-01   8.4019989E-01   9.1320765E-01   7.1172637E-01   7.5469059E-01   8.0244023E-01
  8.7440068E-01   9.1528696E-01   8.6337930E-01   8.3185661E-01   9.1560423E-01   8.5210168E-01   9.7588837E-01   9.3334049E-01   9.1664100E-01   8.0845189E-01
  9.3645585E-01   9.4313586E-01   7.8969741E-01   7.3525232E-01   7.2612214E-01   8.3769011E-01   8.0454177E-01   8.4445536E-01   8.9836788E-01   9.7757572E-01
  9.4338584E-01   7.9099000E-01   7.7839643E-01   7.1570104E-01   6.8089080E-01   7.2120786E-01   7.5084913E-01   7.1120995E-01   6.8361205E-01   8.0963814E-01
  7.3355758E-01   7.7138579E-01   7.8646857E-01   7.9872966E-01   8.0033904E-01   8.5050082E-01   9.0986806E-01   9.2051744E-01   7.9036283E-01   7.3514771E-01
  7.7838558E-01   7.5031209E-01   7.5805461E-01   7.7340597E-01   8.0881804E-01   8.8903475E-01   8.1265342E-01   8.3613747E-01   8.1791437E-01   7.4322790E-01
  8.1165612E-01   9.0927309E-01   1.0366269E+00   1.0563991E+00   8.9696372E-01   8.8839263E-01   8.1343758E-01   7.6463264E-01   8.4783071E-01   8.7816685E-01
  1.0009930E+00   9.4119447E-01   8.7145901E-01   8.3000582E-01   7.5793380E-01   7.8442770E-01   7.8741229E-01   8.7167585E-01   7.8830475E-01   8.5201681E-01
  7.5083119E-01   7.3756993E-01   7.3572379E-01   7.7991939E-01   7.7206582E-01   7.8008449E-01   7.9401559E-01   8.1733549E-01   8.6438668E-01   8.8161719E-01
  9.0215689E-01   9.4738007E-01   9.4955784E-01   9.2026216E-01   8.8329464E-01   7.6967299E-01   8.4208518E-01   8.1549507E-01   8.5957575E-01   7.9270208E-01
  7.6459962E-01   7.8327304E-01   8.2013935E-01   8.4215790E-01   8.6791521E-01   8.6732191E-01   8.8878864E-01   8.1189156E-01   8.8387352E-01   8.6439228E-01
  7.9616106E-01   8.9374751E-01   7.3203737E-01   8.0338973E-01   7.8268725E-01   7.9259473E-01   7.8773254E-01   7.4607253E-01   8.0660516E-01   7.7928305E-01
  7.6228213E-01   7.1458179E-01   8.8310909E-01   9.4759083E-01   1.0666918E+00   9.8414332E-01   9.0858328E-01   8.2818574E-01   9.2110080E-01   9.5779258E-01
  9.4739658E-01   8.4234440E-01   9.0661979E-01   9.4779807E-01   8.6629671E-01   7.9030257E-01   8.3305174E-01   8.3447665E-01   9.3755174E-01   9.2465144E-01
  8.6582083E-01   9.0710801E-01   9.5440316E-01   8.2020968E-01   7.8127754E-01   7.9267865E-01   7.7233827E-01   8.4147173E-01   7.9224294E-01   7.5472951E-01
  8.3820456E-01   7.9478014E-01   8.6475748E-01   7.6343101E-01   7.4369341E-01   7.4001771E-01   7.8644800E-01   7.6376128E-01   8.3802110E-01   8.0121106E-01
  7.4509931E-01   7.5976801E-01   7.6349998E-01   7.3606163E-01   7.4301922E-01   7.5360262E-01   7.2579783E-01   7.6204336E-01   8.2840455E-01   8.2732058E-01
  8.7697500E-01   8.7174374E-01   7.7328300E-01   7.2682279E-01   8.3937401E-01   7.5974619E-01   7.9319000E-01   8.1184071E-01   7.2715783E-01   7.9864329E-01
  7.2853154E-01   7.1320736E-01   7.3915601E-01   7.2537166E-01   7.2757185E-01   7.5424659E-01   7.4416584E-01   8.9117378E-01   8.8855135E-01   7.8717822E-01
  8.4096318E-01   8.8675052E-01   8.7868011E-01   8.0393195E-01   8.3415407E-01   8.7760836E-01   9.5636147E-01   1.0421523E+00   9.6098030E-01   9.0663260E-01
  8.7945205E-01   9.3151706E-01   1.0358586E+00   1.0308956E+00   9.3020463E-01   8.5952878E-01   9.5302492E-01   8.8764805E-01   9.3875134E-01   8.3863318E-01
  8.9243203E-01   8.6726969E-01   9.2323560E-01   8.5051680E-01   8.6263734E-01   7.7682692E-01   8.5683721E-01   8.6146104E-01   9.2973667E-01   9.1497272E-01
  7.8879637E-01   8.5698539E-01   8.2928401E-01   8.8141459E-01   7.4956381E-01   7.9825544E-01   9.9634212E-01   9.1109401E-01   9.5190763E-01   9.0757501E-01
  8.4281355E-01   8.1107485E-01   8.2572687E-01   8.4092921E-01   7.9907686E-01   8.2333726E-01   8.1788814E-01   9.2925990E-01   9.1860968E-01   8.1098187E-01
  9.5687246E-01   9.3707907E-01   8.3033586E-01   8.0001020E-01   8.6043680E-01   8.0437791E-01   8.5830551E-01   7.5957739E-01   7.5821519E-01   7.4907893E-01
  8.4386241E-01   9.5788932E-01   9.5963514E-01   9.4970536E-01   9.3354517E-01   8.5121852E-01   7.6831013E-01   8.1546527E-01   9.3367702E-01   9.3142986E-01
  9.3161416E-01   7.2916126E-01   7.2178054E-01   6.8478280E-01   7.2680426E-01   8.0112875E-01   8.3977991E-01   7.7725375E-01   8.1524163E-01   7.0404452E-01
  6.6794145E-01   8.0093753E-01   7.2561044E-01   7.1005249E-01   6.6318756E-01   6.9406086E-01   6.7131495E-01   6.5183735E-01   6.7004001E-01   6.8015105E-01
  6.6576636E-01   7.5528979E-01   7.5885123E-01   7.2732818E-01   7.1390879E-01   8.2872248E-01   7.4866021E-01   7.6551127E-01   7.4803191E-01   7.3553813E-01
  8.4382999E-01   7.3520976E-01   8.4718460E-01   7.5533837E-01   7.0837861E-01   7.2508746E-01   7.2450197E-01   7.3600411E-01   6.8392736E-01   7.1807301E-01
  7.8159618E-01   7.5723618E-01   7.4500656E-01   7.7273583E-01   8.0731612E-01   8.4041440E-01   7.9454470E-01   7.8203702E-01   7.8831214E-01   8.1562632E-01
  7.3402900E-01   7.4308562E-01   7.3995513E-01   7.0138353E-01   7.5053442E-01   7.3193949E-01   7.0697355E-01   6.8479288E-01   7.8444642E-01   8.0332232E-01
  7.7425545E-01   7.5951129E-01   7.6651186E-01   7.6907021E-01   1.0082806E+00   1.1989669E+00   9.1870677E-01   9.2769897E-01   9.3321109E-01   1.0987458E+00
  9.1281164E-01   1.0229964E+00   9.7176683E-01   9.9002057E-01   1.0304933E+00   9.3114609E-01   8.4390539E-01   7.9746270E-01   7.1689045E-01   7.1066874E-01
  7.7360773E-01   8.0138528E-01   8.4975064E-01   7.8954768E-01   7.6596695E-01   8.0118215E-01   8.3553559E-01   7.9059476E-01   8.0625027E-01   8.8080740E-01
  8.7061346E-01   8.1166363E-01   9.3077940E-01   9.5910597E-01   9.1838956E-01   9.7383910E-01   9.1783696E-01   9.6604192E-01   9.3831182E-01   9.5718527E-01
  9.4521141E-01   9.5655447E-01   9.3380475E-01   9.1172981E-01   9.0139890E-01   8.9255226E-01   9.4414836E-01   9.6805143E-01   9.3357146E-01   8.1486225E-01
  8.0274040E-01   7.9150695E-01   7.2040635E-01   7.7297240E-01   8.0027026E-01   8.4630674E-01   7.9219508E-01   8.2681459E-01   7.6390636E-01   6.5859067E-01
  6.5758693E-01   6.3860893E-01   6.9470131E-01   7.1462619E-01   7.2052717E-01   7.4449617E-01   7.9382604E-01   7.2573799E-01   7.3470259E-01   6.5641999E-01
  6.5592033E-01   6.7108011E-01   7.4047095E-01   6.8305796E-01   6.2965786E-01   6.6101527E-01   6.9906539E-01   6.9715154E-01   6.8361998E-01   6.6639316E-01
  7.0829171E-01   7.3056120E-01   6.9254410E-01   7.2864479E-01   7.4916244E-01   7.0656288E-01   6.8679297E-01   7.2191238E-01   8.0782747E-01   7.5790107E-01
  8.1857389E-01   7.4406189E-01   7.2740656E-01   7.1956486E-01   6.7710692E-01   6.8668878E-01   6.7221242E-01   6.4095855E-01   6.1221904E-01   6.8023765E-01
  6.7732340E-01   6.8873978E-01   6.9017661E-01   7.5965339E-01   6.7503518E-01   7.2433817E-01   7.2674656E-01   6.9432163E-01   7.3745435E-01   7.7551126E-01
  7.3275810E-01   7.3652649E-01   7.6571786E-01   8.0047607E-01   7.3641163E-01   7.1030265E-01   7.5165772E-01   6.8045890E-01   6.8932825E-01   6.4404899E-01
  7.8010011E-01   9.0143007E-01   7.8129333E-01   9.0968978E-01   8.2146186E-01   7.6563650E-01   7.7412969E-01   7.2612202E-01   7.1288496E-01   7.4477017E-01
  6.7459065E-01   6.3882363E-01   6.2694538E-01   6.4247596E-01   7.0032048E-01   6.4372420E-01   6.9808668E-01   7.1788412E-01   6.7206818E-01   7.2523022E-01
  6.9022012E-01   6.6948813E-01   6.1992270E-01   6.4063466E-01   7.2428423E-01   7.9710448E-01   7.1407181E-01   7.4196053E-01   8.3601648E-01   7.7294827E-01
  7.2375649E-01   7.0052785E-01   7.7466792E-01   8.0775690E-01   7.2183144E-01   7.1503991E-01   6.8428832E-01   7.2539812E-01   7.7648717E-01   7.6999146E-01
  7.6359421E-01   7.9972583E-01   7.7555639E-01   8.1239688E-01   8.4464586E-01   7.1073651E-01   6.9229919E-01   6.4563727E-01   7.0262605E-01   6.7490584E-01
  6.9827837E-01   6.6439801E-01   7.2507495E-01   7.3305565E-01   8.2386559E-01   8.3665067E-01   8.3029830E-01   7.8733128E-01   8.1826919E-01   8.2173562E-01
  6.9869381E-01   6.6323560E-01   6.3912106E-01   6.6750145E-01   8.7570816E-01   7.9237950E-01   7.0519203E-01   6.7068189E-01   7.4120045E-01   7.1637088E-01
  7.2048980E-01   7.4571943E-01   6.6221166E-01   7.3067105E-01   7.1034575E-01   7.3076862E-01   6.7060721E-01   6.4487273E-01   5.7980669E-01   6.0708719E-01
  6.5410191E-01   6.5528941E-01   6.2492293E-01   6.3562745E-01   7.2239715E-01   6.7551786E-01   5.9622371E-01   6.5844315E-01   6.7156380E-01   8.0000269E-01
  8.5449725E-01   8.8125426E-01   6.9342929E-01   8.3392125E-01   9.1051465E-01   1.0576748E+00   9.4796962E-01   9.1963965E-01   1.0077785E+00   9.3928027E-01
  9.8533261E-01   9.1914958E-01   9.3033582E-01   6.5526825E-01   6.5248662E-01   7.7939951E-01   7.3243421E-01   6.5415788E-01   8.9155936E-01   1.2757142E+00
  1.0775304E+00   8.6620677E-01   8.5392100E-01   7.8205293E-01   8.4444588E-01   8.0327809E-01   7.9632729E-01   7.5175935E-01   7.7120668E-01   7.2983718E-01
  7.8476238E-01   7.3086351E-01   7.6356304E-01   7.5174755E-01   6.5505302E-01   6.7959255E-01   6.4820743E-01   6.8895262E-01   6.7834318E-01   8.0381066E-01
  8.0312556E-01   6.2329495E-01   7.0859212E-01   7.9127270E-01   8.3283347E-01   8.3908004E-01   8.3302712E-01   7.9288810E-01   8.2187194E-01   6.7178744E-01
  6.3306314E-01   6.9126433E-01   6.7859322E-01   6.1564064E-01   6.8023700E-01   6.1944348E-01   6.8065590E-01   6.7170942E-01   6.8238610E-01   7.7033490E-01
  7.1770149E-01   7.9374111E-01   7.7681190E-01   7.4104911E-01   8.2198966E-01   7.9715592E-01   8.9936626E-01   8.4715742E-01   7.8353733E-01   6.9881189E-01
  7.2020054E-01   6.7867565E-01   6.7886424E-01   6.7682844E-01   6.5025687E-01   7.5336564E-01   8.3481133E-01   9.0845913E-01   7.5278193E-01   7.8965777E-01
  7.6942748E-01   7.1441823E-01   7.8674966E-01   7.3519796E-01   7.2010022E-01   7.0811933E-01   7.3297924E-01   7.9717362E-01   8.3652169E-01   8.2267362E-01
  8.6925131E-01   9.4784701E-01   8.3159781E-01   6.9923878E-01   6.8395287E-01   6.4280057E-01   6.7270905E-01   6.6037577E-01   6.6866517E-01   6.9951922E-01
  6.6350651E-01   6.9346952E-01   6.8809152E-01   6.1918712E-01   6.5424973E-01   7.5890845E-01   6.7468745E-01   6.4431429E-01   8.1300253E-01   8.8706630E-01
  7.3404813E-01   6.8143934E-01   7.0428520E-01   6.3629627E-01   6.0162079E-01   6.0239172E-01   6.4275622E-01   6.2857556E-01   6.2460244E-01   6.3339132E-01
  6.8547505E-01   6.8767393E-01   7.1980435E-01   7.1558243E-01   6.0020965E-01   6.2017477E-01   5.8462888E-01   7.3288083E-01   6.9162643E-01   6.5556425E-01
  6.1539882E-01   5.9901834E-01   6.0237753E-01   6.1160243E-01   5.6875211E-01   6.0476369E-01   5.9922242E-01   5.8918375E-01   6.5360171E-01   6.0030186E-01
  6.0551244E-01   6.3694888E-01   6.3210732E-01   6.1519575E-01   6.1749548E-01   6.1925477E-01   6.0876429E-01   6.6593641E-01   6.8211871E-01   6.8498194E-01
  7.0545679E-01   6.9154519E-01   6.6136032E-01   7.0754892E-01   6.6677558E-01   6.4643788E-01   6.6829127E-01   6.5782338E-01   6.2316388E-01   6.4635748E-01
  6.2559730E-01   6.2458467E-01   5.9220380E-01   6.3225460E-01   5.9086043E-01   5.8184117E-01   6.0178250E-01   6.2555242E-01   6.2590992E-01   6.3159847E-01
  6.2985158E-01   6.5570825E-01   6.6755790E-01   6.0493892E-01   5.5786300E-01   5.5178261E-01   6.2827444E-01   6.4868909E-01   6.0191703E-01   6.8343997E-01
  7.2081196E-01   7.5500268E-01   7.8986478E-01   6.1923563E-01   5.7815850E-01   6.0561901E-01   6.3993412E-01   6.8391776E-01   6.7923623E-01   6.4165288E-01
  6.4992017E-01   6.4346474E-01   6.0228103E-01   6.0419136E-01   5.9694093E-01   5.7132262E-01   5.9111780E-01   6.3706255E-01   6.3714206E-01   6.0130274E-01
  5.3625804E-01   5.8947957E-01   6.0592091E-01   6.5989316E-01   6.1268938E-01   6.3166898E-01   6.3008559E-01   6.6693085E-01   6.5340108E-01   7.2637975E-01
  7.3455966E-01   7.7326816E-01   7.1049756E-01   6.7116731E-01   6.1500162E-01   6.9643176E-01   6.1789662E-01   6.8153936E-01   6.9109911E-01   6.1455524E-01
  5.7250255E-01   6.3400298E-01   6.3730508E-01   5.9814256E-01   5.6556749E-01   5.5315685E-01   6.0184890E-01   5.6703848E-01   5.7447290E-01   6.1564672E-01
  6.7415941E-01   7.1280158E-01   6.1216760E-01   5.8765936E-01   6.3263088E-01   6.3464379E-01   6.9576025E-01   8.6624449E-01   9.2257345E-01   8.2219839E-01
  7.5890225E-01   6.8754178E-01   6.0933137E-01   5.7903582E-01   6.0116923E-01   6.0513371E-01   6.5405691E-01   6.7226535E-01   6.3334417E-01   5.5520010E-01
  5.5150992E-01   5.4947609E-01   6.0262561E-01   5.9918898E-01   6.2167519E-01   6.3811940E-01   5.6339419E-01   6.7336941E-01   6.9892210E-01   6.8727005E-01
  7.0517802E-01   7.5390512E-01   6.2863982E-01   6.7972910E-01   7.3175162E-01   7.4426395E-01   6.5975767E-01   6.3261163E-01   5.8425391E-01   6.2140292E-01
  6.2835157E-01   5.8741409E-01   6.0415381E-01   6.0880655E-01   5.8449411E-01   6.3277072E-01   5.8933920E-01   5.5723232E-01   5.4156739E-01   5.6766665E-01
  5.8228809E-01   5.1701504E-01   5.7051021E-01   6.0250008E-01   5.7700986E-01   5.3299725E-01   5.3202045E-01   6.0607064E-01   6.5707475E-01   6.3149166E-01
  5.8720928E-01   5.4656863E-01   5.1722205E-01   5.6400764E-01   5.4120684E-01   5.8875602E-01   6.1165470E-01   6.0975182E-01   6.3773715E-01   6.7036527E-01
  6.3375306E-01   6.0105491E-01   6.1539793E-01   5.7958370E-01   5.1863050E-01   5.0900966E-01   5.2660507E-01   5.2416044E-01   6.3154405E-01   6.4800668E-01
  5.4600739E-01   6.1088204E-01   5.8491701E-01   5.9437186E-01   5.9247994E-01   5.6443512E-01   5.3489810E-01   5.4956537E-01   5.0282389E-01   5.3098905E-01
  6.7760599E-01   6.3488573E-01   5.8181828E-01   5.8295989E-01   5.3640151E-01   5.9399098E-01   5.8328962E-01   5.5379999E-01   5.6337541E-01   5.8204722E-01
  5.3652340E-01   6.0516739E-01   5.5672628E-01   5.3884232E-01   5.4088455E-01   5.4431564E-01   6.1249781E-01   6.1261547E-01   5.9216225E-01   5.8602965E-01
  6.2235940E-01   5.9015507E-01   6.1219722E-01   5.8258992E-01   6.4856559E-01   6.4428824E-01   6.9469571E-01   6.8610919E-01   5.9431863E-01   7.1110672E-01
  6.8915701E-01   6.8108100E-01   6.8455678E-01   6.6412294E-01   6.2297058E-01   6.2206590E-01   6.1563772E-01   6.0307384E-01   6.3299572E-01   6.3401383E-01
  6.4832944E-01   7.0177692E-01   7.0848387E-01   6.8706679E-01   6.3868994E-01   6.4099342E-01   6.2682456E-01   7.0737052E-01   7.1442938E-01   7.7286363E-01
  7.3640049E-01   6.8859285E-01   6.5677613E-01   6.0058832E-01   6.7218405E-01   6.7518651E-01   6.2176132E-01   5.9361416E-01   6.8760538E-01   5.8480859E-01
  5.7518834E-01   5.9189487E-01   7.1258801E-01   5.9514588E-01   5.9301072E-01   5.7690674E-01   6.0099697E-01   5.5855006E-01   5.4837310E-01   5.9783894E-01
  6.3468301E-01   6.9532388E-01   7.4249738E-01   7.2413874E-01   7.2116274E-01   7.2646070E-01   6.5721720E-01   6.6297746E-01   7.3883390E-01   6.7075974E-01
  5.7715505E-01   6.6052908E-01   6.9106090E-01   7.1028787E-01   7.2671247E-01   6.7945576E-01   6.9906157E-01   6.7508429E-01   7.1488726E-01   6.3792503E-01
  7.0256001E-01   6.5276718E-01   7.0928943E-01   6.9999027E-01   6.8845946E-01   6.4809501E-01   6.7339766E-01   6.8814588E-01   6.6949862E-01   6.4563054E-01
  5.5466056E-01   5.3760052E-01   5.5291742E-01   5.8794308E-01   6.9636726E-01   6.4351833E-01   5.8339274E-01   5.7609719E-01   5.5445307E-01   5.7246846E-01
  5.6511980E-01   5.9723091E-01   6.1644381E-01   6.1998755E-01   6.1392957E-01   5.8176100E-01   5.7400799E-01   5.8848083E-01   6.6539323E-01   6.0659295E-01
  6.1413991E-01   6.7560005E-01   6.9931298E-01   6.6675431E-01   7.4524176E-01   7.6439786E-01   6.0129619E-01   7.0263171E-01   6.8616730E-01   7.3800325E-01
  7.4095231E-01   7.0817119E-01   6.7453986E-01   6.8355548E-01   6.4005738E-01   6.2853152E-01   6.2546176E-01   6.7733061E-01   7.0494080E-01   6.3317418E-01
  7.8859818E-01   6.0708821E-01   7.2705615E-01   6.4420205E-01   6.8128586E-01   6.6027564E-01   6.1061162E-01   7.2083306E-01   7.3129541E-01   7.5170827E-01
  7.7231735E-01   7.4982125E-01   7.1770358E-01   6.1828643E-01   6.3714010E-01   6.4592290E-01   6.6669738E-01   7.3320955E-01   7.1155167E-01   6.6811240E-01
  6.6971791E-01   6.4477497E-01   6.7763227E-01   6.2847185E-01   6.2037480E-01   6.2275761E-01   5.8175159E-01   5.7655317E-01   6.3010752E-01   6.2703097E-01
  6.1683840E-01   5.7692921E-01   5.8222145E-01   6.0410398E-01   5.5274963E-01   5.9901279E-01   6.7268014E-01   5.7419497E-01   5.8455086E-01   5.9412801E-01
  6.4188880E-01   6.9932449E-01   7.7563059E-01   8.3711886E-01   7.4452370E-01   6.4719963E-01   5.8718801E-01   6.0037220E-01   6.6112322E-01   7.3457050E-01
  6.6852760E-01   5.8083564E-01   6.1031687E-01   5.2888882E-01   5.5421406E-01   6.1241919E-01   6.4036882E-01   6.1908585E-01   6.2940466E-01   5.9431088E-01
  6.2266469E-01   6.2137872E-01   6.2344760E-01   5.9854156E-01   7.0490879E-01   7.3688662E-01   7.0305234E-01   7.3178959E-01   7.9318136E-01   6.9035071E-01
  6.9179899E-01   6.4570165E-01   7.1167237E-01   6.7138034E-01   6.9097888E-01   6.8740284E-01   6.8232697E-01   7.0754993E-01   7.1584094E-01   6.4584810E-01
  6.2335414E-01   6.9253695E-01   6.2917858E-01   6.2283719E-01   6.2878186E-01   6.2344271E-01   5.7120001E-01   5.2945030E-01   5.4452425E-01   6.1578161E-01
  6.7217535E-01   6.8024802E-01   6.3018566E-01   7.2987050E-01   7.3691732E-01   6.5385735E-01   7.0368940E-01   7.8633505E-01   7.2614545E-01   7.3580498E-01
  7.0923960E-01   8.1480157E-01   8.2753688E-01   7.2324347E-01   6.6223377E-01   6.9964480E-01   5.8042884E-01   6.3547558E-01   6.4883316E-01   6.4565051E-01
  6.3072324E-01   7.4562103E-01   7.7022058E-01   7.1764219E-01   6.8320322E-01   6.4751661E-01   6.9918287E-01   6.8122345E-01   6.1653203E-01   6.5353942E-01
  6.4306962E-01   6.7031801E-01   6.8616277E-01   7.6883793E-01   6.6019160E-01   7.3259985E-01   6.3965285E-01   6.3685292E-01   6.2282640E-01   6.4291859E-01
  6.2634510E-01   6.2806749E-01   6.4752579E-01   6.8220931E-01   6.9774795E-01   6.9812626E-01   6.9705421E-01   6.5347546E-01   7.1243650E-01   6.9420403E-01
  5.8644086E-01   6.6860253E-01   6.5323132E-01   5.9737194E-01   5.7775843E-01   5.9987813E-01   5.8763486E-01   6.5019882E-01   6.5224421E-01   6.8676770E-01
  8.3121043E-01   7.9751354E-01   6.9156963E-01   6.7422920E-01   6.8412137E-01   7.6968843E-01   7.4000257E-01   6.5116400E-01   6.4108580E-01   6.2185144E-01
  6.5397358E-01   6.6007352E-01   7.2192991E-01   7.4780744E-01   7.5371933E-01   6.9938707E-01   6.2060446E-01   6.5635973E-01   6.6067666E-01   6.6037750E-01
  6.3630760E-01   6.3236272E-01   6.5121078E-01   6.6570973E-01   6.7676765E-01   6.3322800E-01   6.2325275E-01   7.0052338E-01   7.1136987E-01   7.7370584E-01
  8.4909809E-01   7.3873490E-01   6.3537312E-01   5.9446508E-01   6.1107033E-01   6.4884025E-01   7.1531236E-01   7.6778597E-01   7.3600370E-01   6.3616645E-01
  6.6374046E-01   6.0182202E-01   6.5983361E-01   6.4632058E-01   6.4393216E-01   6.1255801E-01   7.4472457E-01   7.7335942E-01   7.2089440E-01   7.1000665E-01
  7.2217369E-01   6.6476315E-01   6.3077694E-01   7.3084670E-01   6.8670768E-01   6.9880658E-01   7.2508007E-01   7.4861932E-01   8.3197290E-01   7.6155597E-01
  8.0377567E-01   8.1850266E-01   8.4411865E-01   8.0941045E-01   7.4924111E-01   7.7032393E-01   7.7144241E-01   7.2394830E-01   7.4128294E-01   6.6340113E-01
  6.6269428E-01   7.0672178E-01   7.2289360E-01   7.5530469E-01   6.7252523E-01   6.5495145E-01   6.3260579E-01   6.3455862E-01   5.8019316E-01   5.4040557E-01
  5.0659335E-01   5.3144872E-01   6.6631806E-01   7.2499239E-01   6.7745316E-01   7.2109199E-01   8.0755758E-01   7.9812860E-01   8.0899137E-01   7.0779824E-01
  6.5274465E-01   6.5488899E-01   6.5607703E-01   7.4787557E-01   6.6298914E-01   6.9155633E-01   7.4223292E-01   8.1905407E-01   9.5895463E-01   9.2944765E-01
  8.8159853E-01   8.2402307E-01   8.5615474E-01   9.2511171E-01   1.0177462E+00   8.7915850E-01   7.8206396E-01   9.1572392E-01   7.4350154E-01   6.6769576E-01
  6.7903966E-01   7.1501607E-01   7.5718373E-01   7.2554088E-01   6.4472294E-01   6.7647862E-01   7.3085451E-01   6.6209579E-01   7.1478653E-01   6.8343294E-01
  7.1940297E-01   7.3091990E-01   7.3064643E-01   8.4953153E-01   8.1813663E-01   6.9645876E-01   7.1659279E-01   6.7986792E-01   6.3347042E-01   6.4207870E-01
  6.2684053E-01   6.5376365E-01   6.6014206E-01   7.0692885E-01   9.4666052E-01   9.0513688E-01   8.9956117E-01   8.0979538E-01   7.7460319E-01   8.3593351E-01
  8.5134035E-01   7.8441560E-01   7.3245192E-01   8.0587107E-01   7.1539909E-01   6.7263347E-01   7.0805925E-01   6.1171913E-01   6.1018819E-01   6.6189146E-01
  6.4762747E-01   5.9006596E-01   5.9080255E-01   6.1381489E-01   5.7162255E-01   6.7891955E-01   7.0067191E-01   7.0467436E-01   7.1093154E-01   9.4981241E-01
  8.2852870E-01   8.2306957E-01   9.1922414E-01   9.5946574E-01   8.3707726E-01   8.7977087E-01   7.9551148E-01   7.7659357E-01   7.4044287E-01   6.5572864E-01
  6.8623811E-01   5.9421027E-01   5.8129227E-01   6.1946905E-01   6.1452806E-01   6.6478133E-01   6.4703232E-01   6.1906683E-01   5.9005558E-01   5.4444295E-01
  5.2257085E-01   5.1363075E-01   5.3243154E-01   5.8634144E-01   5.5696094E-01   6.0930812E-01   5.7775128E-01   5.3360313E-01   5.2434266E-01   5.3685266E-01
  5.8571285E-01   6.4778465E-01   6.1414802E-01   6.0006738E-01   5.7628912E-01   6.6294831E-01   5.6953716E-01   5.6563187E-01   5.6842923E-01   6.5216988E-01
  6.3338226E-01   6.6230106E-01   6.2549794E-01   5.5339849E-01   5.5299449E-01   5.9878278E-01   5.9790701E-01   6.0589981E-01   6.4615124E-01   6.7316335E-01
  6.3968903E-01   5.9911597E-01   6.2062865E-01   5.9102106E-01   6.0657156E-01   5.8279431E-01   6.4250910E-01   6.1205137E-01   5.8634257E-01   5.5775017E-01
  5.8948332E-01   5.6668001E-01   5.6098658E-01   5.6412560E-01   6.4786035E-01   6.1360788E-01   5.7099020E-01   5.4138267E-01   5.6272376E-01   5.3088820E-01
  5.1228583E-01   5.5708903E-01   6.0535282E-01   5.7240987E-01   6.0338777E-01   6.2749010E-01   5.9570253E-01   5.7200968E-01   6.0324270E-01   6.2586242E-01
  6.4356494E-01   6.4075339E-01   7.2686630E-01   6.3043356E-01   5.8210397E-01   5.9325516E-01   5.6235665E-01   6.8313265E-01   6.6550177E-01   6.5716660E-01
  6.1687875E-01   6.7514819E-01   7.0274496E-01   6.4306003E-01   6.5012866E-01   5.9830797E-01   6.2106669E-01   5.9454805E-01   5.7103020E-01   5.5774611E-01
  6.1180478E-01   6.5950692E-01   6.9346201E-01   6.5114379E-01   6.8058044E-01   6.4908415E-01   5.9342837E-01   6.0091209E-01   5.8219683E-01   6.0585189E-01
  6.8347847E-01   6.1378920E-01   6.3086814E-01   5.9512264E-01   6.3227099E-01   5.6629962E-01   5.3275037E-01   5.9832066E-01   5.9981513E-01   5.6126052E-01
  6.7000419E-01   6.0674179E-01   5.7612920E-01   5.7345635E-01   6.2516719E-01   6.8491864E-01   6.6354954E-01   6.1619931E-01   6.0189605E-01   6.1767960E-01
  7.0249474E-01   6.8182993E-01   6.9638026E-01   6.7600065E-01   6.5960193E-01   6.1294627E-01   6.3356400E-01   6.0352230E-01   6.1405468E-01   6.0192019E-01
  6.9364065E-01   7.5137335E-01   5.5149412E-01   6.0824555E-01   6.2353218E-01   5.5746216E-01   5.7546705E-01   5.7188934E-01   5.4959303E-01   6.1183846E-01
  6.5626734E-01   6.3285035E-01   6.1299902E-01   7.3232925E-01   7.0304275E-01   6.7332524E-01   6.6243851E-01   6.2518436E-01   6.0461909E-01   5.9973794E-01
  5.2134728E-01   5.1601863E-01   5.2383149E-01   5.5045784E-01   5.5124271E-01   5.2456182E-01   5.7016826E-01   5.9172821E-01   5.8577228E-01   5.6120062E-01
  5.3236109E-01   6.5277082E-01   6.7837310E-01   7.1791756E-01   6.8571913E-01   6.9597805E-01   6.2350076E-01   6.8563610E-01   5.8849502E-01   6.1809993E-01
  6.7357677E-01   5.8029628E-01   6.0971648E-01   6.1920923E-01   5.3751516E-01   5.9843957E-01   5.5324441E-01   5.4551184E-01   6.4285630E-01   6.0485387E-01
  5.6350857E-01   6.5688807E-01   6.2164712E-01   6.8938857E-01   7.9416788E-01   8.0189425E-01   7.5984627E-01   7.5989753E-01   6.9779086E-01   6.8475294E-01
  6.0333103E-01   5.8668864E-01   6.5286958E-01   6.7900491E-01   5.8806854E-01   5.4651904E-01   6.0879737E-01   6.2057018E-01   5.6325245E-01   5.4573488E-01
  5.8803594E-01   5.4429919E-01   6.1829370E-01   5.2407753E-01   5.2882314E-01   5.9044015E-01   5.8253181E-01   6.1218125E-01   6.2170398E-01   5.9866112E-01
  6.1718357E-01   6.1447281E-01   5.5800647E-01   5.7637298E-01   5.7701528E-01   5.8129334E-01   6.5915895E-01   6.5323871E-01   5.9951371E-01   5.8924621E-01
  6.2218064E-01   6.1895573E-01   5.4805195E-01   6.0098135E-01   5.9376156E-01   5.4878885E-01   5.2902669E-01   5.4301035E-01   5.8344334E-01   6.4788723E-01
  5.2862751E-01   5.2744442E-01   5.2082396E-01   5.8264631E-01   5.6773204E-01   5.2333486E-01   4.8724258E-01   5.0805295E-01   5.0543547E-01   5.3566027E-01
  6.4876926E-01   6.5024924E-01   7.1145910E-01   6.5760064E-01   6.3107198E-01   5.4822826E-01   6.9249094E-01   6.4599502E-01   7.2187054E-01   6.8993223E-01
  7.6678020E-01   6.9786733E-01   6.9408691E-01   6.0486674E-01   5.4428226E-01   5.1690423E-01   4.9958324E-01   6.0090977E-01   5.6080633E-01   5.7807350E-01
  5.5100894E-01   5.9469670E-01   6.2224311E-01   6.7723542E-01   6.4030123E-01   6.3098842E-01   6.4597279E-01   5.7455277E-01   5.5814385E-01   5.6916308E-01
  5.7831001E-01   5.5688643E-01   5.7328963E-01   5.7432151E-01   5.9053886E-01   5.6477827E-01   5.7610220E-01   5.3463113E-01   5.3917646E-01   5.6825209E-01
  5.5303431E-01   5.6944394E-01   5.9439301E-01   5.7111317E-01   5.5152255E-01   5.1977932E-01   5.6789058E-01   5.8553761E-01   5.3261602E-01   5.4442799E-01
  5.7743043E-01   5.7342118E-01   6.5523291E-01   6.2488389E-01   5.5503547E-01   6.2184465E-01   6.1256105E-01   6.1365515E-01   6.9173002E-01   6.3170052E-01
  6.9491088E-01   6.0131538E-01   6.0902673E-01   6.8651813E-01   6.1013281E-01   6.2276620E-01   6.2451202E-01   6.4839226E-01   6.2008864E-01   6.3577217E-01
  7.7024323E-01   7.0100892E-01   6.2472737E-01   6.1475563E-01   6.3349479E-01   6.0546833E-01   6.9161576E-01   6.9248724E-01   5.6558067E-01   6.2958544E-01
  6.1704296E-01   6.7505944E-01   5.8847171E-01   6.0718149E-01   6.7749280E-01   6.7153293E-01   6.2551606E-01   6.9709188E-01   5.8809799E-01   5.7429963E-01
  5.7991552E-01   6.4409399E-01   6.1041981E-01   6.3326448E-01   5.9659356E-01   5.7721251E-01   6.1614680E-01   5.8857977E-01   6.0084760E-01   5.7188010E-01
  6.6738898E-01   7.1828604E-01   6.8471074E-01   5.7250011E-01   6.7746633E-01   7.3023874E-01   7.9015398E-01   6.6727966E-01   6.7045051E-01   6.8736696E-01
  6.4362890E-01   5.9740627E-01   5.8390880E-01   6.3710463E-01   6.4641225E-01   6.6976547E-01   6.3892984E-01   6.5006864E-01   6.3603151E-01   5.4623860E-01
  5.6397313E-01   5.7638413E-01   5.5038297E-01   5.5544275E-01   5.5190456E-01   5.9688622E-01   6.3939482E-01   6.1413789E-01   6.0371637E-01   6.1200714E-01
  6.5590960E-01   6.7411816E-01   7.1663547E-01   6.2118471E-01   6.4490724E-01   6.6833311E-01   5.8194643E-01   6.4466012E-01   5.9074396E-01   5.9391153E-01
  6.3176847E-01   6.0957795E-01   6.5581471E-01   6.8906158E-01   7.0595753E-01   6.3997281E-01   5.8932036E-01   6.3817114E-01   6.2725747E-01   5.8226234E-01
  5.5720174E-01   5.7136142E-01   5.7751215E-01   6.5360010E-01   6.1784828E-01   6.5036184E-01   6.3606536E-01   6.0111052E-01   5.6911856E-01   6.0635155E-01
  5.8926785E-01   6.7221761E-01   6.1193818E-01   5.9254593E-01   6.3668275E-01   6.4351231E-01   6.7489946E-01   6.1252785E-01   6.4696670E-01   6.1467165E-01
  6.4387828E-01   8.0371416E-01   7.8678989E-01   8.6105174E-01   8.5063899E-01   7.2312301E-01   6.5840369E-01   6.7725229E-01   7.1416783E-01   6.4632630E-01
  7.0607692E-01   6.1234331E-01   6.2568569E-01   6.5824765E-01   6.9761294E-01   7.9565698E-01   7.3573762E-01   7.7130562E-01   5.8474433E-01   5.6227434E-01
  5.7979208E-01   5.9718269E-01   6.2352532E-01   5.8260107E-01   5.6213748E-01   6.1867088E-01   6.8806154E-01   5.8989567E-01   6.3930321E-01   5.9533566E-01
  6.3527435E-01   6.8883425E-01   6.6892612E-01   6.8939900E-01   6.6448766E-01   6.9400138E-01   6.3901556E-01   6.4096028E-01   6.1411208E-01   6.5900528E-01
  6.9137084E-01   6.3529032E-01   6.6088718E-01   6.3561380E-01   6.6584784E-01   5.8778781E-01   5.9673834E-01   5.9575909E-01   7.6157451E-01   7.4140763E-01
  7.1895343E-01   7.7084225E-01   7.2489125E-01   6.7195344E-01   6.7006737E-01   6.8648022E-01   6.2142712E-01   7.0443350E-01   6.9506967E-01   6.9560558E-01
  7.6108509E-01   7.2357512E-01   7.1413994E-01   6.1433685E-01   6.3382256E-01   5.9410632E-01   6.0080731E-01   6.4738595E-01   6.1703056E-01   6.5318203E-01
  6.0492367E-01   5.9333861E-01   6.7268270E-01   6.4343935E-01   6.1879539E-01   6.7355567E-01   6.9343543E-01   7.2660542E-01   6.4552468E-01   6.0400599E-01
  5.9835207E-01   6.0968751E-01   5.4948920E-01   6.5199918E-01   6.0229295E-01   6.4616460E-01   7.2244996E-01   7.4448431E-01   7.7819961E-01   7.4153322E-01
  7.0758909E-01   6.8078864E-01   6.3698995E-01   7.0583975E-01   7.8643936E-01   7.0762777E-01   7.9624641E-01   8.8030940E-01   8.5632956E-01   8.4499586E-01
  8.6334276E-01   6.9540799E-01   6.9554698E-01   6.7588520E-01   6.0130906E-01   6.2396199E-01   6.6010350E-01   6.1139441E-01   6.1682957E-01   7.0336407E-01
  7.0196199E-01   7.3663157E-01   7.3418301E-01   8.2819074E-01   7.4129719E-01   7.7721661E-01   7.9799056E-01   7.5594687E-01   7.5735205E-01   6.8725020E-01
  7.1807820E-01   7.3187023E-01   6.6170102E-01   6.9549340E-01   7.5399959E-01   6.6835910E-01   7.5566405E-01   6.3261884E-01   7.2041416E-01   6.4986557E-01
  7.4762732E-01   6.8187112E-01   6.4163154E-01   6.8151295E-01   6.9364649E-01   6.4213377E-01   6.6657037E-01   6.8504471E-01   6.8605959E-01   7.0882809E-01
  7.0077658E-01   6.8542266E-01   6.8669707E-01   6.7844331E-01   6.6999441E-01   7.3042542E-01   6.7093104E-01   7.0837623E-01   7.2702259E-01   6.6855556E-01
  6.3839632E-01   6.2856817E-01   6.2216204E-01   7.4378908E-01   6.9332033E-01   6.3390720E-01   6.6193998E-01   6.6260344E-01   6.7874348E-01   7.2096938E-01
  7.2454685E-01   7.2656167E-01   7.6758957E-01   6.8241262E-01   6.1660492E-01   5.8229774E-01   5.6051165E-01   6.2421906E-01   6.8186438E-01   6.7869943E-01
  5.9824628E-01   6.4247316E-01   6.5246964E-01   6.7539328E-01   6.1960924E-01   6.1515266E-01   5.9024221E-01   5.8103102E-01   5.9925401E-01   5.8113074E-01
  6.0115927E-01   6.2614369E-01   6.2191409E-01   6.5289986E-01   6.4527792E-01   6.1270416E-01   6.3761097E-01   6.8233275E-01   6.7181337E-01   6.5525794E-01
  6.8164206E-01   6.5703434E-01   6.4208478E-01   6.4962792E-01   5.9211212E-01   5.8654779E-01   5.8567613E-01   5.9758973E-01   5.9372336E-01   5.7820332E-01
  6.5251034E-01   6.2475002E-01   7.0286942E-01   6.1997986E-01   5.8124566E-01   6.3847238E-01   6.3397819E-01   6.4719599E-01   6.8044972E-01   5.9682095E-01
  6.2309188E-01   6.9465584E-01   7.0953685E-01   7.0525992E-01   6.4838052E-01   6.3828224E-01   5.7481873E-01   5.6719226E-01   5.6652272E-01   5.6696987E-01
  5.8650571E-01   5.6222492E-01   5.7005280E-01   5.3938371E-01   5.5169940E-01   5.0603378E-01   5.2056432E-01   5.1679134E-01   5.8296585E-01   5.8840114E-01
  6.9450289E-01   6.9743192E-01   6.0929799E-01   6.4880520E-01   6.8210715E-01   6.2266678E-01   6.2082160E-01   5.9292555E-01   6.4201063E-01   6.8471515E-01
  5.8639002E-01   5.6662649E-01   5.7834619E-01   5.7690704E-01   5.5621463E-01   5.4248106E-01   6.2586331E-01   6.0589808E-01   5.2514184E-01   5.2501255E-01
  5.3049630E-01   5.0518727E-01   5.1727307E-01   5.8099145E-01   6.5149570E-01   6.6964489E-01   6.6615188E-01   7.1662349E-01   6.6075814E-01   7.0328087E-01
  7.2273421E-01   6.7385674E-01   5.6111515E-01   5.6478548E-01   5.5183893E-01   6.1726815E-01   6.1476201E-01   5.1145947E-01   5.1638418E-01   5.2723479E-01
  5.4407817E-01   6.1068302E-01   6.6696852E-01   6.3900071E-01   6.8517864E-01   6.1073083E-01   6.9136304E-01   6.3980049E-01   6.4573652E-01   6.1528575E-01
  6.1627084E-01   6.2216282E-01   6.4508486E-01   6.8680596E-01   6.7625779E-01   6.3665867E-01   5.7225943E-01   6.2464893E-01   5.7898492E-01   6.8691903E-01
  6.8836087E-01   7.3107892E-01   8.0799055E-01   7.0889187E-01   6.0564816E-01   5.4440796E-01   6.0829854E-01   6.1152768E-01   6.2178987E-01   6.1234409E-01
  6.6099274E-01   5.8831996E-01   6.3296461E-01   5.9954435E-01   6.3631475E-01   7.0341331E-01   6.1705965E-01   5.9861791E-01   5.7739633E-01   6.1920720E-01
  6.2239522E-01   5.5108178E-01   6.2795842E-01   5.9239060E-01   5.8661020E-01   5.9264100E-01   6.0121197E-01   6.9508880E-01   7.3575401E-01   7.3867542E-01
  7.8218949E-01   6.8931407E-01   6.6196865E-01   5.8118987E-01   5.9264827E-01   5.4808301E-01   6.6361618E-01   6.0922140E-01   6.1238062E-01   6.0586977E-01
  6.6970593E-01   5.9007955E-01   6.9109780E-01   6.6406047E-01   6.8119425E-01   7.3399884E-01   7.2788715E-01   6.9212145E-01   6.6993779E-01   6.1669570E-01
  6.4981598E-01   6.7492217E-01   5.9594160E-01   6.1314893E-01   6.4297658E-01   5.9651589E-01   5.9001398E-01   6.0948801E-01   6.4417171E-01   6.2291950E-01
  6.6019791E-01   6.6638517E-01   6.4553457E-01   6.7873454E-01   6.0359842E-01   6.8464285E-01   7.9052770E-01   7.7789372E-01   6.5372550E-01   6.2621891E-01
  6.5035766E-01   6.5767229E-01   6.9446415E-01   6.1495316E-01   5.9145695E-01   6.2312931E-01   5.9135902E-01   5.6829262E-01   6.0447544E-01   6.2131923E-01
  6.0392016E-01   5.4840267E-01   5.6659460E-01   6.3256067E-01   6.5871710E-01   6.4206445E-01   5.9969032E-01   5.7393360E-01   5.3769064E-01   5.7904983E-01
  5.4482484E-01   5.7385767E-01   6.7074472E-01   6.6391069E-01   7.4590367E-01   6.7269254E-01   7.4277419E-01   6.7260826E-01   5.8427274E-01   5.8297694E-01
  5.6836838E-01   5.4353046E-01   5.3506786E-01   6.0676241E-01   5.8543950E-01   6.6088456E-01   7.0037860E-01   7.7641189E-01   7.8893864E-01   6.7498821E-01
  7.4427819E-01   6.8948495E-01   6.9069028E-01   6.9857156E-01   7.8043383E-01   7.4918586E-01   6.5062773E-01   7.2875845E-01   7.1530920E-01   6.5075183E-01
  5.6921953E-01   5.7889718E-01   6.2161738E-01   6.3822830E-01   7.2192019E-01   6.5954226E-01   6.4969760E-01   6.9872111E-01   6.1625290E-01   6.2091225E-01
  6.2962705E-01   7.1301913E-01   8.2020599E-01   8.4891033E-01   8.3170968E-01   7.2078079E-01   6.6891795E-01   6.8274176E-01   6.0636091E-01   6.1655152E-01
  5.7041335E-01   5.5980092E-01   6.1322385E-01   5.9941703E-01   5.6438869E-01   5.9197295E-01   6.9607788E-01   6.2772846E-01   6.6426599E-01   7.2850436E-01
  6.6306847E-01   6.7309594E-01   8.0666178E-01   7.8724682E-01   7.1736747E-01   8.2181615E-01   8.9468479E-01   7.3436016E-01   7.6935142E-01   6.4486039E-01
  6.8752396E-01   5.7883686E-01   6.1293447E-01   6.0426080E-01   6.6393495E-01   5.8562726E-01   5.9345984E-01   5.4446852E-01   5.7903296E-01   6.0391712E-01
  6.6065055E-01   7.3273414E-01   6.2077057E-01   7.5702500E-01   7.4542791E-01   6.6779464E-01   8.1722075E-01   6.4939523E-01   6.1956829E-01   6.2333095E-01
  6.4710343E-01   7.0872837E-01   6.5561271E-01   5.6424814E-01   5.7998776E-01   5.6108868E-01   6.8142593E-01   6.2056613E-01   6.1838907E-01   7.1547168E-01
  6.4268136E-01   6.3112402E-01   6.1274242E-01   6.0106802E-01   5.7432038E-01   5.5155927E-01   6.1834091E-01   5.4572058E-01   5.4559267E-01   5.7014024E-01
  5.9836799E-01   6.5252745E-01   7.2199428E-01   6.4593089E-01   6.7160791E-01   7.4865890E-01   7.0130050E-01   6.2117827E-01   6.3355970E-01   5.7608855E-01
  5.9173810E-01   5.9506148E-01   6.2839985E-01   6.6859663E-01   6.8799996E-01   6.0710460E-01   6.6391939E-01   6.9166625E-01   8.0868822E-01   9.2746133E-01
  8.8174343E-01   8.8224566E-01   7.5410360E-01   6.3562936E-01   6.3428962E-01   6.1091757E-01   6.6787410E-01   7.5842375E-01   7.4623102E-01   7.5709653E-01
  8.3041739E-01   7.0111328E-01   6.7422003E-01   6.0984659E-01   5.4478282E-01   6.0531396E-01   5.8045942E-01   5.6637943E-01   5.7835442E-01   5.7068455E-01
  5.4021686E-01   5.5334938E-01   5.1904583E-01   5.9763902E-01   5.7810563E-01   5.4949355E-01   6.0355973E-01   5.9079194E-01   5.9877843E-01   6.1474597E-01
  6.6681349E-01   6.6676295E-01   6.5443999E-01   5.9630603E-01   5.9326291E-01   6.1352479E-01   6.9419742E-01   7.4717814E-01   8.2034707E-01   7.0907688E-01
  7.6027000E-01   6.6444415E-01   6.7793673E-01   7.0059037E-01   6.9754404E-01   7.2235227E-01   6.9512314E-01   6.3842350E-01   6.7535686E-01   7.0664030E-01
  6.4094418E-01   6.4087504E-01   7.3014158E-01   6.4907897E-01   6.7683905E-01   7.9300737E-01   7.4026579E-01   7.4501771E-01   7.4712765E-01   6.9255596E-01
  7.2105217E-01   6.9442636E-01   6.3407665E-01   7.1364504E-01   7.0122063E-01   6.6842282E-01   6.5582365E-01   6.6456479E-01   6.5841138E-01   6.5613544E-01
  8.3415180E-01   7.9567111E-01   7.6257455E-01   7.2423619E-01   6.7273271E-01   7.6762086E-01   7.3615909E-01   7.3941272E-01   8.0085057E-01   7.7503151E-01
  8.0524188E-01   7.6015383E-01   7.6943105E-01   7.6832110E-01   7.4387497E-01   6.7095309E-01   7.7872992E-01   8.5904032E-01   9.2155659E-01   7.6938283E-01
  6.4851689E-01   7.0226914E-01   6.2516063E-01   5.9500355E-01   6.5620935E-01   6.2589002E-01   6.5119612E-01   7.0406824E-01   7.4037910E-01   8.2994086E-01
  6.8134123E-01   6.6517705E-01   7.1216381E-01   7.0306295E-01   6.2680125E-01   7.0990074E-01   6.1628318E-01   6.0253859E-01   6.3738847E-01   6.2783945E-01
  7.1100444E-01   6.8396938E-01   7.8782177E-01   6.8951601E-01   6.6705525E-01   7.1393538E-01   6.9997281E-01   6.7204642E-01   6.4351338E-01   6.4543784E-01
  6.5070081E-01   7.0729518E-01   6.9659579E-01   6.8197721E-01   6.9889081E-01   7.5652236E-01   7.3620498E-01   6.9031173E-01   6.6012299E-01   7.2314972E-01
  7.9282576E-01   6.4573634E-01   5.9494841E-01   6.1945277E-01   6.5181041E-01   5.4370642E-01   5.7703751E-01   5.9047741E-01   6.0290325E-01   6.5889657E-01
  6.2893099E-01   7.0315522E-01   7.4311727E-01   6.9210768E-01   6.9887531E-01   6.1639041E-01   7.1344763E-01   7.8062528E-01   7.4013752E-01   6.6306740E-01
  6.3354290E-01   6.4933252E-01   6.6539395E-01   6.5276152E-01   7.1499658E-01   6.9239706E-01   8.2481945E-01   7.6453596E-01   6.6352856E-01   6.5147030E-01
  6.9874603E-01   7.1449971E-01   7.2842956E-01   6.6099232E-01   7.2508037E-01   6.4615566E-01   5.9731454E-01   6.1373043E-01   6.9006979E-01   6.7960012E-01
  6.8634963E-01   6.4820248E-01   6.7230481E-01   6.9760644E-01   6.7894006E-01   6.2080020E-01   6.9969630E-01   6.6240680E-01   6.6037995E-01   6.6591072E-01
  7.4273294E-01   6.7901498E-01   6.8144220E-01   6.7950910E-01   6.7481494E-01   6.6454601E-01   6.7572296E-01   6.6348606E-01   5.8382940E-01   6.5018362E-01
  6.4982849E-01   6.8150914E-01   6.9752592E-01   6.8194073E-01   7.9338169E-01   7.8402537E-01   6.9207919E-01   7.4815321E-01   7.3271495E-01   6.3839102E-01
  7.2729397E-01   7.9225695E-01   9.0324366E-01   8.8882828E-01   8.4853643E-01   8.6039007E-01   7.3875648E-01   7.6051813E-01   7.4803662E-01   6.9006377E-01
  6.6465056E-01   8.0860049E-01   7.1746743E-01   6.7294973E-01   7.2783267E-01   7.0170063E-01   6.8469787E-01   7.0071203E-01   6.8808752E-01   7.8848463E-01
  7.0454323E-01   7.5022668E-01   7.6566923E-01   6.2473357E-01   6.5966082E-01   7.1232784E-01   8.0357814E-01   6.9961256E-01   7.3562509E-01   7.0289725E-01
  7.6636136E-01   7.4647164E-01   6.5335083E-01   6.5556061E-01   7.2196859E-01   6.9592571E-01   7.6707816E-01   6.4647889E-01   6.5690917E-01   6.8669939E-01
  6.3810116E-01   6.1218321E-01   6.4003313E-01   6.8432391E-01   6.6670591E-01   7.1936518E-01   7.8954846E-01   7.6350904E-01   6.5365762E-01   6.0390490E-01
  5.7106072E-01   5.8807510E-01   7.1755016E-01   5.9535909E-01   6.8058664E-01   6.3863814E-01   6.3776535E-01   6.7035317E-01   6.3865870E-01   5.8602971E-01
  6.4257246E-01   5.6844032E-01   5.4802340E-01   5.9242100E-01   5.8597577E-01   5.7661152E-01   5.7987911E-01   6.1563432E-01   7.2922015E-01   7.3846650E-01
  7.5985581E-01   6.9226152E-01   7.0362306E-01   8.8070780E-01   6.5212822E-01   6.8272978E-01   6.5110642E-01   7.2472745E-01   7.7870357E-01   6.1741388E-01
  7.0923495E-01   7.0594853E-01   6.1842310E-01   5.8846408E-01   5.9833121E-01   6.7820650E-01   5.9633934E-01   6.1201370E-01   6.0829639E-01   6.1542630E-01
  6.1687720E-01   6.2013841E-01   7.0400912E-01   7.5013334E-01   7.5475961E-01   7.4829674E-01   7.9867345E-01   7.3917836E-01   6.6791403E-01   7.0068848E-01
  8.0226582E-01   8.1652975E-01   7.7132034E-01   7.3943615E-01   7.7390265E-01   7.1386492E-01   7.4414378E-01   7.9601657E-01   7.3255736E-01   8.0452460E-01
  7.9257363E-01   6.4065069E-01   7.0893133E-01   8.6874795E-01   7.4209476E-01   7.4436778E-01   6.6909903E-01   6.8098301E-01   7.1991652E-01   7.3703790E-01
  7.0068508E-01   7.4582905E-01   7.0101845E-01   6.1126703E-01   6.4982164E-01   6.3877165E-01   6.2337959E-01   7.0552379E-01   6.7137754E-01   6.3021028E-01
  6.5153956E-01   6.1003512E-01   6.7986816E-01   6.3117266E-01   6.1146510E-01   6.4243442E-01   6.1795044E-01   7.0650363E-01   8.3560646E-01   7.7883804E-01
  7.5120205E-01   7.6519203E-01   7.9057127E-01   7.0833957E-01   7.3423660E-01   8.6172789E-01   8.5928637E-01   8.8941813E-01   9.4161445E-01   9.3971109E-01
  8.6700392E-01   8.2247990E-01   8.1606615E-01   7.6660556E-01   6.0143930E-01   6.6420627E-01   6.5476239E-01   6.1344022E-01   6.9141275E-01   6.2095863E-01
  6.8189991E-01   6.6214532E-01   6.8898696E-01   6.6527545E-01   6.8724495E-01   6.7226809E-01   6.4156926E-01   5.9038311E-01   6.3452423E-01   5.9207636E-01
  6.2818819E-01   6.3002574E-01   6.7096579E-01   5.9577030E-01   6.5296161E-01   6.3404161E-01   5.7880527E-01   5.9918237E-01   6.3255602E-01   7.2382247E-01
  7.5895709E-01   7.5528103E-01   6.7736149E-01   6.9835311E-01   6.4791620E-01   6.4548504E-01   6.5527576E-01   6.8036944E-01   6.7535073E-01   6.6027898E-01
  6.1083281E-01   6.2139803E-01   6.7493021E-01   6.1926693E-01   6.2990373E-01   6.4354646E-01   7.0874238E-01   6.5313226E-01   6.7310065E-01   6.8258631E-01
  6.4386958E-01   6.3978308E-01   7.1361011E-01   7.1104896E-01   6.5407556E-01   5.8046532E-01   5.9895587E-01   6.4104074E-01   5.9950989E-01   6.8684602E-01
  6.3529789E-01   5.9943515E-01   6.9380414E-01   6.0677564E-01   6.0573500E-01   7.3232877E-01   7.9247695E-01   7.7151614E-01   6.7193359E-01   5.8939308E-01
  6.1538446E-01   6.4055806E-01   5.7382965E-01   6.3071656E-01   6.7098695E-01   6.1783147E-01   5.9534281E-01   7.3799276E-01   6.4673644E-01   6.8342239E-01
  7.6861519E-01   8.4721446E-01   7.3384178E-01   7.5077772E-01   7.6508301E-01   7.4549258E-01   6.2207150E-01   7.2184521E-01   7.9665107E-01   6.4019257E-01
  6.6213757E-01   6.7932314E-01   8.2025355E-01   8.9324796E-01   8.2862484E-01   8.4785748E-01   7.6480460E-01   6.8223929E-01   6.6182107E-01   6.4206755E-01
  6.9801307E-01   6.8194073E-01   8.1502736E-01   7.4992979E-01   7.7558506E-01   7.3042369E-01   6.9157559E-01   6.8152839E-01   7.1278358E-01   7.9254514E-01
  8.1755108E-01   8.5120052E-01   7.4544150E-01   7.1813345E-01   6.1080116E-01   6.0865700E-01   6.6050082E-01   6.6694909E-01   6.3660163E-01   5.8223647E-01
  6.3118571E-01   7.0929831E-01   6.6666502E-01   5.5068314E-01   5.9024036E-01   6.0177332E-01   6.5504563E-01   7.1281207E-01   6.6993934E-01   5.9363401E-01
  6.1388946E-01   7.4102473E-01   8.2031560E-01   8.1518781E-01   8.0040038E-01   8.2821172E-01   8.8615817E-01   6.1098546E-01   6.2622368E-01   6.4051366E-01
  6.4310545E-01   7.0893031E-01   6.6076559E-01   6.8479848E-01   7.2476053E-01   6.7978609E-01   6.8378496E-01   7.0459741E-01   7.4226505E-01   7.1284544E-01
  7.6900071E-01   7.1361643E-01   6.7028123E-01   7.2324568E-01   6.7867839E-01   7.0160383E-01   6.9764167E-01   7.0706636E-01   6.8206781E-01   7.6292592E-01
  7.0095938E-01   6.9859302E-01   6.6535115E-01   6.1140889E-01   6.5504837E-01   6.8004239E-01   6.7478579E-01   6.8542343E-01   6.9944090E-01   6.6190577E-01
  6.9989961E-01   7.3271620E-01   6.8349952E-01   6.4677083E-01   6.4455646E-01   6.9167584E-01   6.4415479E-01   8.0015916E-01   6.9187921E-01   6.4177150E-01
  7.5129503E-01   6.5466213E-01   6.7458957E-01   7.2374392E-01   6.8571919E-01   6.2272024E-01   7.4017274E-01   6.8044960E-01   6.6361624E-01   6.5449047E-01
  6.3224959E-01   6.7902529E-01   6.3698983E-01   6.6306889E-01   7.1651864E-01   6.7321545E-01   6.4586997E-01   6.5015310E-01   8.0573195E-01   7.6468986E-01
  8.1555641E-01   7.3981482E-01   7.3272496E-01   7.5524998E-01   6.8292433E-01   6.3504273E-01   6.2512523E-01   6.1085600E-01   6.5689284E-01   6.4437193E-01
  5.6635308E-01   6.1450285E-01   6.8039286E-01   7.0397502E-01   7.2014946E-01   6.3426632E-01   6.5514529E-01   6.3669312E-01   6.4880872E-01   6.2539059E-01
  6.1191046E-01   5.7029355E-01   6.2332976E-01   6.0504848E-01   6.6769147E-01   8.0462068E-01   8.4724855E-01   7.8837460E-01   8.8395989E-01   7.6081145E-01
  6.3671643E-01   5.8503211E-01   7.2433102E-01   6.1481041E-01   6.1231476E-01   6.8643600E-01   8.0960232E-01   7.5451183E-01   6.3648367E-01   7.4667376E-01
  7.2778887E-01   7.4264449E-01   6.5939051E-01   6.7351687E-01   6.5742189E-01   7.4537468E-01   8.0572832E-01   8.5507262E-01   8.1256628E-01   7.3725414E-01
  7.2991133E-01   7.8421450E-01   7.6327389E-01   6.8571395E-01   6.5458995E-01   6.9742721E-01   7.3296094E-01   6.4490801E-01   6.4779687E-01   7.9489613E-01
  7.5829250E-01   8.0464929E-01   8.0998027E-01   7.1729439E-01   7.7629811E-01   6.7186999E-01   6.4457709E-01   6.7610872E-01   6.2356919E-01   6.0939580E-01
  5.7357097E-01   6.2648880E-01   6.4689815E-01   6.4196420E-01   8.3854949E-01   8.1713474E-01   7.7610570E-01   8.3135617E-01   8.0561417E-01   7.1775866E-01
  7.9108787E-01   7.3893982E-01   6.5395480E-01   8.3676237E-01   8.0754071E-01   7.0408005E-01   6.8078303E-01   7.3709124E-01   7.1581519E-01   6.6911763E-01
  6.9397724E-01   7.1746832E-01   6.9169647E-01   7.1778685E-01   7.1323252E-01   6.4018673E-01   6.3005656E-01   6.6874176E-01   7.2553039E-01   6.7990762E-01
  6.3157964E-01   6.6844034E-01   7.2012997E-01   7.0168346E-01   7.0594072E-01   7.1886271E-01   7.3108256E-01   6.6197610E-01   6.9678050E-01   7.7990526E-01
  6.7579025E-01   6.3003451E-01   7.0592660E-01   6.6809660E-01   6.0751760E-01   6.9861138E-01   6.7955506E-01   6.9395316E-01   7.1263826E-01   6.4040744E-01
  7.2168845E-01   6.8403900E-01   7.0704722E-01   6.8604296E-01   6.2791216E-01   6.8708521E-01   7.5464994E-01   7.0129865E-01   6.7078298E-01   6.9278032E-01
  6.5473127E-01   7.2973931E-01   6.9295800E-01   7.6330459E-01   6.6507047E-01   7.2954857E-01   8.1257600E-01   8.1184834E-01   7.3678833E-01   7.1424872E-01
  7.9333431E-01   7.6565188E-01   7.3191285E-01   8.2681859E-01   9.1366780E-01   8.9060581E-01   8.7666380E-01   7.6651621E-01   6.8019849E-01   7.7792686E-01
  7.7992839E-01   7.8470695E-01   7.3497570E-01   7.1728814E-01   8.9535284E-01   8.1453973E-01   7.5029975E-01   7.6113957E-01   7.8654772E-01   8.0993330E-01
  9.0374184E-01   1.0400902E+00   8.8920826E-01   7.5935936E-01   7.5448167E-01   7.8121585E-01   8.4575510E-01   9.3364662E-01   8.4921646E-01   8.6710805E-01
  8.4840178E-01   7.7142090E-01   7.6302093E-01   8.1322128E-01   7.0193589E-01   6.2992579E-01   6.6358513E-01   6.9184184E-01   7.2688556E-01   8.0229700E-01
  7.3708123E-01   7.0278180E-01   6.9699079E-01   6.4243454E-01   6.7155832E-01   6.1070985E-01   5.8266723E-01   6.2122011E-01   6.3650745E-01   6.8053883E-01
  6.0163110E-01   6.3108653E-01   6.9327170E-01   7.0248216E-01   6.9718796E-01   7.3004901E-01   6.5789545E-01   6.1769056E-01   6.5482634E-01   6.4882648E-01
  6.1202890E-01   6.0725349E-01   6.4517885E-01   7.3010141E-01   6.5102053E-01   6.1368036E-01   6.3591105E-01   6.2344360E-01   5.7949954E-01   5.8737534E-01
  5.6022406E-01   6.4482903E-01   6.2689412E-01   7.2898901E-01   6.7660117E-01   6.8903124E-01   6.6141367E-01   6.4332384E-01   6.7437887E-01   7.1885437E-01
  6.9902885E-01   6.9415599E-01   7.2388351E-01   6.5015936E-01   6.4199728E-01   6.4593983E-01   7.2206920E-01   5.9635597E-01   6.7577082E-01   6.9114101E-01
  6.4873987E-01   5.9543020E-01   6.1163419E-01   6.3721734E-01   5.9942991E-01   5.8356827E-01   6.5352327E-01   6.9230169E-01   7.2598410E-01   8.0474377E-01
  7.9207218E-01   7.8785360E-01   7.8076315E-01   6.7395067E-01   7.1484929E-01   7.7669269E-01   6.8550843E-01   7.2385406E-01   7.1585041E-01   6.1119539E-01
  6.3813186E-01   6.7142624E-01   7.3976463E-01   7.1578526E-01   7.1616358E-01   7.2192669E-01   6.4033628E-01   6.4947599E-01   6.4477026E-01   7.1300006E-01
  6.4899814E-01   6.1647534E-01   6.9618040E-01   6.5743780E-01   6.7724264E-01   6.6882020E-01   7.3395306E-01   7.7380282E-01   7.4208790E-01   6.5032226E-01
  6.2905884E-01   5.7853049E-01   6.3032383E-01   6.6974866E-01   7.0390588E-01   7.4429053E-01   7.7338225E-01   6.5554464E-01   6.0565019E-01   6.2283134E-01
  5.8943272E-01   6.1149645E-01   6.5481806E-01   6.3077909E-01   5.9190410E-01   6.6333967E-01   5.9585887E-01   6.6230679E-01   6.4983714E-01   6.0674089E-01
  7.1575642E-01   8.8040811E-01   8.8571876E-01   7.7789485E-01   7.1434420E-01   7.9599613E-01   8.0576432E-01   6.9243693E-01   6.5025514E-01   6.1715096E-01
  6.5940595E-01   6.2241852E-01   6.3047504E-01   6.5760881E-01   6.7387873E-01   7.6459312E-01   7.5224292E-01   7.6109701E-01   6.9841099E-01   6.8580359E-01
  6.7512721E-01   7.3750502E-01   6.8965787E-01   7.5951290E-01   6.4638203E-01   6.6307849E-01   6.5107429E-01   7.1680421E-01   6.8830717E-01   6.8469030E-01
  7.0418507E-01   6.7079139E-01   6.8249929E-01   7.3386598E-01   6.9439858E-01   6.7779428E-01   7.3756969E-01   6.3525754E-01   5.9888756E-01   6.3964105E-01
  6.8292403E-01   6.2834567E-01   7.4465519E-01   6.8143660E-01   6.9632179E-01   7.5753224E-01   9.2948252E-01   7.4220741E-01   6.7976826E-01   7.0565170E-01
  6.5733379E-01   6.4367855E-01   6.8731666E-01   6.9917935E-01   7.3543411E-01   6.4348072E-01   6.3736463E-01   6.8311751E-01   6.0735875E-01   6.1971414E-01
  6.5224779E-01   6.3010395E-01   6.3768858E-01   7.7200556E-01   7.4021965E-01   7.7930266E-01   6.5467077E-01   6.3085496E-01   6.2010735E-01   6.5596855E-01
  6.4935482E-01   7.0901275E-01   6.8963617E-01   6.6014481E-01   7.0100665E-01   7.1235746E-01   6.7937756E-01   6.8103552E-01   7.6382577E-01   8.0372292E-01
  7.6874340E-01   8.2700962E-01   7.4385828E-01   6.8842310E-01   7.1124703E-01   6.5786302E-01   6.1703962E-01   6.9015074E-01   7.4420869E-01   6.3865715E-01
  7.5256336E-01   7.5421304E-01   6.9220549E-01   7.4853504E-01   7.4001139E-01   7.1048015E-01   7.9798621E-01   6.9363439E-01   6.6388977E-01   6.3028866E-01
  6.9632661E-01   7.2823632E-01   8.0540991E-01   7.5881511E-01   7.5748867E-01   8.0724096E-01   7.7917850E-01   7.8281611E-01   7.1633762E-01   7.6068354E-01
  6.4036113E-01   6.0472608E-01   6.8021315E-01   6.5207225E-01   6.0059392E-01   6.7460853E-01   6.7183262E-01   5.9692764E-01   6.1705518E-01   7.5532484E-01
  7.6097691E-01   6.7449421E-01   7.0889688E-01   7.0000434E-01   6.5102464E-01   6.4798921E-01   5.6010348E-01   6.6192234E-01   6.3127708E-01   6.3004625E-01
  6.9502038E-01   7.0400274E-01   7.2627562E-01   7.7160698E-01   7.7035820E-01   6.6008478E-01   7.2110850E-01   7.9588348E-01   7.0050466E-01   6.2961161E-01
  6.6851324E-01   6.9900143E-01   6.5251374E-01   6.5095872E-01   6.1541528E-01   5.9034371E-01   6.9801635E-01   6.9478804E-01   7.0462453E-01   7.9258710E-01
  8.2674575E-01   7.4738222E-01   7.1062720E-01   7.3042655E-01   7.1100825E-01   7.4604672E-01   7.4695504E-01   6.9238180E-01   6.2270904E-01   7.2333282E-01
  7.0006919E-01   7.4229991E-01   6.9534135E-01   7.3503911E-01   8.4927791E-01   8.8561153E-01   6.7923599E-01   6.8035477E-01   7.1858388E-01   6.4617550E-01
  7.0900488E-01   6.9614488E-01   7.3512280E-01   7.3332518E-01   6.6668755E-01   6.2468696E-01   7.0308924E-01   6.9805843E-01   7.1968496E-01   6.7983556E-01
  7.3964387E-01   6.6346216E-01   6.5296090E-01   6.6016525E-01   6.9713843E-01   6.6347867E-01   6.5071881E-01   6.7263794E-01   6.6533899E-01   6.9609135E-01
  7.1163750E-01   6.8030792E-01   6.3596922E-01   6.0334462E-01   6.5663248E-01   6.2891924E-01   6.5988040E-01   6.4151198E-01   6.8692631E-01   6.3632971E-01
  6.1476862E-01   6.1520404E-01   6.8146247E-01   6.1820459E-01   7.0677423E-01   6.3116878E-01   6.6625351E-01   6.3301378E-01   6.3392574E-01   6.6290379E-01
  7.4680173E-01   7.1141005E-01   7.6273233E-01   7.7961141E-01   6.8956518E-01   7.0235044E-01   7.4194491E-01   7.2825396E-01   7.0115823E-01   7.2181082E-01
  6.2012047E-01   6.7029458E-01   6.8050426E-01   7.3648816E-01   7.4058062E-01   6.5531749E-01   7.1976745E-01   6.9149357E-01   7.0402282E-01   6.9000816E-01
  6.4088875E-01   6.8241364E-01   7.5823051E-01   6.6621381E-01   7.0890278E-01   6.8448895E-01   5.9629983E-01   6.2805122E-01   6.8782705E-01   6.9024122E-01
  6.7268050E-01   7.8239989E-01   7.8642374E-01   8.8790709E-01   7.3702645E-01   8.0061162E-01   8.7867188E-01   8.6730081E-01   8.3351785E-01   9.4508630E-01
  9.2112523E-01   8.3049589E-01   8.4364849E-01   7.4487793E-01   7.9603541E-01   8.3779544E-01   7.7051079E-01   7.2488612E-01   7.5059438E-01   7.5627714E-01
  7.0471990E-01   6.8828535E-01   6.9257390E-01   6.7202395E-01   6.9432175E-01   7.0007646E-01   7.2514331E-01   7.8039539E-01   6.9817126E-01   6.9633782E-01
  7.5606537E-01   7.5071132E-01   7.1543014E-01   6.6091669E-01   6.6020131E-01   6.9475448E-01   7.0292401E-01   7.3180330E-01   6.8736684E-01   7.0943481E-01
  8.1491089E-01   8.0432820E-01   8.7360567E-01   7.4818760E-01   7.5898576E-01   7.3320448E-01   6.2978333E-01   6.9872934E-01   6.5421426E-01   8.8135731E-01
  8.9659238E-01   9.2867732E-01   1.0665807E+00   9.6712601E-01   8.9662981E-01   8.8784313E-01   7.3183811E-01   7.5049865E-01   7.7718729E-01   7.2752720E-01
  7.1714479E-01   7.2285563E-01   7.2590566E-01   7.2421485E-01   7.1514267E-01   6.8459672E-01   7.1168363E-01   6.3360620E-01   7.1368188E-01   7.5444484E-01
  8.1466734E-01   9.1653115E-01   7.9900068E-01   8.5864997E-01   8.3234596E-01   7.4544257E-01   7.5579709E-01   7.3143941E-01   7.3428613E-01   6.9203603E-01
  7.2707754E-01   6.8618941E-01   7.3295057E-01   7.6966065E-01   7.0122701E-01   7.2118396E-01   7.2594446E-01   7.6650429E-01   7.6697338E-01   7.2268301E-01
  7.3519886E-01   7.0986456E-01   6.7513788E-01   7.4863702E-01   7.3716730E-01   6.5852064E-01   7.1245646E-01   7.0497549E-01   6.9412416E-01   6.6229802E-01
  6.7775881E-01   7.3108268E-01   7.1941841E-01   7.9862773E-01   7.3204172E-01   8.0291641E-01   7.0313126E-01   6.8146122E-01   8.5485083E-01   8.0776256E-01
  8.1047630E-01   7.6766390E-01   7.5341749E-01   8.7846935E-01   8.2743865E-01   7.3508191E-01   7.0617050E-01   7.9065579E-01   8.2141870E-01   7.7463430E-01
  7.9029560E-01   7.8107601E-01   8.9097697E-01   8.1630933E-01   9.8133236E-01   8.2951695E-01   7.8949851E-01   9.5153201E-01   9.3579209E-01   6.5756047E-01
  7.3963332E-01   7.6559699E-01   6.9809222E-01   7.7120823E-01   6.8605953E-01   6.9633812E-01   7.5618106E-01   7.2322768E-01   7.2085589E-01   7.7950203E-01
  7.2101182E-01   7.7120018E-01   8.6617994E-01   7.4100214E-01   7.0751756E-01   8.1361580E-01   6.8131280E-01   7.5722623E-01   7.7710694E-01   7.1629775E-01
  7.5659627E-01   8.0678582E-01   7.3822844E-01   6.8752170E-01   7.1100539E-01   7.7533865E-01   8.4251940E-01   9.0031004E-01   8.2623696E-01   7.3809993E-01
  7.8586972E-01   8.3690703E-01   7.3893374E-01   7.7253640E-01   8.0085808E-01   7.9522419E-01   7.0661122E-01   7.5793272E-01   6.6264033E-01   6.9802564E-01
  7.4738383E-01   7.1184611E-01   7.8652477E-01   7.1223593E-01   7.0733082E-01   6.5490568E-01   8.2299066E-01   8.6219072E-01   8.3845371E-01   7.8429627E-01
  8.1625199E-01   6.9980288E-01   7.5825512E-01   7.4691993E-01   6.9725060E-01   8.2166570E-01   7.0135814E-01   7.3481160E-01   7.2541124E-01   7.1870297E-01
  7.4159479E-01   8.2495815E-01   7.0947134E-01   7.7096343E-01   7.3223191E-01   7.5743514E-01   7.1812892E-01   6.6552281E-01   6.6546035E-01   6.7655289E-01
  6.4705455E-01   7.4689746E-01   7.0803016E-01   6.9120300E-01   8.4175175E-01   7.5034714E-01   7.2464126E-01   7.8986758E-01   6.8389839E-01   6.7014396E-01
  5.9409297E-01   6.8929112E-01   6.6216642E-01   6.0890347E-01   7.6255137E-01   7.3941666E-01   7.7095330E-01   6.6567743E-01   6.3809109E-01   6.6179699E-01
  7.0142710E-01   6.7562568E-01   6.9959122E-01   6.7986858E-01   7.4740380E-01   7.7234292E-01   7.1978778E-01   8.4027511E-01   8.2435405E-01   8.3453220E-01
  9.1527462E-01   8.3988690E-01   8.6546957E-01   8.7797761E-01   7.9083091E-01   7.5720799E-01   6.6323185E-01   7.4791223E-01   8.6430758E-01   7.6613647E-01
  7.9984713E-01   8.6774141E-01   8.7457055E-01   7.9436082E-01   8.2874864E-01   8.8129246E-01   7.9071820E-01   7.5348890E-01   7.0848691E-01   6.7496723E-01
  6.4796764E-01   6.8450135E-01   7.3373789E-01   6.4893132E-01   6.2276971E-01   6.8238413E-01   7.7400929E-01   7.1755713E-01   7.1246004E-01   7.9628128E-01
  7.3442703E-01   7.3120409E-01   7.1514207E-01   7.5840926E-01   8.5132760E-01   7.9551482E-01   7.2806710E-01   7.9243857E-01   8.6779231E-01   8.3788770E-01
  7.5894922E-01   7.3279053E-01   8.7633330E-01   7.6471883E-01   8.1246531E-01   8.3104485E-01   7.3094976E-01   7.8106129E-01   7.4648410E-01   7.0672184E-01
  6.4382303E-01   6.5368754E-01   6.8239689E-01   7.1042222E-01   6.5147263E-01   6.1868179E-01   6.1594516E-01   7.1878141E-01   7.2100610E-01   6.6110981E-01
  6.2577271E-01   6.6831601E-01   5.8881068E-01   6.0043335E-01   6.2911952E-01   7.4074835E-01   7.7641195E-01   6.8125749E-01   6.8145806E-01   7.0514774E-01
  7.7493423E-01   6.8397421E-01   6.7614442E-01   6.6162282E-01   7.5835764E-01   6.9958401E-01   5.9417069E-01   6.0649896E-01   6.0244012E-01   6.4502668E-01
  7.2722441E-01   7.4611628E-01   6.5461653E-01   6.0698700E-01   6.7786849E-01   6.9654435E-01   7.5171071E-01   8.9812261E-01   8.3822006E-01   6.6187227E-01
  7.1411961E-01   7.6450509E-01   6.3134897E-01   7.1102917E-01   6.7353022E-01   6.2398392E-01   7.4094087E-01   7.4988574E-01   6.3495004E-01   6.6485053E-01
  6.3329190E-01   6.1135840E-01   6.4337909E-01   6.5632260E-01   6.8886453E-01   6.5964228E-01   7.7886480E-01   7.0121175E-01   7.9663759E-01   7.1853811E-01
  6.7805767E-01   7.1118969E-01   7.5605327E-01   7.5539786E-01   6.1744374E-01   6.3076311E-01   7.3164493E-01   7.5231415E-01   7.9331160E-01   8.2068354E-01
  8.4750915E-01   8.5385841E-01   6.5817773E-01   6.5256375E-01   6.3837290E-01   6.6861194E-01   6.4044642E-01   6.3257939E-01   6.5313441E-01   6.4012557E-01
  6.0893464E-01   6.8671894E-01   7.0177150E-01   6.7749393E-01   5.9939694E-01   6.3469988E-01   6.2388605E-01   6.6438907E-01   7.5571686E-01   6.3445234E-01
  6.4300478E-01   6.9842166E-01   6.5733951E-01   7.3069727E-01   7.3253131E-01   6.4700007E-01   6.6231841E-01   7.0107824E-01   6.6049170E-01   7.4422401E-01
  7.2625721E-01   6.6446239E-01   6.8029296E-01   7.3289692E-01   6.6092455E-01   6.6060418E-01   6.7555809E-01   7.1349788E-01   7.1153283E-01   6.9679964E-01
  6.4808083E-01   6.3760948E-01   6.9593072E-01   6.7654896E-01   7.1891999E-01   8.2203346E-01   7.2579318E-01   7.9834026E-01   6.9070047E-01   6.7512178E-01
  6.6094583E-01   7.0907277E-01   6.6022527E-01   6.6987389E-01   7.0860308E-01   8.1376946E-01   8.3181977E-01   7.4070293E-01   8.4698308E-01   7.9147089E-01
  7.8771102E-01   7.0123684E-01   8.0070829E-01   8.2161015E-01   8.6891741E-01   9.0004075E-01   8.0673486E-01   7.6156169E-01   8.1446630E-01   8.1310081E-01
  7.5002396E-01   7.4665773E-01   7.2253180E-01   6.8923366E-01   6.9988495E-01   6.5459991E-01   6.9600576E-01   7.4881274E-01   6.8061680E-01   7.5322407E-01
  7.3313433E-01   7.0129621E-01   7.9155928E-01   7.4865407E-01   6.9374776E-01   7.0618141E-01   6.8313032E-01   7.0891941E-01   6.8780583E-01   7.1913660E-01
  6.4613312E-01   6.4426893E-01   8.2708275E-01   7.6474547E-01   7.5408632E-01   7.5815177E-01   8.3250093E-01   9.5893073E-01   9.1417837E-01   8.2304037E-01
  8.5750544E-01   8.4790808E-01   7.6342654E-01   7.6879734E-01   7.1161538E-01   8.9367205E-01   8.6050135E-01   7.1030080E-01   8.0683982E-01   7.9904419E-01
  8.0027896E-01   8.5654485E-01   7.1608764E-01   8.6950278E-01   7.4928695E-01   7.1894944E-01   6.4031291E-01   7.0503002E-01   6.1595523E-01   6.1160523E-01
  6.3574749E-01   6.2621844E-01   6.4693028E-01   6.0995483E-01   6.4487547E-01   6.4249647E-01   7.1693450E-01   6.8263084E-01   6.9003391E-01   7.5965315E-01
  6.9984794E-01   7.2700775E-01   7.1886450E-01   6.3591599E-01   7.2715801E-01   7.9201686E-01   7.3712707E-01   7.3305327E-01   7.5324094E-01   9.0213305E-01
  1.0333829E+00   7.8406566E-01   7.2040999E-01   6.8394178E-01   7.7484614E-01   6.5215564E-01   6.0819584E-01   7.1625769E-01   8.0181557E-01   6.9927269E-01
  8.6236918E-01   7.2432256E-01   7.4779987E-01   7.5374949E-01   7.1204835E-01   6.5045947E-01   6.7585671E-01   6.7452407E-01   7.2623366E-01   7.0364434E-01
  7.9490250E-01   7.8927749E-01   7.2650385E-01   7.7729392E-01   6.7130393E-01   7.3584270E-01   6.9090074E-01   6.7762446E-01   7.4820858E-01   7.7941215E-01
  6.7616606E-01   6.6104531E-01   6.8894315E-01   6.8269622E-01   7.0590538E-01   6.9814914E-01   7.3573345E-01   6.8663061E-01   6.8065840E-01   7.3825228E-01
  6.9986153E-01   6.8349189E-01   7.2916877E-01   7.1512461E-01   7.3663563E-01   8.7150180E-01   6.8246973E-01   6.6560781E-01   7.9970104E-01   7.1357685E-01
  7.5994664E-01   7.0560008E-01   6.5576339E-01   6.3417542E-01   6.2301916E-01   6.5021324E-01   6.4508551E-01   7.5189954E-01   7.3852384E-01   1.1013011E+00
  1.2085088E+00   9.8346597E-01   1.2650371E+00   1.0364181E+00   9.3708152E-01   8.5133058E-01   8.3270937E-01   7.4318457E-01   7.6675826E-01   6.7506361E-01
  7.8189707E-01   8.2508922E-01   9.1211653E-01   8.2397896E-01   7.8343362E-01   7.6194060E-01   6.7563128E-01   6.6681713E-01   7.2637933E-01   6.6683066E-01
  7.0980376E-01   7.2278637E-01   7.1328533E-01   8.0788130E-01   9.6290988E-01   9.7863203E-01   7.4723655E-01   7.2853398E-01   6.9424164E-01   7.6280594E-01
  7.1664947E-01   7.2189230E-01   6.6444451E-01   6.8179643E-01   7.6932317E-01   7.0950794E-01   7.9943013E-01   7.8194940E-01   7.9002494E-01   8.4757817E-01
  7.5812250E-01   7.6878512E-01   7.1657497E-01   7.2730142E-01   8.0476105E-01   7.3248148E-01   8.4797502E-01   8.2643908E-01   8.0392689E-01   8.4196860E-01
  7.6020133E-01   7.2288334E-01   6.8088073E-01   6.5216827E-01   6.9341737E-01   6.6944206E-01   6.8730700E-01   6.5296310E-01   7.2996974E-01   7.0892370E-01
  8.4603930E-01   8.0169338E-01   7.5187963E-01   8.9454204E-01   7.3173964E-01   6.8307221E-01   7.1189922E-01   7.1133685E-01   6.4912188E-01   7.0919681E-01
  7.0808929E-01   7.1586227E-01   7.8781652E-01   6.9190979E-01   7.4879998E-01   7.4811482E-01   7.0265514E-01   7.0029789E-01   6.2378138E-01   7.1357429E-01
  7.8302842E-01   7.9813910E-01   7.5914556E-01   7.1657538E-01   6.7483348E-01   6.8670249E-01   7.3507345E-01   8.1352514E-01   7.3900187E-01   8.6264145E-01
  8.5144377E-01   9.3615198E-01   9.2559123E-01   7.7955002E-01   7.9363495E-01   6.8382043E-01   7.4735898E-01   7.8349024E-01   6.9150776E-01   6.8769741E-01
  6.5866309E-01   8.0055243E-01   6.7466068E-01   6.6997814E-01   6.5783155E-01   7.6036090E-01   7.8234363E-01   7.9643947E-01   7.7055871E-01   7.7860492E-01
  8.2032239E-01   7.9631722E-01   7.0150536E-01   7.8096628E-01   7.0495939E-01   7.3330724E-01   7.4830538E-01   8.4319961E-01   9.3662852E-01   8.4163362E-01
  7.1785378E-01   7.2510475E-01   6.9041252E-01   7.0818347E-01   7.9074073E-01   7.6821792E-01   7.7641922E-01   7.7938664E-01   8.2031119E-01   7.6267952E-01
  9.8740637E-01   8.2750118E-01   8.1128663E-01   8.2725298E-01   6.9598377E-01   7.3534441E-01   6.9004709E-01   6.8775594E-01   6.7468035E-01   6.7319405E-01
  6.8186855E-01   7.4759930E-01   6.6985655E-01   6.6353971E-01   7.0561171E-01   7.5180298E-01   7.2629946E-01   6.9102663E-01   7.6691157E-01   6.3773489E-01
  7.6822758E-01   7.1894598E-01   7.5316083E-01   7.9027802E-01   7.4167687E-01   7.6044780E-01   8.5611856E-01   7.8432214E-01   8.2289016E-01   8.0044991E-01
  7.9876769E-01   6.3474345E-01   6.4775360E-01   6.5970564E-01   6.8279690E-01   6.5698320E-01   5.9941196E-01   5.9389108E-01   6.3192904E-01   6.9671208E-01
  7.2246033E-01   7.4200124E-01   6.9698274E-01   7.0647860E-01   6.7630762E-01   5.8188963E-01   7.4037576E-01   7.2808290E-01   8.2901323E-01   7.0684808E-01
  7.1674573E-01   7.7189922E-01   9.0709066E-01   8.6995763E-01   7.5161421E-01   7.2019690E-01   6.8202209E-01   6.9191754E-01   7.1782595E-01   7.5693774E-01
  8.4218067E-01   6.8559319E-01   6.4354253E-01   6.3317370E-01   5.9943074E-01   5.9310943E-01   5.9014517E-01   6.4079517E-01   6.9217247E-01   6.9889545E-01
  7.4705172E-01   8.5095155E-01   7.5666761E-01   8.0638438E-01   6.8176788E-01   6.3057840E-01   6.7654485E-01   8.0623794E-01   8.2485950E-01   1.0387005E+00
  1.0649651E+00   9.6963108E-01   9.2590922E-01   8.5807961E-01   7.8392649E-01   7.9572272E-01   8.7945920E-01   8.3245307E-01   7.5324881E-01   7.7725023E-01
  7.3515058E-01   7.4794418E-01   7.4288642E-01   6.8246740E-01   6.4756423E-01   7.7546680E-01   7.4158454E-01   7.4093419E-01   7.7674043E-01   8.3974415E-01
  8.4387517E-01   8.5324693E-01   8.3494985E-01   1.0546391E+00   9.6902019E-01   9.0043473E-01   9.0008283E-01   8.4306830E-01   9.9557096E-01   9.2477554E-01
  9.2240059E-01   8.4490991E-01   7.4730617E-01   7.7139258E-01   6.9052249E-01   8.2248688E-01   7.2612840E-01   7.3633707E-01   6.9967365E-01   6.5773606E-01
  6.5083581E-01   7.0630628E-01   7.5280255E-01   7.9830968E-01   7.3279142E-01   7.3898894E-01   8.2523215E-01   8.0536890E-01   7.3641688E-01   7.6288259E-01
  7.8573501E-01   7.2539347E-01   7.0072770E-01   6.8132472E-01   7.3251373E-01   6.5281010E-01   7.0524287E-01   6.7760926E-01   6.8658090E-01   8.6476272E-01
  7.3049331E-01   7.6240128E-01   7.2610360E-01   7.7051997E-01   7.4518764E-01   7.6736099E-01   8.0926985E-01   8.4198213E-01   7.2281951E-01   7.9445171E-01
  7.8862029E-01   7.7446598E-01   7.6983660E-01   7.6577467E-01   6.3993090E-01   6.5455806E-01   6.8247485E-01   6.4901459E-01   6.1244673E-01   6.6017294E-01
  6.2056482E-01   6.9065470E-01   7.5287896E-01   7.2461468E-01   8.4902424E-01   8.0267072E-01   6.6419202E-01   7.0819908E-01   7.4863386E-01   7.2145933E-01
  7.0384890E-01   7.0779890E-01   7.3982310E-01   7.9542130E-01   8.3548892E-01   7.9837811E-01   8.7470835E-01   8.9133513E-01   8.3469534E-01   7.6180178E-01
  8.1338376E-01   8.5391253E-01   6.8591195E-01   7.3348039E-01   6.2085152E-01   6.4086461E-01   6.3286406E-01   6.3932294E-01   7.1973372E-01   7.6573688E-01
  6.4126563E-01   6.4751929E-01   6.3066798E-01   6.9738233E-01   6.6133082E-01   6.6929352E-01   6.7138457E-01   6.4455754E-01   6.3407242E-01   6.3955748E-01
  5.8104521E-01   6.9504994E-01   6.8824470E-01   7.0160067E-01   6.5176904E-01   6.4616692E-01   6.3062590E-01   6.8105048E-01   6.3731569E-01   6.0991323E-01
  6.6269118E-01   6.4558840E-01   6.7189997E-01   6.2690651E-01   6.1151719E-01   6.6291356E-01   6.1683387E-01   6.2725878E-01   6.2334347E-01   6.2751251E-01
  6.9543767E-01   6.9530910E-01   7.3269117E-01   6.4065355E-01   7.5176835E-01   7.2557145E-01   7.5708848E-01   7.7025676E-01   8.1965232E-01   8.1337202E-01
  8.0120808E-01   7.5190628E-01   8.3096701E-01   7.1562797E-01   7.7764380E-01   7.2450459E-01   8.7161726E-01   8.6200929E-01   7.7260661E-01   7.2412443E-01
  7.7280635E-01   8.6356080E-01   7.7803254E-01   7.7868712E-01   7.8179336E-01   7.1789765E-01   7.1728224E-01   8.7990975E-01   9.4852489E-01   8.0997401E-01
  7.7169579E-01   7.4586117E-01   7.6055640E-01   8.7345338E-01   8.1655771E-01   6.6860902E-01   6.3132131E-01   6.9606161E-01   7.8231764E-01   9.0013081E-01
  7.8635675E-01   9.1455340E-01   8.5170764E-01   7.8015566E-01   6.7903185E-01   7.8684151E-01   6.5693730E-01   7.3621225E-01   9.2045683E-01   7.8433704E-01
  7.2557712E-01   7.2369045E-01   6.5099794E-01   6.2643498E-01   7.9375666E-01   7.4557757E-01   8.0422872E-01   6.6976821E-01   7.0166677E-01   6.3705665E-01
  6.2709558E-01   6.1921835E-01   6.5287173E-01   6.1550146E-01   7.2678989E-01   6.8265527E-01   6.6197735E-01   6.6070193E-01   6.2598002E-01   6.1746031E-01
  6.6307330E-01   6.6818035E-01   7.4155444E-01   7.3287195E-01   6.6852856E-01   7.1398163E-01   7.3408180E-01   9.1307032E-01   6.6737401E-01   6.6795415E-01
  6.7554200E-01   7.2423559E-01   7.0874041E-01   7.2356302E-01   6.9884968E-01   6.7519909E-01   6.6632968E-01   6.7798066E-01   6.7389286E-01   6.4831191E-01
  6.7042422E-01   6.9763505E-01   6.3251632E-01   7.1869284E-01   7.1137804E-01   7.1433604E-01   8.0335844E-01   7.5618690E-01   6.5755779E-01   6.8412679E-01
  7.2027993E-01   7.1460927E-01   6.7059672E-01   6.7724007E-01   7.1192235E-01   7.1145326E-01   6.5041840E-01   6.7458093E-01   7.0464438E-01   7.0096505E-01
  7.2757596E-01   8.4014517E-01   8.3439517E-01   7.5546604E-01   7.4432772E-01   6.1476648E-01   6.0149604E-01   6.1037803E-01   5.9060150E-01   6.1019415E-01
  5.9434110E-01   5.8578771E-01   6.1600560E-01   6.5681422E-01   7.4993503E-01   7.8144211E-01   6.9328386E-01   7.6304519E-01   7.9517817E-01   7.8203458E-01
  7.1827394E-01   7.2083819E-01   6.6888297E-01   7.7807653E-01   6.1662787E-01   6.5061253E-01   7.0854813E-01   6.6157335E-01   6.7487985E-01   6.2189710E-01
  6.5088272E-01   6.0608667E-01   6.5456140E-01   6.3677895E-01   6.3606125E-01   6.3629478E-01   6.5664876E-01   7.1677369E-01   6.7442209E-01   6.7538524E-01
  6.1129963E-01   6.3824487E-01   6.6822565E-01   6.4879525E-01   6.4943814E-01   7.1022063E-01   7.2288173E-01   6.3816762E-01   6.5387648E-01   6.4500231E-01
  6.8702888E-01   6.5704036E-01   7.3049062E-01   7.3746586E-01   7.3362225E-01   7.8732240E-01   8.5230178E-01   7.7882969E-01   6.8801957E-01   6.7271507E-01
  7.0292914E-01   6.6284519E-01   8.1032437E-01   6.5650553E-01   7.1387863E-01   6.6642934E-01   7.5095141E-01   8.0478680E-01   7.8600568E-01   6.6114247E-01
  6.5463406E-01   7.1068203E-01   8.1172049E-01   7.8455782E-01   6.7554319E-01   6.7442894E-01   6.5693021E-01   6.8881506E-01   6.6715902E-01   7.0732510E-01
  7.2570634E-01   8.4710294E-01   8.8476932E-01   8.2393247E-01   8.3984262E-01   8.0931568E-01   7.1803534E-01   7.4755859E-01   7.7659762E-01   7.5481045E-01
  6.8006510E-01   7.0274985E-01   7.4826086E-01   7.1320242E-01   7.9333067E-01   6.8671536E-01   7.3219943E-01   7.5168502E-01   7.3921746E-01   7.8653324E-01
  7.9922116E-01   7.0889568E-01   7.6518613E-01   7.4050015E-01   7.8815174E-01   8.2719928E-01   8.5854703E-01   7.0373768E-01   7.5975078E-01   7.5886279E-01
  6.5382946E-01   7.1405888E-01   7.3872113E-01   7.7529520E-01   7.3421627E-01   7.0430875E-01   7.2543830E-01   6.9799227E-01   6.4879495E-01   6.7379576E-01
  6.8881541E-01   7.0085186E-01   7.5231224E-01   7.0087063E-01   7.0118898E-01   6.3870680E-01   6.9839966E-01   6.7112517E-01   6.8748659E-01   6.9465083E-01
  7.9990637E-01   7.8181130E-01   7.3095858E-01   8.8578182E-01   7.2303671E-01   7.2090590E-01   6.6162968E-01   6.6206360E-01   6.1332130E-01   6.5720475E-01
  5.9030879E-01   6.0918331E-01   6.5327227E-01   6.3950896E-01   6.5103918E-01   6.9377249E-01   7.5702059E-01   6.8721533E-01   7.0785367E-01   6.4912534E-01
  6.5879893E-01   7.0551127E-01   7.8435075E-01   7.8931278E-01   7.8493130E-01   7.5902569E-01   7.2826844E-01   7.4473810E-01   7.4444675E-01   7.4292284E-01
  8.2185924E-01   8.5876799E-01   7.8266519E-01   6.8303251E-01   7.6613337E-01   7.7830040E-01   7.5202686E-01   7.4012572E-01   7.4573034E-01   6.6811979E-01
  7.5840861E-01   7.9780591E-01   7.6149362E-01   8.0523771E-01   7.1668768E-01   7.7723086E-01   7.4300545E-01   7.6594269E-01   7.5293362E-01   7.5892633E-01
  7.4625796E-01   6.8695968E-01   7.4700069E-01   6.9842279E-01   7.2314066E-01   8.0062222E-01   6.7404521E-01   6.6069841E-01   6.2082422E-01   6.0668254E-01
  6.6026843E-01   6.9737136E-01   6.4987642E-01   6.7641056E-01   6.5886080E-01   7.0217043E-01   7.6029372E-01   8.1861228E-01   7.5653410E-01   7.1352220E-01
  6.6564411E-01   6.4736998E-01   6.2373668E-01   6.9531745E-01   6.4561868E-01   6.3217485E-01   6.3818246E-01   6.4833575E-01   6.9130212E-01   6.7762738E-01
  6.8305558E-01   7.1550089E-01   7.4106693E-01   7.5838584E-01   6.8592042E-01   6.9821554E-01   9.1375983E-01   9.4000196E-01   9.8906451E-01   6.7728442E-01
  7.2560632E-01   6.6083783E-01   6.8310571E-01   6.6328281E-01   6.8031263E-01   7.6615322E-01   7.7739006E-01   7.4819392E-01   7.2950816E-01   8.0008316E-01
  6.9834530E-01   6.4241183E-01   7.6612145E-01   6.6962940E-01   7.0658451E-01   7.2568846E-01   7.0423305E-01   7.1082568E-01   7.5363749E-01   7.2375619E-01
  7.7542609E-01   6.7541897E-01   6.8783879E-01   6.4831972E-01   6.4250630E-01   6.9745898E-01   7.4335092E-01   9.8366153E-01   7.9134685E-01   7.9159045E-01
  6.6138840E-01   7.1769071E-01   7.4208248E-01   7.3025149E-01   6.7897546E-01   6.6258901E-01   7.7303630E-01   7.7272707E-01   7.1611834E-01   7.1259832E-01
  6.7979604E-01   6.7427468E-01   6.4696401E-01   6.6125190E-01   6.2892050E-01   7.0105648E-01   6.1574370E-01   6.4786112E-01   6.5805334E-01   6.5798271E-01
  6.3824308E-01   6.8802208E-01   6.5356982E-01   7.3927987E-01   7.3037964E-01   6.5014607E-01   6.7852646E-01   7.0445162E-01   6.4061540E-01   6.4113271E-01
  7.1401632E-01   7.1144605E-01   6.4623982E-01   7.9525000E-01   6.9429129E-01   6.4441484E-01   6.1143112E-01   6.1558533E-01   6.0803568E-01   6.3122928E-01
  6.8969768E-01   7.4309343E-01   7.1221805E-01   6.2763208E-01   6.3003498E-01   6.3340026E-01   6.5928692E-01   6.6008061E-01   6.4538336E-01   6.8804753E-01
  6.2088883E-01   6.7488265E-01   5.8774632E-01   6.1251861E-01   6.6376507E-01   6.2541133E-01   6.2917227E-01   6.5033555E-01   7.0621836E-01   7.1007556E-01
  6.8650275E-01   6.7145276E-01   6.4612341E-01   6.6810328E-01   7.1178114E-01   7.2790468E-01   6.7690843E-01   7.1143156E-01   7.4016565E-01   6.2217462E-01
  6.6724759E-01   6.8558085E-01   6.6835153E-01   6.2583894E-01   6.3018900E-01   6.9809258E-01   6.5186399E-01   6.4344943E-01   6.5853024E-01   6.3238174E-01
  5.8433849E-01   6.9028234E-01   6.3411260E-01   6.9057262E-01   6.5367031E-01   6.6165930E-01   6.3400143E-01   6.8952608E-01   7.7163130E-01   7.4166757E-01
  7.4681377E-01   6.5391028E-01   7.1752566E-01   7.1954042E-01   7.1432757E-01   6.4918590E-01   6.5700126E-01   7.0496297E-01   7.0536155E-01   6.3117790E-01
  6.7443639E-01   6.5047544E-01   6.4412278E-01   6.4096397E-01   7.3226917E-01   9.5409799E-01   7.6999962E-01   8.2882077E-01   8.0913943E-01   7.5861531E-01
  7.1014482E-01   6.7160755E-01   6.0302436E-01   7.3074794E-01   7.9095262E-01   8.3416730E-01   7.2784275E-01   6.8046856E-01   6.7399621E-01   7.1642685E-01
  6.5938115E-01   7.7881104E-01   6.5488327E-01   6.4894289E-01   6.7608756E-01   6.1778450E-01   6.0738897E-01   6.2228131E-01   5.8597708E-01   6.6261798E-01
  7.2590727E-01   6.9592750E-01   6.8946517E-01   6.8751454E-01   6.9337159E-01   6.8609542E-01   6.6906106E-01   7.9093349E-01   7.1319616E-01   6.6763777E-01
  7.0246792E-01   7.3821872E-01   6.6330016E-01   6.8679339E-01   7.6282185E-01   7.1654010E-01   6.1164290E-01   6.7579144E-01   6.8511713E-01   6.5619409E-01
  6.6463280E-01   7.4012536E-01   7.4173701E-01   6.5296870E-01   6.8707532E-01   6.8804502E-01   7.8082359E-01   7.6646262E-01   7.1139830E-01   6.7316145E-01
  6.3494366E-01   6.1200011E-01   6.1411190E-01   6.2333935E-01   6.9711733E-01   7.0226210E-01   6.5016836E-01   7.1842539E-01   8.0679649E-01   8.1671000E-01
  7.3678315E-01   7.3672622E-01   7.4098682E-01   7.7097893E-01   7.6165003E-01   7.7184606E-01   8.6351854E-01   8.7933058E-01   9.1431665E-01   8.2952440E-01
  7.9027754E-01   7.0372480E-01   7.4942619E-01   7.6397830E-01   8.1217462E-01   7.5557661E-01   8.1033450E-01   7.7650291E-01   6.7371380E-01   6.3289678E-01
  6.6473532E-01   7.0585608E-01   6.6953677E-01   7.0976394E-01   7.0713907E-01   6.9268364E-01   6.1838454E-01   6.5454376E-01   6.2740827E-01   6.2155384E-01
  6.4012474E-01   6.6234291E-01   6.7515463E-01   7.5259107E-01   6.9734716E-01   6.8570518E-01   7.1535951E-01   7.3695457E-01   6.7908919E-01   6.0343653E-01
  6.4074802E-01   6.5074354E-01   6.2698126E-01   6.6357905E-01   6.4159530E-01   7.1244562E-01   7.1071225E-01   6.7541832E-01   6.9063818E-01   6.4276260E-01
  6.4245695E-01   6.4760512E-01   6.3771331E-01   6.1080617E-01   6.0173911E-01   6.2276697E-01   7.4366915E-01   6.9582999E-01   6.4525580E-01   7.0166177E-01
  7.9467350E-01   7.7436459E-01   7.7893627E-01   7.9987818E-01   6.9208920E-01   6.7527097E-01   6.9965219E-01   7.4540120E-01   7.6825351E-01   7.5719780E-01
  8.4827006E-01   7.4088705E-01   8.5829610E-01   8.3354652E-01   6.6454726E-01   6.8666899E-01   6.4905888E-01   6.7245591E-01   7.3935944E-01   6.3820070E-01
  7.0898861E-01   6.8226922E-01   7.5299418E-01   7.1209401E-01   7.3581624E-01   9.5141482E-01   9.3198216E-01   9.2268008E-01   8.5243744E-01   8.0381054E-01
  7.2223002E-01   6.2414014E-01   6.2774342E-01   6.9807315E-01   6.6795135E-01   7.8519839E-01   7.8981733E-01   7.5381458E-01   9.3782514E-01   9.0529943E-01
  8.4861451E-01   7.9325312E-01   7.1553910E-01   6.7851341E-01   7.1117270E-01   7.8409505E-01   7.5748980E-01   9.4162929E-01   9.0501446E-01   9.3694615E-01
  9.7014600E-01   9.6348846E-01   8.5395157E-01   8.4825510E-01   8.9916700E-01   9.3230075E-01   9.2626947E-01   8.8275856E-01   8.1231308E-01   8.9407116E-01
  8.6341387E-01   7.4289417E-01   6.4389050E-01   7.2421885E-01   7.0807743E-01   7.7424699E-01   7.1144766E-01   6.9630116E-01   6.8467110E-01   6.8756711E-01
  7.2598290E-01   7.6749903E-01   7.3336345E-01   7.8265440E-01   7.5904119E-01   7.2398627E-01   7.7856845E-01   7.6322645E-01   7.4763101E-01   7.5026017E-01
  6.6670102E-01   6.5561098E-01   7.0867372E-01   6.9004470E-01   7.8933758E-01   7.3328608E-01   6.5922141E-01   6.9647014E-01   6.6338527E-01   6.9592637E-01
  7.0913690E-01   7.7465010E-01   7.5546491E-01   6.8985903E-01   6.7490035E-01   6.7538315E-01   6.1260217E-01   6.6456652E-01   7.2767460E-01   7.0668691E-01
  7.3555905E-01   7.9104763E-01   7.9513562E-01   7.6535946E-01   7.1711862E-01   8.1046528E-01   7.2694522E-01   6.7606646E-01   7.8472394E-01   7.3043376E-01
  6.6034251E-01   6.9772381E-01   6.3741177E-01   7.0004582E-01   7.0510346E-01   6.9642365E-01   6.8824929E-01   7.3096561E-01   7.7788663E-01   7.0173204E-01
  8.1011158E-01   7.8703028E-01   7.8085560E-01   7.4415046E-01   8.4316248E-01   8.1609946E-01   8.4214354E-01   7.4541485E-01   7.4303734E-01   8.2593960E-01
  9.5101452E-01   1.0607512E+00   9.1969192E-01   8.8745922E-01   9.2312980E-01   8.2703137E-01   8.7234271E-01   7.6985627E-01   7.6506275E-01   6.9681722E-01
  6.8887365E-01   6.9281656E-01   6.6017491E-01   7.3322111E-01   7.1491617E-01   6.3367742E-01   6.6266859E-01   6.7403251E-01   6.8595320E-01   6.8989998E-01
  7.6737440E-01   6.8252921E-01   7.9943430E-01   7.0595640E-01   7.3279375E-01   7.2649193E-01   7.5385201E-01   7.9448867E-01   8.0061245E-01   8.1995761E-01
  8.0634558E-01   8.8413668E-01   7.8268701E-01   7.9898161E-01   9.0402347E-01   9.3693954E-01   8.3481270E-01   8.2458287E-01   8.5834491E-01   8.7090915E-01
  8.1666696E-01   8.1742322E-01   9.1130424E-01   9.6245557E-01   8.9439595E-01   7.2220296E-01   6.8586081E-01   6.8088353E-01   7.3224288E-01   7.1310157E-01
  7.5563884E-01   7.2281057E-01   7.1958131E-01   7.7140993E-01   8.5902750E-01   8.7641811E-01   7.5954509E-01   6.3389754E-01   7.2655743E-01   7.8086138E-01
  6.3715959E-01   6.5913516E-01   7.0211601E-01   9.1385788E-01   7.9363567E-01   6.9618130E-01   6.0122383E-01   6.8469214E-01   6.9979650E-01   6.8367273E-01
  8.0156535E-01   6.6587025E-01   6.5914071E-01   6.1214054E-01   6.5559053E-01   6.0454988E-01   6.9398838E-01   6.5086728E-01   7.2962737E-01   7.2777581E-01
  6.6352165E-01   6.1699539E-01   6.6426563E-01   6.1016685E-01   5.7867831E-01   6.7701954E-01   6.3645941E-01   6.4836162E-01   7.1896493E-01   6.8363857E-01
  6.3942736E-01   6.0926276E-01   6.1038703E-01   6.9804996E-01   6.4331722E-01   6.8975502E-01   6.3524717E-01   5.7355875E-01   5.9689528E-01   6.2494016E-01
  6.1305046E-01   6.6607410E-01   6.9750953E-01   6.5359104E-01   6.8896145E-01   7.3153251E-01   6.1540455E-01   6.2489688E-01   6.2993985E-01   6.6155821E-01
  6.4569038E-01   8.2435548E-01   6.9681239E-01   7.3854476E-01   7.2335470E-01   6.6326058E-01   7.3115343E-01   7.3002213E-01   7.2744238E-01   6.6318882E-01
  6.4253300E-01   7.0490170E-01   7.0896602E-01   6.4880592E-01   6.9610649E-01   7.7027112E-01   7.4299169E-01   8.1584829E-01   8.3910322E-01   9.1295254E-01
  8.1091613E-01   7.7704161E-01   7.8516638E-01   8.9029920E-01   8.6303186E-01   8.5925519E-01   7.8155899E-01   7.7199900E-01   8.3675760E-01   7.2117388E-01
  7.3490852E-01   8.0309659E-01   7.9496861E-01   7.7636534E-01   7.1516746E-01   7.8069341E-01   7.6704675E-01   8.2463807E-01   7.8257936E-01   7.3475981E-01
  7.5554562E-01   7.6364464E-01   7.5113815E-01   6.4082444E-01   6.2532938E-01   6.6804963E-01   6.6234523E-01   6.2920147E-01   6.9381249E-01   6.7663449E-01
  6.5052193E-01   6.6427118E-01   7.5628531E-01   6.8568474E-01   6.8015051E-01   9.1197222E-01   9.7368610E-01   9.1165924E-01   7.7570724E-01   8.2384181E-01
  7.6957452E-01   6.7543006E-01   6.7442185E-01   6.7715085E-01   6.3868326E-01   7.0707357E-01   6.4442295E-01   6.1542499E-01   7.4083984E-01   8.8201588E-01
  8.6833042E-01   8.4439600E-01   8.5584384E-01   7.1431661E-01   6.2531692E-01   6.8053216E-01   6.5976089E-01   6.8202436E-01   7.9075861E-01   1.0598783E+00
  8.8908821E-01   8.3596796E-01   7.5422788E-01   7.9193050E-01   8.1292331E-01   7.4660426E-01   6.7820692E-01   6.5712571E-01   7.1070808E-01   6.4595717E-01
  7.4334592E-01   6.6728157E-01   6.6025645E-01   6.9687486E-01   7.2305667E-01   6.7771059E-01   7.0570290E-01   6.3260245E-01   7.1893078E-01   5.9376389E-01
  6.8574220E-01   7.0055521E-01   5.8688372E-01   6.4072675E-01   6.5354043E-01   7.4967068E-01   7.4761450E-01   7.1765870E-01   7.7500612E-01   7.0844197E-01
  7.2076368E-01   6.7253405E-01   6.8023568E-01   6.6439974E-01   6.6577065E-01   6.6231018E-01   8.2922798E-01   9.4100910E-01   8.9821619E-01   8.0144399E-01
  7.7224958E-01   7.0143509E-01   6.7127937E-01   6.1712599E-01   5.9325290E-01   6.5477389E-01   6.2273514E-01   6.8033183E-01   7.6376253E-01   7.6317716E-01
  6.3313156E-01   6.2982488E-01   6.5440941E-01   6.9423485E-01   6.9000357E-01   7.6488656E-01   7.2313422E-01   7.0676476E-01   7.0380926E-01   7.9795069E-01
  7.0819932E-01   6.6565615E-01   7.1107745E-01   6.4140826E-01   6.4382368E-01   7.2049171E-01   6.4088643E-01   8.2591677E-01   8.2349950E-01   7.6421583E-01
  7.0794773E-01   6.4268601E-01   6.0314119E-01   5.8755493E-01   6.6784728E-01   6.1517686E-01   7.0766521E-01   7.0311207E-01   6.9035584E-01   6.4660329E-01
  5.7042885E-01   6.1117584E-01   6.5617496E-01   7.1527392E-01   7.1478111E-01   6.9948757E-01   6.2578672E-01   6.1163861E-01   6.8905306E-01   6.8334949E-01
  7.3857749E-01   7.8292757E-01   7.2479779E-01   8.0464977E-01   8.1769633E-01   6.5252972E-01   6.5815586E-01   7.3773551E-01   6.3527769E-01   6.6102123E-01
  6.6930294E-01   6.6968584E-01   7.3146576E-01   6.2974656E-01   6.9402325E-01   7.0987815E-01   6.4846414E-01   6.8822324E-01   7.5519401E-01   7.4259025E-01
  7.5481284E-01   5.9470212E-01   6.8118048E-01   7.4659300E-01   6.4694965E-01   8.1944621E-01   6.9335049E-01   8.4223807E-01   7.6034313E-01   7.0480651E-01
  7.0175475E-01   8.7295210E-01   7.3881572E-01   6.6857833E-01   7.3532951E-01   9.3072903E-01   8.2172495E-01   9.7321320E-01   9.5799136E-01   8.9264303E-01
  9.0983623E-01   6.7651218E-01   7.1328944E-01   6.7641139E-01   6.1408949E-01   7.2502476E-01   7.8780574E-01   7.7889866E-01   6.9177425E-01   6.7226213E-01
  6.6192126E-01   6.3320935E-01   6.1752850E-01   6.3540763E-01   5.9993339E-01   6.0266751E-01   6.1503398E-01   5.5782789E-01   6.2020010E-01   5.9742057E-01
  6.3428652E-01   6.2166119E-01   6.7164689E-01   6.1904216E-01   6.3634652E-01   6.6990095E-01   6.3098544E-01   6.2515712E-01   6.2793720E-01   6.6778100E-01
  6.5206218E-01   6.4757615E-01   7.1152318E-01   6.9626307E-01   6.3129669E-01   7.3861939E-01   7.4925029E-01   6.3215947E-01   6.9631505E-01   6.7653191E-01
  6.3676834E-01   5.9724396E-01   6.8574172E-01   6.2636822E-01   6.4223576E-01   6.6058868E-01   5.7215995E-01   6.9763005E-01   7.1503139E-01   6.0775566E-01
  6.6607589E-01   6.3976932E-01   6.8711233E-01   6.8663162E-01   6.6229898E-01   6.2017602E-01   6.2075788E-01   7.8755647E-01   8.2335973E-01   9.9856001E-01
  8.9141995E-01   8.6944968E-01   7.2394520E-01   7.4496597E-01   6.8523937E-01   7.4730700E-01   7.8321952E-01   7.4739414E-01   6.8448848E-01   7.5089806E-01
  6.6200739E-01   7.5181413E-01   6.6479409E-01   6.1080861E-01   6.1181819E-01   5.7808900E-01   6.1179447E-01   5.7841223E-01   6.4068586E-01   6.5441400E-01
  5.3305620E-01   5.3909963E-01   5.8237147E-01   6.1315817E-01   6.3146168E-01   6.4747632E-01   6.2233061E-01   6.3019365E-01   6.1980224E-01   5.5112946E-01
  5.7536823E-01   5.5777365E-01   6.3406622E-01   6.6037893E-01   6.6410595E-01   6.7417067E-01   6.2556082E-01   6.8916750E-01   7.0986313E-01   7.0006126E-01
  7.1247691E-01   7.1361375E-01   6.9974530E-01   7.3321033E-01   6.6688055E-01   7.4566001E-01   6.2216479E-01   8.4404039E-01   7.4889767E-01   6.2777162E-01
  6.1514032E-01   6.1107224E-01   5.8665943E-01   6.6783881E-01   6.2098348E-01   7.8552115E-01   6.4799851E-01   7.2393924E-01   7.6302797E-01   7.1345115E-01
  6.7793655E-01   6.7087525E-01   6.3541836E-01   6.9068694E-01   7.1709859E-01   5.9853536E-01   5.8155185E-01   6.4676374E-01   6.5997165E-01   6.9701070E-01
  7.7420497E-01   7.8120387E-01   7.8217626E-01   9.2827672E-01   7.7298725E-01   8.7586564E-01   8.9111561E-01   8.4704238E-01   8.1071866E-01   6.5586132E-01
  6.1185354E-01   6.4774042E-01   7.9767781E-01   7.7531779E-01   9.5451450E-01   8.2089198E-01   9.0194046E-01   9.0498316E-01   8.7694919E-01   9.2371660E-01
  8.1293601E-01   8.9647865E-01   8.8211977E-01   7.5654829E-01   9.2665279E-01   9.0105617E-01   7.6204526E-01   9.2181367E-01   8.8647032E-01   7.3748910E-01
  8.1034708E-01   7.4686861E-01   8.2087493E-01   7.4944770E-01   7.9470289E-01   7.5506914E-01   7.4233001E-01   6.4855987E-01   7.0336044E-01   8.0948251E-01
  6.6805637E-01   6.8168980E-01   7.7690512E-01   6.6573977E-01   6.6298872E-01   6.2970012E-01   6.4875126E-01   6.6457182E-01   6.6326559E-01   7.4223870E-01
  9.1575837E-01   7.3936290E-01   7.4894661E-01   7.6643395E-01   7.3710704E-01   7.8136826E-01   8.4735006E-01   8.4499633E-01   8.0244792E-01   7.3304474E-01
  9.1987443E-01   7.7829409E-01   8.5657132E-01   9.3470925E-01   8.6328119E-01   8.5136396E-01   7.3534441E-01   7.5219566E-01   6.7493808E-01   6.5424776E-01
  7.4390668E-01   6.7428714E-01   6.5056151E-01   6.9157046E-01   6.9317496E-01   7.8794503E-01   7.2517765E-01   7.1770734E-01   7.7059680E-01   5.9427661E-01
  6.6907543E-01   6.7280835E-01   5.8128583E-01   6.3513941E-01   6.8338066E-01   6.9424957E-01   6.9613212E-01   6.2301660E-01   7.5201732E-01   6.5758270E-01
  6.4213592E-01   6.4238679E-01   6.2596053E-01   6.2578505E-01   6.5604800E-01   7.0153028E-01   7.2876167E-01   6.3645494E-01   7.6287943E-01   7.4254858E-01
  6.5180910E-01   6.6705608E-01   7.0139086E-01   7.1121007E-01   7.3069280E-01   7.7651793E-01   6.9383067E-01   6.3721091E-01   6.8008620E-01   8.1076843E-01
  9.4365835E-01   1.1098769E+00   1.1822764E+00   9.6012384E-01   9.3081766E-01   8.3268613E-01   7.7857500E-01   7.2274768E-01   6.6889459E-01   6.8172866E-01
  6.5909517E-01   6.7091113E-01   6.7049181E-01   6.8155146E-01   6.5212101E-01   8.1779242E-01   7.9948813E-01   7.8598487E-01   7.2650391E-01   8.2413512E-01
  8.2789588E-01   7.1481013E-01   7.6906085E-01   6.7597014E-01   6.1442894E-01   7.2119135E-01   5.9232473E-01   6.0014957E-01   6.0560995E-01   7.2598714E-01
  7.1331733E-01   6.5469819E-01   6.6998214E-01   6.6304928E-01   6.3192356E-01   6.5370607E-01   7.6893717E-01   7.0075035E-01   9.2499638E-01   7.4518323E-01
  7.6832712E-01   7.5093651E-01   6.1620891E-01   6.4318460E-01   6.5791076E-01   6.3538700E-01   6.2871230E-01   7.1628970E-01   7.0838541E-01   7.3548418E-01
  8.2858843E-01   7.5354272E-01   7.1059072E-01   7.3665166E-01   6.2452000E-01   6.4811856E-01   6.8061250E-01   6.8558109E-01   6.9022262E-01   7.1939731E-01
  7.3718446E-01   6.7982715E-01   6.9584703E-01   8.0423343E-01   7.7147681E-01   6.5785706E-01   6.2747967E-01   6.7484021E-01   7.3149568E-01   6.9648999E-01
  7.2793424E-01   7.0842981E-01   6.8174100E-01   6.5874660E-01   6.6849357E-01   7.3121512E-01   6.8649393E-01   6.6756874E-01   6.0845554E-01   5.9227628E-01
  5.8141488E-01   6.8718821E-01   6.9321978E-01   7.3890531E-01   5.9892035E-01   5.8758134E-01   6.0465014E-01   6.7075169E-01   6.0887915E-01   6.0562837E-01
  6.0487729E-01   6.2924236E-01   6.6583735E-01   7.2202605E-01   7.4895352E-01   7.3854125E-01   7.9436165E-01   7.8788662E-01   6.5470964E-01   7.1129441E-01
  6.9151920E-01   6.1321163E-01   6.6386980E-01   5.9186524E-01   5.8620358E-01   7.0295787E-01   6.3092166E-01   6.3084465E-01   6.1852866E-01   6.7837924E-01
  6.2392247E-01   6.3870382E-01   6.7911863E-01   7.1298850E-01   7.0391023E-01   7.0600855E-01   6.8627936E-01   6.4621675E-01   7.4104887E-01   6.1675024E-01
  7.1321642E-01   7.1116930E-01   8.1271583E-01   8.1536663E-01   7.1882784E-01   7.0192212E-01   7.5237030E-01   7.5912261E-01   6.3763463E-01   6.0955155E-01
  6.3448125E-01   6.7963094E-01   8.0633020E-01   6.5820277E-01   6.7213792E-01   6.9790763E-01   6.5256673E-01   5.9145242E-01   7.3692989E-01   6.6279370E-01
  7.1211177E-01   6.7380542E-01   6.5639120E-01   7.4153000E-01   6.9860208E-01   6.9204259E-01   7.7747053E-01   6.8820965E-01   6.8147051E-01   6.5252328E-01
  6.7515314E-01   8.0645269E-01   8.7963754E-01   8.7481391E-01   7.8498882E-01   7.8930438E-01   7.4205768E-01   7.0459068E-01   8.7593079E-01   7.1564430E-01
  7.3530579E-01   8.0473524E-01   7.2149354E-01   6.3639367E-01   6.9820029E-01   7.2384411E-01   6.8258160E-01   6.9907063E-01   6.6925800E-01   6.8622696E-01
  6.9207001E-01   6.7126107E-01   6.8140936E-01   6.2282735E-01   6.9919276E-01   6.6152167E-01   7.9974055E-01   6.1517984E-01   6.3899755E-01   7.2350603E-01
  5.7859552E-01   6.2319010E-01   6.3925892E-01   5.7608819E-01   6.5885496E-01   6.8721539E-01   6.9367039E-01   6.9065732E-01   6.7365009E-01   6.6396421E-01
  6.0515964E-01   5.8171475E-01   6.0269111E-01   6.1953324E-01   6.8791270E-01   6.1134166E-01   6.2182075E-01   6.3808697E-01   6.8431294E-01   6.3272959E-01
  7.6424867E-01   6.2070644E-01   6.4072084E-01   6.2072241E-01   6.5444273E-01   6.3321060E-01   6.8004501E-01   6.3530743E-01   6.9845599E-01   6.4338297E-01
  6.6257608E-01   7.5408751E-01   6.8067735E-01   6.9729310E-01   6.7224485E-01   6.3374984E-01   7.1394378E-01   7.5042146E-01   8.6234677E-01   8.9811832E-01
  8.1542146E-01   7.6894474E-01   8.2715964E-01   7.9206002E-01   7.4380612E-01   7.4962884E-01   7.0493329E-01   7.4702621E-01   7.1295476E-01   7.1168280E-01
  8.1118029E-01   7.4486756E-01   6.6988325E-01   7.0309877E-01   7.1685898E-01   6.6414106E-01   6.1855364E-01   6.1566037E-01   6.6619939E-01   6.8656969E-01
  6.1744219E-01   6.2419581E-01   5.7078707E-01   6.2377745E-01   6.7727274E-01   6.6745239E-01   6.7572683E-01   6.4962208E-01   6.5132481E-01   6.2563062E-01
  5.9515756E-01   6.5092701E-01   6.3330281E-01   7.2726357E-01   7.9878670E-01   7.3753572E-01   7.5771421E-01   7.3611355E-01   7.5555360E-01   7.8333008E-01
  7.0753282E-01   7.0634067E-01   7.9767811E-01   7.7220845E-01   8.3688259E-01   8.4536022E-01   7.4105579E-01   7.4246126E-01   7.1095383E-01   6.8565130E-01
  7.1415073E-01   6.4261627E-01   6.6197127E-01   6.5128988E-01   6.0664386E-01   6.0849881E-01   6.4480889E-01   6.5732658E-01   6.7145598E-01   6.7330444E-01
  6.5776700E-01   6.5264583E-01   6.2153101E-01   6.4359409E-01   7.0999277E-01   7.4124759E-01   6.3026679E-01   6.1759013E-01   6.4507908E-01   5.8339936E-01
  6.1974728E-01   7.6188773E-01   6.7438501E-01   6.9356596E-01   7.3044109E-01   6.1265385E-01   6.4498520E-01   6.3318765E-01   6.4976752E-01   6.1102712E-01
  6.2185687E-01   6.8342561E-01   5.9656155E-01   6.2357175E-01   6.0791272E-01   6.8464696E-01   6.4736956E-01   7.5600499E-01   8.4352821E-01   7.7300680E-01
  8.4678656E-01   8.1499457E-01   8.0328435E-01   7.4811584E-01   7.3569059E-01   7.3292756E-01   7.1411091E-01   6.5456063E-01   6.8534535E-01   8.3247012E-01
  8.1742615E-01   8.1393480E-01   7.0893645E-01   7.1055031E-01   7.8515196E-01   7.2139043E-01   8.3484763E-01   7.8194374E-01   8.0125368E-01   8.1903857E-01
  7.1886343E-01   7.8889942E-01   7.2188723E-01   6.4384109E-01   6.2962407E-01   6.5979701E-01   6.1532903E-01   6.4565861E-01   6.1927921E-01   6.6910422E-01
  6.6052902E-01   6.4097112E-01   6.8249011E-01   6.4364505E-01   7.4296957E-01   7.4042290E-01   7.7666920E-01   8.5475177E-01   8.4954840E-01   7.1636790E-01
  6.7426938E-01   6.7104810E-01   5.9323984E-01   6.3771129E-01   6.5775383E-01   7.4420607E-01   6.2931597E-01   6.3691974E-01   6.3137656E-01   6.0752064E-01
  6.2638408E-01   6.1265987E-01   6.5719211E-01   6.3559210E-01   7.2993845E-01   6.6923332E-01   6.9854808E-01   7.5826037E-01   7.7448136E-01   7.1100932E-01
  7.1470451E-01   7.2744215E-01   7.1836454E-01   6.6646975E-01   7.4187416E-01   6.9823635E-01   6.7336816E-01   6.7254251E-01   7.7133995E-01   6.4962292E-01
  6.6806895E-01
