[compile] kernels ready in 16.173s
[cfl-retry] count=1 step=27 candidate=0.9583 limit=0.8800 retry_dt=3.23077s
[cfl-retry] count=2 step=31 candidate=1.0438 limit=0.8800 retry_dt=2.56578s
[cfl-retry] count=3 step=36 candidate=1.2765 limit=0.8800 retry_dt=2.19848s
[cfl-retry] count=4 step=57 candidate=0.9142 limit=0.8800 retry_dt=2.95051s
[cfl-retry] count=5 step=69 candidate=0.9246 limit=0.8800 retry_dt=2.85098s
step=100 ft=0.0303/10 CFL=0.5292 CFLnu_step=0.1703 CFLnu_next=0.1703 ustar/Ug=0.03470 divL2=7.345e-04 nu_sgs_max=3.237e+01 Csgs_mean/max=2.120e-01/2.120e-01 clipped=0.000 CFLretries=10 remaining=01:15:27 ETA=2026-08-03 15:33:18 CEST
step=200 ft=0.0549/10 CFL=0.6216 CFLnu_step=0.1111 CFLnu_next=0.1111 ustar/Ug=0.03560 divL2=7.580e-04 nu_sgs_max=2.357e+01 Csgs_mean/max=2.120e-01/2.120e-01 clipped=0.000 CFLretries=25 remaining=01:24:21 ETA=2026-08-03 15:42:26 CEST
step=300 ft=0.0779/10 CFL=0.5995 CFLnu_step=0.1564 CFLnu_next=0.1564 ustar/Ug=0.03936 divL2=7.322e-04 nu_sgs_max=2.949e+01 Csgs_mean/max=2.120e-01/2.120e-01 clipped=0.000 CFLretries=36 remaining=01:29:40 ETA=2026-08-03 15:48:00 CEST
step=400 ft=0.1038/10 CFL=0.5376 CFLnu_step=0.1580 CFLnu_next=0.1580 ustar/Ug=0.04237 divL2=7.316e-04 nu_sgs_max=2.999e+01 Csgs_mean/max=2.120e-01/2.120e-01 clipped=0.000 CFLretries=50 remaining=01:30:14 ETA=2026-08-03 15:48:48 CEST
step=500 ft=0.1280/10 CFL=0.7794 CFLnu_step=0.1582 CFLnu_next=0.1582 ustar/Ug=0.04438 divL2=7.374e-04 nu_sgs_max=2.519e+01 Csgs_mean/max=2.120e-01/2.120e-01 clipped=0.000 CFLretries=62 remaining=01:30:50 ETA=2026-08-03 15:49:38 CEST
step=600 ft=0.1533/10 CFL=0.6365 CFLnu_step=0.1746 CFLnu_next=0.1746 ustar/Ug=0.04614 divL2=7.365e-04 nu_sgs_max=2.920e+01 Csgs_mean/max=2.120e-01/2.120e-01 clipped=0.000 CFLretries=74 remaining=01:31:07 ETA=2026-08-03 15:50:10 CEST
step=700 ft=0.1781/10 CFL=0.7861 CFLnu_step=0.1794 CFLnu_next=0.1794 ustar/Ug=0.04789 divL2=8.479e-04 nu_sgs_max=2.776e+01 Csgs_mean/max=2.120e-01/2.120e-01 clipped=0.000 CFLretries=83 remaining=01:31:02 ETA=2026-08-03 15:50:18 CEST
step=800 ft=0.2002/10 CFL=0.5281 CFLnu_step=0.1281 CFLnu_next=0.1281 ustar/Ug=0.04758 divL2=7.060e-04 nu_sgs_max=2.295e+01 Csgs_mean/max=2.120e-01/2.120e-01 clipped=0.000 CFLretries=99 remaining=01:32:38 ETA=2026-08-03 15:52:09 CEST
[cfl-retry] count=100 step=821 candidate=0.9293 limit=0.8800 retry_dt=3.10741s
step=900 ft=0.2253/10 CFL=0.8667 CFLnu_step=0.2358 CFLnu_next=0.2358 ustar/Ug=0.04730 divL2=7.293e-04 nu_sgs_max=3.228e+01 Csgs_mean/max=2.120e-01/2.120e-01 clipped=0.000 CFLretries=109 remaining=01:32:00 ETA=2026-08-03 15:51:45 CEST
Traceback (most recent call last):
  File "/Users/moulin/Workspace/JAX-Wind/benchmark/Andren1994/run.py", line 1492, in <module>
    if __name__ == "__main__":
        ^^^^^^
  File "/Users/moulin/Workspace/JAX-Wind/benchmark/Andren1994/run.py", line 967, in main
    candidate_velocity = solver.step(
        base_velocity,
        timestep=timestep,
        time=simulation_time,
    )
  File "/Users/moulin/Workspace/JAX-Wind/src/jaxwind/momentum/neutral_abl.py", line 2123, in step
    projected = self._imex_ark3_step(
        velocity,
    ...<3 lines>...
        wall_velocity=wall_velocity,
    )
  File "/Users/moulin/Workspace/JAX-Wind/src/jaxwind/momentum/neutral_abl.py", line 1860, in _imex_ark3_step
    _velocity_sum(*final_terms),
    ~~~~~~~~~~~~~^^^^^^^^^^^^^^
  File "/Users/moulin/Workspace/JAX-Wind/src/jaxwind/momentum/neutral_abl.py", line 470, in _velocity_sum
    sum(weight * velocity.z for weight, velocity in terms),
    ~~~^^^^^^^^^^^^^^^^^^^^^^^^^^^^^^^^^^^^^^^^^^^^^^^^^^^
  File "/Users/moulin/miniforge3/lib/python3.13/site-packages/jax/_src/numpy/array_methods.py", line 725, in _operator_add
    return ufuncs.add(self, cast(ArrayLike, other))
           ~~~~~~~~~~^^^^^^^^^^^^^^^^^^^^^^^^^^^^^^
  File "/Users/moulin/miniforge3/lib/python3.13/site-packages/jax/_src/numpy/ufunc_api.py", line 182, in __call__
    return call(*args)
KeyboardInterrupt
[compile] kernels ready in 17.757s
[cfl-retry] count=1 step=503 candidate=1.0095 limit=0.8800 retry_dt=2.6222s
[cfl-retry] count=2 step=512 candidate=0.9609 limit=0.8800 retry_dt=2.44242s
[cfl-retry] count=3 step=521 candidate=1.0268 limit=0.8800 retry_dt=2.14202s
[cfl-retry] count=4 step=532 candidate=0.9430 limit=0.8800 retry_dt=2.81758s
[cfl-retry] count=5 step=538 candidate=0.9177 limit=0.8800 retry_dt=3.00877s
step=600 ft=0.1533/10 CFL=0.7593 CFLnu_step=0.1578 CFLnu_next=0.1578 ustar/Ug=0.04610 divL2=7.429e-04 nu_sgs_max=2.462e+01 Csgs_mean/max=2.120e-01/2.120e-01 clipped=0.000 CFLretries=14 remaining=01:32:26 ETA=2026-08-03 15:53:02 CEST
step=700 ft=0.1776/10 CFL=0.7319 CFLnu_step=0.1778 CFLnu_next=0.1778 ustar/Ug=0.04797 divL2=7.274e-04 nu_sgs_max=2.804e+01 Csgs_mean/max=2.120e-01/2.120e-01 clipped=0.000 CFLretries=27 remaining=01:32:18 ETA=2026-08-03 15:53:08 CEST
step=800 ft=0.2005/10 CFL=0.6950 CFLnu_step=0.1747 CFLnu_next=0.1747 ustar/Ug=0.04774 divL2=7.333e-04 nu_sgs_max=2.885e+01 Csgs_mean/max=2.120e-01/2.120e-01 clipped=0.000 CFLretries=43 remaining=01:35:16 ETA=2026-08-03 15:56:21 CEST
step=900 ft=0.2252/10 CFL=0.6443 CFLnu_step=0.1152 CFLnu_next=0.1152 ustar/Ug=0.04768 divL2=7.153e-04 nu_sgs_max=2.119e+01 Csgs_mean/max=2.120e-01/2.120e-01 clipped=0.000 CFLretries=55 remaining=01:34:06 ETA=2026-08-03 15:55:24 CEST
step=1000 ft=0.2497/10 CFL=0.8062 CFLnu_step=0.1824 CFLnu_next=0.1824 ustar/Ug=0.04753 divL2=8.217e-04 nu_sgs_max=2.852e+01 Csgs_mean/max=2.120e-01/2.120e-01 clipped=0.000 CFLretries=70 remaining=01:34:04 ETA=2026-08-03 15:55:37 CEST
step=1100 ft=0.2748/10 CFL=0.8038 CFLnu_step=0.2462 CFLnu_next=0.2462 ustar/Ug=0.04701 divL2=7.132e-04 nu_sgs_max=3.695e+01 Csgs_mean/max=2.120e-01/2.120e-01 clipped=0.000 CFLretries=85 remaining=01:33:10 ETA=2026-08-03 15:54:56 CEST
step=1200 ft=0.3015/10 CFL=0.8024 CFLnu_step=0.2196 CFLnu_next=0.2196 ustar/Ug=0.04676 divL2=7.313e-04 nu_sgs_max=2.911e+01 Csgs_mean/max=2.120e-01/2.120e-01 clipped=0.000 CFLretries=97 remaining=01:31:14 ETA=2026-08-03 15:53:14 CEST
[cfl-retry] count=100 step=1212 candidate=0.9443 limit=0.8800 retry_dt=2.87775s
step=1300 ft=0.3273/10 CFL=0.8289 CFLnu_step=0.2682 CFLnu_next=0.2682 ustar/Ug=0.04661 divL2=7.369e-04 nu_sgs_max=3.545e+01 Csgs_mean/max=2.120e-01/2.120e-01 clipped=0.000 CFLretries=110 remaining=01:30:29 ETA=2026-08-03 15:52:43 CEST
step=1400 ft=0.3529/10 CFL=0.7366 CFLnu_step=0.3117 CFLnu_next=0.3117 ustar/Ug=0.04654 divL2=6.775e-04 nu_sgs_max=5.043e+01 Csgs_mean/max=2.120e-01/2.120e-01 clipped=0.000 CFLretries=125 remaining=01:30:00 ETA=2026-08-03 15:52:28 CEST
step=1500 ft=0.3802/10 CFL=0.6329 CFLnu_step=0.1293 CFLnu_next=0.1293 ustar/Ug=0.04632 divL2=7.527e-04 nu_sgs_max=2.321e+01 Csgs_mean/max=2.120e-01/2.120e-01 clipped=0.000 CFLretries=140 remaining=01:29:04 ETA=2026-08-03 15:51:46 CEST
step=1600 ft=0.4029/10 CFL=0.5754 CFLnu_step=0.1054 CFLnu_next=0.1054 ustar/Ug=0.04669 divL2=6.695e-04 nu_sgs_max=2.098e+01 Csgs_mean/max=2.120e-01/2.120e-01 clipped=0.000 CFLretries=153 remaining=01:29:45 ETA=2026-08-03 15:52:41 CEST
step=1700 ft=0.4292/10 CFL=0.6452 CFLnu_step=0.1715 CFLnu_next=0.1715 ustar/Ug=0.04734 divL2=6.976e-04 nu_sgs_max=2.509e+01 Csgs_mean/max=2.120e-01/2.120e-01 clipped=0.000 CFLretries=164 remaining=01:29:03 ETA=2026-08-03 15:52:13 CEST
step=1800 ft=0.4556/10 CFL=0.6685 CFLnu_step=0.2295 CFLnu_next=0.2295 ustar/Ug=0.04680 divL2=6.632e-04 nu_sgs_max=3.746e+01 Csgs_mean/max=2.120e-01/2.120e-01 clipped=0.000 CFLretries=180 remaining=01:28:37 ETA=2026-08-03 15:52:01 CEST
step=1900 ft=0.4826/10 CFL=0.5453 CFLnu_step=0.2450 CFLnu_next=0.2450 ustar/Ug=0.04653 divL2=6.577e-04 nu_sgs_max=3.950e+01 Csgs_mean/max=2.120e-01/2.120e-01 clipped=0.000 CFLretries=191 remaining=01:27:47 ETA=2026-08-03 15:51:25 CEST
[cfl-retry] count=200 step=1986 candidate=0.8975 limit=0.8800 retry_dt=3.35529s
step=2000 ft=0.5116/10 CFL=0.7947 CFLnu_step=0.2248 CFLnu_next=0.2248 ustar/Ug=0.04636 divL2=6.893e-04 nu_sgs_max=2.810e+01 Csgs_mean/max=2.120e-01/2.120e-01 clipped=0.000 CFLretries=201 remaining=01:26:29 ETA=2026-08-03 15:50:21 CEST
step=2100 ft=0.5384/10 CFL=0.7915 CFLnu_step=0.3181 CFLnu_next=0.3181 ustar/Ug=0.04629 divL2=6.870e-04 nu_sgs_max=4.695e+01 Csgs_mean/max=2.120e-01/2.120e-01 clipped=0.000 CFLretries=213 remaining=01:25:57 ETA=2026-08-03 15:50:02 CEST
step=2200 ft=0.5641/10 CFL=0.7801 CFLnu_step=0.2761 CFLnu_next=0.2761 ustar/Ug=0.04563 divL2=6.443e-04 nu_sgs_max=4.215e+01 Csgs_mean/max=2.120e-01/2.120e-01 clipped=0.000 CFLretries=230 remaining=01:25:48 ETA=2026-08-03 15:50:08 CEST
step=2300 ft=0.5936/10 CFL=0.7582 CFLnu_step=0.2330 CFLnu_next=0.2330 ustar/Ug=0.04571 divL2=6.438e-04 nu_sgs_max=2.847e+01 Csgs_mean/max=2.120e-01/2.120e-01 clipped=0.000 CFLretries=243 remaining=01:24:51 ETA=2026-08-03 15:49:25 CEST
step=2400 ft=0.6214/10 CFL=0.7895 CFLnu_step=0.1482 CFLnu_next=0.1482 ustar/Ug=0.04552 divL2=6.583e-04 nu_sgs_max=2.021e+01 Csgs_mean/max=2.120e-01/2.120e-01 clipped=0.000 CFLretries=256 remaining=01:24:15 ETA=2026-08-03 15:49:03 CEST
step=2500 ft=0.6494/10 CFL=0.5839 CFLnu_step=0.1376 CFLnu_next=0.1376 ustar/Ug=0.04657 divL2=6.375e-04 nu_sgs_max=2.848e+01 Csgs_mean/max=2.120e-01/2.120e-01 clipped=0.000 CFLretries=274 remaining=01:23:49 ETA=2026-08-03 15:48:51 CEST
step=2600 ft=0.6763/10 CFL=0.7785 CFLnu_step=0.2161 CFLnu_next=0.2161 ustar/Ug=0.04647 divL2=6.413e-04 nu_sgs_max=3.388e+01 Csgs_mean/max=2.120e-01/2.120e-01 clipped=0.000 CFLretries=285 remaining=01:23:19 ETA=2026-08-03 15:48:35 CEST
step=2700 ft=0.7034/10 CFL=0.5437 CFLnu_step=0.1153 CFLnu_next=0.1153 ustar/Ug=0.04549 divL2=6.247e-04 nu_sgs_max=2.565e+01 Csgs_mean/max=2.120e-01/2.120e-01 clipped=0.000 CFLretries=298 remaining=01:22:50 ETA=2026-08-03 15:48:20 CEST
[cfl-retry] count=300 step=2722 candidate=1.0112 limit=0.8800 retry_dt=2.59185s
step=2800 ft=0.7311/10 CFL=0.6523 CFLnu_step=0.1850 CFLnu_next=0.1850 ustar/Ug=0.04540 divL2=6.310e-04 nu_sgs_max=2.827e+01 Csgs_mean/max=2.120e-01/2.120e-01 clipped=0.000 CFLretries=311 remaining=01:22:18 ETA=2026-08-03 15:48:01 CEST
step=2900 ft=0.7600/10 CFL=0.6318 CFLnu_step=0.2282 CFLnu_next=0.2282 ustar/Ug=0.04536 divL2=6.167e-04 nu_sgs_max=3.102e+01 Csgs_mean/max=2.120e-01/2.120e-01 clipped=0.000 CFLretries=323 remaining=01:21:38 ETA=2026-08-03 15:47:35 CEST
step=3000 ft=0.7899/10 CFL=0.6074 CFLnu_step=0.1715 CFLnu_next=0.1715 ustar/Ug=0.04435 divL2=6.383e-04 nu_sgs_max=2.940e+01 Csgs_mean/max=2.120e-01/2.120e-01 clipped=0.000 CFLretries=337 remaining=01:20:57 ETA=2026-08-03 15:47:08 CEST
step=3100 ft=0.8174/10 CFL=0.8044 CFLnu_step=0.1708 CFLnu_next=0.1708 ustar/Ug=0.04448 divL2=7.161e-04 nu_sgs_max=2.438e+01 Csgs_mean/max=2.120e-01/2.120e-01 clipped=0.000 CFLretries=353 remaining=01:20:40 ETA=2026-08-03 15:47:06 CEST
step=3200 ft=0.8447/10 CFL=0.5746 CFLnu_step=0.1456 CFLnu_next=0.1456 ustar/Ug=0.04488 divL2=6.436e-04 nu_sgs_max=2.362e+01 Csgs_mean/max=2.120e-01/2.120e-01 clipped=0.000 CFLretries=366 remaining=01:20:18 ETA=2026-08-03 15:46:57 CEST
step=3300 ft=0.8723/10 CFL=0.7221 CFLnu_step=0.1571 CFLnu_next=0.1571 ustar/Ug=0.04423 divL2=6.297e-04 nu_sgs_max=2.121e+01 Csgs_mean/max=2.120e-01/2.120e-01 clipped=0.000 CFLretries=378 remaining=01:19:51 ETA=2026-08-03 15:46:44 CEST
step=3400 ft=0.9021/10 CFL=0.6062 CFLnu_step=0.2207 CFLnu_next=0.2207 ustar/Ug=0.04405 divL2=6.386e-04 nu_sgs_max=3.306e+01 Csgs_mean/max=2.120e-01/2.120e-01 clipped=0.000 CFLretries=390 remaining=01:19:10 ETA=2026-08-03 15:46:16 CEST
[cfl-retry] count=400 step=3463 candidate=0.9236 limit=0.8800 retry_dt=2.71316s
step=3500 ft=0.9291/10 CFL=0.6768 CFLnu_step=0.1709 CFLnu_next=0.1709 ustar/Ug=0.04384 divL2=6.168e-04 nu_sgs_max=2.603e+01 Csgs_mean/max=2.120e-01/2.120e-01 clipped=0.000 CFLretries=402 remaining=01:18:59 ETA=2026-08-03 15:46:20 CEST
step=3600 ft=0.9553/10 CFL=0.8552 CFLnu_step=0.2058 CFLnu_next=0.2058 ustar/Ug=0.04385 divL2=6.179e-04 nu_sgs_max=2.864e+01 Csgs_mean/max=2.120e-01/2.120e-01 clipped=0.000 CFLretries=414 remaining=01:18:56 ETA=2026-08-03 15:46:31 CEST
step=3700 ft=0.9840/10 CFL=0.6011 CFLnu_step=0.1225 CFLnu_next=0.1225 ustar/Ug=0.04329 divL2=6.062e-04 nu_sgs_max=1.745e+01 Csgs_mean/max=2.120e-01/2.120e-01 clipped=0.000 CFLretries=426 remaining=01:18:29 ETA=2026-08-03 15:46:18 CEST
step=3800 ft=1.0143/10 CFL=0.5905 CFLnu_step=0.1585 CFLnu_next=0.1585 ustar/Ug=0.04297 divL2=6.224e-04 nu_sgs_max=2.289e+01 Csgs_mean/max=2.120e-01/2.120e-01 clipped=0.000 CFLretries=439 remaining=01:17:55 ETA=2026-08-03 15:45:58 CEST
step=3900 ft=1.0409/10 CFL=0.5267 CFLnu_step=0.1254 CFLnu_next=0.1254 ustar/Ug=0.04313 divL2=6.076e-04 nu_sgs_max=2.225e+01 Csgs_mean/max=2.120e-01/2.120e-01 clipped=0.000 CFLretries=456 remaining=01:17:47 ETA=2026-08-03 15:46:04 CEST
step=4000 ft=1.0675/10 CFL=0.5381 CFLnu_step=0.1603 CFLnu_next=0.1603 ustar/Ug=0.04340 divL2=6.076e-04 nu_sgs_max=2.585e+01 Csgs_mean/max=2.120e-01/2.120e-01 clipped=0.000 CFLretries=470 remaining=01:17:37 ETA=2026-08-03 15:46:09 CEST
step=4100 ft=1.0966/10 CFL=0.5688 CFLnu_step=0.2036 CFLnu_next=0.2036 ustar/Ug=0.04299 divL2=6.159e-04 nu_sgs_max=2.837e+01 Csgs_mean/max=2.120e-01/2.120e-01 clipped=0.000 CFLretries=487 remaining=01:17:14 ETA=2026-08-03 15:46:00 CEST
[cfl-retry] count=500 step=4189 candidate=0.9032 limit=0.8800 retry_dt=2.71051s
step=4200 ft=1.1232/10 CFL=0.6941 CFLnu_step=0.1454 CFLnu_next=0.1454 ustar/Ug=0.04317 divL2=6.176e-04 nu_sgs_max=2.237e+01 Csgs_mean/max=2.120e-01/2.120e-01 clipped=0.000 CFLretries=501 remaining=01:17:00 ETA=2026-08-03 15:46:00 CEST
step=4300 ft=1.1489/10 CFL=0.6441 CFLnu_step=0.1532 CFLnu_next=0.1532 ustar/Ug=0.04358 divL2=6.318e-04 nu_sgs_max=2.349e+01 Csgs_mean/max=2.120e-01/2.120e-01 clipped=0.000 CFLretries=514 remaining=01:16:49 ETA=2026-08-03 15:46:03 CEST
step=4400 ft=1.1748/10 CFL=0.8483 CFLnu_step=0.2582 CFLnu_next=0.2582 ustar/Ug=0.04343 divL2=6.403e-04 nu_sgs_max=3.420e+01 Csgs_mean/max=2.120e-01/2.120e-01 clipped=0.000 CFLretries=528 remaining=01:16:39 ETA=2026-08-03 15:46:06 CEST
step=4500 ft=1.2031/10 CFL=0.8129 CFLnu_step=0.4352 CFLnu_next=0.4352 ustar/Ug=0.04278 divL2=6.119e-04 nu_sgs_max=5.223e+01 Csgs_mean/max=2.120e-01/2.120e-01 clipped=0.000 CFLretries=541 remaining=01:16:15 ETA=2026-08-03 15:45:56 CEST
step=4600 ft=1.2327/10 CFL=0.7822 CFLnu_step=0.1465 CFLnu_next=0.1465 ustar/Ug=0.04233 divL2=6.411e-04 nu_sgs_max=2.047e+01 Csgs_mean/max=2.120e-01/2.120e-01 clipped=0.000 CFLretries=560 remaining=01:15:51 ETA=2026-08-03 15:45:47 CEST
step=4700 ft=1.2584/10 CFL=0.6591 CFLnu_step=0.1495 CFLnu_next=0.1495 ustar/Ug=0.04290 divL2=6.125e-04 nu_sgs_max=2.579e+01 Csgs_mean/max=2.120e-01/2.120e-01 clipped=0.000 CFLretries=572 remaining=01:15:42 ETA=2026-08-03 15:45:51 CEST
step=4800 ft=1.2833/10 CFL=0.5693 CFLnu_step=0.1534 CFLnu_next=0.1534 ustar/Ug=0.04317 divL2=6.102e-04 nu_sgs_max=2.616e+01 Csgs_mean/max=2.120e-01/2.120e-01 clipped=0.000 CFLretries=582 remaining=01:15:36 ETA=2026-08-03 15:45:59 CEST
step=4900 ft=1.3108/10 CFL=0.7953 CFLnu_step=0.2847 CFLnu_next=0.2847 ustar/Ug=0.04244 divL2=6.124e-04 nu_sgs_max=3.642e+01 Csgs_mean/max=2.120e-01/2.120e-01 clipped=0.000 CFLretries=593 remaining=01:15:18 ETA=2026-08-03 15:45:55 CEST
[cfl-retry] count=600 step=4964 candidate=0.8966 limit=0.8800 retry_dt=2.96387s
step=5000 ft=1.3411/10 CFL=0.8217 CFLnu_step=0.1446 CFLnu_next=0.1446 ustar/Ug=0.04227 divL2=6.191e-04 nu_sgs_max=1.913e+01 Csgs_mean/max=2.120e-01/2.120e-01 clipped=0.000 CFLretries=606 remaining=01:14:48 ETA=2026-08-03 15:45:39 CEST
step=5100 ft=1.3670/10 CFL=0.8136 CFLnu_step=0.1971 CFLnu_next=0.1971 ustar/Ug=0.04267 divL2=6.292e-04 nu_sgs_max=2.787e+01 Csgs_mean/max=2.120e-01/2.120e-01 clipped=0.000 CFLretries=619 remaining=01:14:38 ETA=2026-08-03 15:45:42 CEST
step=5200 ft=1.3926/10 CFL=0.8546 CFLnu_step=0.1384 CFLnu_next=0.1384 ustar/Ug=0.04302 divL2=6.529e-04 nu_sgs_max=2.117e+01 Csgs_mean/max=2.120e-01/2.120e-01 clipped=0.000 CFLretries=633 remaining=01:14:31 ETA=2026-08-03 15:45:50 CEST
step=5300 ft=1.4170/10 CFL=0.5123 CFLnu_step=0.1637 CFLnu_next=0.1637 ustar/Ug=0.04280 divL2=6.084e-04 nu_sgs_max=3.114e+01 Csgs_mean/max=2.120e-01/2.120e-01 clipped=0.000 CFLretries=648 remaining=01:14:30 ETA=2026-08-03 15:46:03 CEST
step=5400 ft=1.4418/10 CFL=0.5850 CFLnu_step=0.1112 CFLnu_next=0.1112 ustar/Ug=0.04265 divL2=6.201e-04 nu_sgs_max=2.019e+01 Csgs_mean/max=2.120e-01/2.120e-01 clipped=0.000 CFLretries=658 remaining=01:14:19 ETA=2026-08-03 15:46:05 CEST
step=5500 ft=1.4664/10 CFL=0.5876 CFLnu_step=0.1013 CFLnu_next=0.1013 ustar/Ug=0.04298 divL2=6.090e-04 nu_sgs_max=2.084e+01 Csgs_mean/max=2.120e-01/2.120e-01 clipped=0.000 CFLretries=669 remaining=01:14:09 ETA=2026-08-03 15:46:09 CEST
step=5600 ft=1.4902/10 CFL=0.5280 CFLnu_step=0.1010 CFLnu_next=0.1010 ustar/Ug=0.04304 divL2=6.335e-04 nu_sgs_max=1.966e+01 Csgs_mean/max=2.120e-01/2.120e-01 clipped=0.000 CFLretries=677 remaining=01:14:01 ETA=2026-08-03 15:46:14 CEST
step=5700 ft=1.5134/10 CFL=0.5305 CFLnu_step=0.1215 CFLnu_next=0.1215 ustar/Ug=0.04305 divL2=6.192e-04 nu_sgs_max=2.543e+01 Csgs_mean/max=2.120e-01/2.120e-01 clipped=0.000 CFLretries=689 remaining=01:13:57 ETA=2026-08-03 15:46:24 CEST
[cfl-retry] count=700 step=5773 candidate=0.9134 limit=0.8800 retry_dt=2.46435s
step=5800 ft=1.5364/10 CFL=0.5939 CFLnu_step=0.1081 CFLnu_next=0.1081 ustar/Ug=0.04314 divL2=6.163e-04 nu_sgs_max=2.249e+01 Csgs_mean/max=2.120e-01/2.120e-01 clipped=0.000 CFLretries=703 remaining=01:13:56 ETA=2026-08-03 15:46:36 CEST
step=5900 ft=1.5603/10 CFL=0.5365 CFLnu_step=0.1328 CFLnu_next=0.1328 ustar/Ug=0.04333 divL2=6.147e-04 nu_sgs_max=2.499e+01 Csgs_mean/max=2.120e-01/2.120e-01 clipped=0.000 CFLretries=714 remaining=01:13:49 ETA=2026-08-03 15:46:43 CEST
step=6000 ft=1.5851/10 CFL=0.5856 CFLnu_step=0.1273 CFLnu_next=0.1273 ustar/Ug=0.04357 divL2=6.401e-04 nu_sgs_max=2.251e+01 Csgs_mean/max=2.120e-01/2.120e-01 clipped=0.000 CFLretries=727 remaining=01:13:41 ETA=2026-08-03 15:46:48 CEST
step=6100 ft=1.6105/10 CFL=0.5752 CFLnu_step=0.1112 CFLnu_next=0.1112 ustar/Ug=0.04340 divL2=6.351e-04 nu_sgs_max=2.024e+01 Csgs_mean/max=2.120e-01/2.120e-01 clipped=0.000 CFLretries=740 remaining=01:13:29 ETA=2026-08-03 15:46:50 CEST
step=6200 ft=1.6357/10 CFL=0.8219 CFLnu_step=0.1144 CFLnu_next=0.1144 ustar/Ug=0.04325 divL2=6.649e-04 nu_sgs_max=1.920e+01 Csgs_mean/max=2.120e-01/2.120e-01 clipped=0.000 CFLretries=754 remaining=01:13:19 ETA=2026-08-03 15:46:53 CEST
step=6300 ft=1.6602/10 CFL=0.5406 CFLnu_step=0.1116 CFLnu_next=0.1116 ustar/Ug=0.04375 divL2=6.260e-04 nu_sgs_max=1.952e+01 Csgs_mean/max=2.120e-01/2.120e-01 clipped=0.000 CFLretries=768 remaining=01:13:12 ETA=2026-08-03 15:47:01 CEST
step=6400 ft=1.6860/10 CFL=0.6349 CFLnu_step=0.0982 CFLnu_next=0.0982 ustar/Ug=0.04344 divL2=6.304e-04 nu_sgs_max=1.761e+01 Csgs_mean/max=2.120e-01/2.120e-01 clipped=0.000 CFLretries=782 remaining=01:13:01 ETA=2026-08-03 15:47:04 CEST
step=6500 ft=1.7105/10 CFL=0.6542 CFLnu_step=0.1413 CFLnu_next=0.1413 ustar/Ug=0.04306 divL2=6.219e-04 nu_sgs_max=2.586e+01 Csgs_mean/max=2.120e-01/2.120e-01 clipped=0.000 CFLretries=794 remaining=01:12:52 ETA=2026-08-03 15:47:08 CEST
[cfl-retry] count=800 step=6543 candidate=0.9608 limit=0.8800 retry_dt=2.90017s
step=6600 ft=1.7383/10 CFL=0.8673 CFLnu_step=0.2308 CFLnu_next=0.2308 ustar/Ug=0.04301 divL2=8.756e-04 nu_sgs_max=2.922e+01 Csgs_mean/max=2.120e-01/2.120e-01 clipped=0.000 CFLretries=806 remaining=01:12:32 ETA=2026-08-03 15:47:02 CEST
step=6700 ft=1.7650/10 CFL=0.6545 CFLnu_step=0.2540 CFLnu_next=0.2540 ustar/Ug=0.04370 divL2=6.504e-04 nu_sgs_max=4.216e+01 Csgs_mean/max=2.120e-01/2.120e-01 clipped=0.000 CFLretries=819 remaining=01:12:16 ETA=2026-08-03 15:47:00 CEST
step=6800 ft=1.7910/10 CFL=0.6029 CFLnu_step=0.1402 CFLnu_next=0.1402 ustar/Ug=0.04375 divL2=6.440e-04 nu_sgs_max=2.547e+01 Csgs_mean/max=2.120e-01/2.120e-01 clipped=0.000 CFLretries=833 remaining=01:12:04 ETA=2026-08-03 15:47:02 CEST
step=6900 ft=1.8183/10 CFL=0.5683 CFLnu_step=0.1530 CFLnu_next=0.1530 ustar/Ug=0.04321 divL2=6.776e-04 nu_sgs_max=2.341e+01 Csgs_mean/max=2.120e-01/2.120e-01 clipped=0.000 CFLretries=848 remaining=01:11:50 ETA=2026-08-03 15:47:02 CEST
step=7000 ft=1.8434/10 CFL=0.6325 CFLnu_step=0.1558 CFLnu_next=0.1558 ustar/Ug=0.04341 divL2=6.435e-04 nu_sgs_max=3.290e+01 Csgs_mean/max=2.120e-01/2.120e-01 clipped=0.000 CFLretries=863 remaining=01:11:42 ETA=2026-08-03 15:47:08 CEST
step=7100 ft=1.8656/10 CFL=0.6978 CFLnu_step=0.0929 CFLnu_next=0.0929 ustar/Ug=0.04335 divL2=6.470e-04 nu_sgs_max=1.742e+01 Csgs_mean/max=2.120e-01/2.120e-01 clipped=0.000 CFLretries=878 remaining=01:11:41 ETA=2026-08-03 15:47:21 CEST
step=7200 ft=1.8901/10 CFL=0.5386 CFLnu_step=0.1515 CFLnu_next=0.1515 ustar/Ug=0.04312 divL2=6.369e-04 nu_sgs_max=2.614e+01 Csgs_mean/max=2.120e-01/2.120e-01 clipped=0.000 CFLretries=890 remaining=01:11:31 ETA=2026-08-03 15:47:25 CEST
[cfl-retry] count=900 step=7266 candidate=0.9605 limit=0.8800 retry_dt=3.03476s
step=7300 ft=1.9189/10 CFL=0.5572 CFLnu_step=0.1948 CFLnu_next=0.1948 ustar/Ug=0.04329 divL2=6.431e-04 nu_sgs_max=3.088e+01 Csgs_mean/max=2.120e-01/2.120e-01 clipped=0.000 CFLretries=905 remaining=01:11:11 ETA=2026-08-03 15:47:20 CEST
step=7400 ft=1.9449/10 CFL=0.6629 CFLnu_step=0.2008 CFLnu_next=0.2008 ustar/Ug=0.04339 divL2=6.578e-04 nu_sgs_max=3.017e+01 Csgs_mean/max=2.120e-01/2.120e-01 clipped=0.000 CFLretries=919 remaining=01:10:58 ETA=2026-08-03 15:47:20 CEST
step=7500 ft=1.9687/10 CFL=0.8134 CFLnu_step=0.3253 CFLnu_next=0.3253 ustar/Ug=0.04344 divL2=6.978e-04 nu_sgs_max=5.437e+01 Csgs_mean/max=2.120e-01/2.120e-01 clipped=0.000 CFLretries=934 remaining=01:10:53 ETA=2026-08-03 15:47:29 CEST
step=7600 ft=1.9905/10 CFL=0.8107 CFLnu_step=0.2636 CFLnu_next=0.2636 ustar/Ug=0.04305 divL2=6.825e-04 nu_sgs_max=4.574e+01 Csgs_mean/max=2.120e-01/2.120e-01 clipped=0.000 CFLretries=947 remaining=01:10:51 ETA=2026-08-03 15:47:42 CEST
step=7700 ft=2.0154/10 CFL=0.7558 CFLnu_step=0.1662 CFLnu_next=0.1662 ustar/Ug=0.04292 divL2=6.724e-04 nu_sgs_max=2.261e+01 Csgs_mean/max=2.120e-01/2.120e-01 clipped=0.000 CFLretries=960 remaining=01:10:43 ETA=2026-08-03 15:47:48 CEST
step=7800 ft=2.0437/10 CFL=0.5585 CFLnu_step=0.1497 CFLnu_next=0.1497 ustar/Ug=0.04271 divL2=6.830e-04 nu_sgs_max=2.320e+01 Csgs_mean/max=2.120e-01/2.120e-01 clipped=0.000 CFLretries=972 remaining=01:10:22 ETA=2026-08-03 15:47:41 CEST
step=7900 ft=2.0704/10 CFL=0.8640 CFLnu_step=0.2333 CFLnu_next=0.2333 ustar/Ug=0.04336 divL2=7.000e-04 nu_sgs_max=3.315e+01 Csgs_mean/max=2.120e-01/2.120e-01 clipped=0.000 CFLretries=989 remaining=01:10:08 ETA=2026-08-03 15:47:40 CEST
[cfl-retry] count=1000 step=7968 candidate=0.8851 limit=0.8800 retry_dt=2.7586s
step=8000 ft=2.0950/10 CFL=0.6458 CFLnu_step=0.2264 CFLnu_next=0.2264 ustar/Ug=0.04332 divL2=6.601e-04 nu_sgs_max=3.947e+01 Csgs_mean/max=2.120e-01/2.120e-01 clipped=0.000 CFLretries=1003 remaining=01:09:59 ETA=2026-08-03 15:47:45 CEST
step=8100 ft=2.1205/10 CFL=0.7849 CFLnu_step=0.1423 CFLnu_next=0.1423 ustar/Ug=0.04353 divL2=7.202e-04 nu_sgs_max=2.710e+01 Csgs_mean/max=2.120e-01/2.120e-01 clipped=0.000 CFLretries=1016 remaining=01:09:50 ETA=2026-08-03 15:47:51 CEST
step=8200 ft=2.1451/10 CFL=0.7972 CFLnu_step=0.1590 CFLnu_next=0.1590 ustar/Ug=0.04399 divL2=7.624e-04 nu_sgs_max=2.224e+01 Csgs_mean/max=2.120e-01/2.120e-01 clipped=0.000 CFLretries=1027 remaining=01:09:37 ETA=2026-08-03 15:47:52 CEST
step=8300 ft=2.1712/10 CFL=0.6587 CFLnu_step=0.1259 CFLnu_next=0.1259 ustar/Ug=0.04463 divL2=8.293e-04 nu_sgs_max=2.091e+01 Csgs_mean/max=2.120e-01/2.120e-01 clipped=0.000 CFLretries=1040 remaining=01:09:22 ETA=2026-08-03 15:47:50 CEST
step=8400 ft=2.1946/10 CFL=0.7384 CFLnu_step=0.1143 CFLnu_next=0.1143 ustar/Ug=0.04537 divL2=7.661e-04 nu_sgs_max=1.880e+01 Csgs_mean/max=2.120e-01/2.120e-01 clipped=0.000 CFLretries=1052 remaining=01:09:14 ETA=2026-08-03 15:47:55 CEST
step=8500 ft=2.2174/10 CFL=0.7059 CFLnu_step=0.2643 CFLnu_next=0.2643 ustar/Ug=0.04451 divL2=6.903e-04 nu_sgs_max=4.715e+01 Csgs_mean/max=2.120e-01/2.120e-01 clipped=0.000 CFLretries=1065 remaining=01:09:07 ETA=2026-08-03 15:48:03 CEST
step=8600 ft=2.2404/10 CFL=0.6121 CFLnu_step=0.1338 CFLnu_next=0.1338 ustar/Ug=0.04367 divL2=6.747e-04 nu_sgs_max=2.845e+01 Csgs_mean/max=2.120e-01/2.120e-01 clipped=0.000 CFLretries=1079 remaining=01:09:01 ETA=2026-08-03 15:48:10 CEST
step=8700 ft=2.2632/10 CFL=0.5872 CFLnu_step=0.1388 CFLnu_next=0.1388 ustar/Ug=0.04444 divL2=6.724e-04 nu_sgs_max=2.968e+01 Csgs_mean/max=2.120e-01/2.120e-01 clipped=0.000 CFLretries=1095 remaining=01:08:56 ETA=2026-08-03 15:48:19 CEST
[cfl-retry] count=1100 step=8742 candidate=0.9191 limit=0.8800 retry_dt=2.3655s
step=8800 ft=2.2871/10 CFL=0.5372 CFLnu_step=0.1062 CFLnu_next=0.1062 ustar/Ug=0.04441 divL2=6.751e-04 nu_sgs_max=2.141e+01 Csgs_mean/max=2.120e-01/2.120e-01 clipped=0.000 CFLretries=1108 remaining=01:08:47 ETA=2026-08-03 15:48:24 CEST
step=8900 ft=2.3126/10 CFL=0.7787 CFLnu_step=0.1487 CFLnu_next=0.1487 ustar/Ug=0.04389 divL2=7.040e-04 nu_sgs_max=2.251e+01 Csgs_mean/max=2.120e-01/2.120e-01 clipped=0.000 CFLretries=1120 remaining=01:08:34 ETA=2026-08-03 15:48:24 CEST
step=9000 ft=2.3376/10 CFL=0.8031 CFLnu_step=0.1834 CFLnu_next=0.1834 ustar/Ug=0.04447 divL2=7.102e-04 nu_sgs_max=2.795e+01 Csgs_mean/max=2.120e-01/2.120e-01 clipped=0.000 CFLretries=1137 remaining=01:08:23 ETA=2026-08-03 15:48:28 CEST
step=9100 ft=2.3619/10 CFL=0.8552 CFLnu_step=0.3305 CFLnu_next=0.3305 ustar/Ug=0.04436 divL2=6.874e-04 nu_sgs_max=4.666e+01 Csgs_mean/max=2.120e-01/2.120e-01 clipped=0.000 CFLretries=1152 remaining=01:08:14 ETA=2026-08-03 15:48:33 CEST
step=9200 ft=2.3872/10 CFL=0.6393 CFLnu_step=0.1123 CFLnu_next=0.1123 ustar/Ug=0.04407 divL2=7.088e-04 nu_sgs_max=2.252e+01 Csgs_mean/max=2.120e-01/2.120e-01 clipped=0.000 CFLretries=1167 remaining=01:08:03 ETA=2026-08-03 15:48:37 CEST
step=9300 ft=2.4126/10 CFL=0.6495 CFLnu_step=0.1911 CFLnu_next=0.1911 ustar/Ug=0.04463 divL2=6.793e-04 nu_sgs_max=2.827e+01 Csgs_mean/max=2.120e-01/2.120e-01 clipped=0.000 CFLretries=1177 remaining=01:07:51 ETA=2026-08-03 15:48:38 CEST
step=9400 ft=2.4389/10 CFL=0.8483 CFLnu_step=0.2687 CFLnu_next=0.2687 ustar/Ug=0.04480 divL2=7.111e-04 nu_sgs_max=3.949e+01 Csgs_mean/max=2.120e-01/2.120e-01 clipped=0.000 CFLretries=1187 remaining=01:07:36 ETA=2026-08-03 15:48:38 CEST
step=9500 ft=2.4645/10 CFL=0.8295 CFLnu_step=0.3081 CFLnu_next=0.3081 ustar/Ug=0.04433 divL2=7.138e-04 nu_sgs_max=4.687e+01 Csgs_mean/max=2.120e-01/2.120e-01 clipped=0.000 CFLretries=1196 remaining=01:07:23 ETA=2026-08-03 15:48:39 CEST
[cfl-retry] count=1200 step=9532 candidate=0.8800 limit=0.8800 retry_dt=2.90916s
step=9600 ft=2.4897/10 CFL=0.6553 CFLnu_step=0.2364 CFLnu_next=0.2364 ustar/Ug=0.04411 divL2=6.851e-04 nu_sgs_max=4.249e+01 Csgs_mean/max=2.120e-01/2.120e-01 clipped=0.000 CFLretries=1210 remaining=01:07:13 ETA=2026-08-03 15:48:43 CEST
step=9700 ft=2.5143/10 CFL=0.5322 CFLnu_step=0.1357 CFLnu_next=0.1357 ustar/Ug=0.04360 divL2=6.827e-04 nu_sgs_max=2.508e+01 Csgs_mean/max=2.120e-01/2.120e-01 clipped=0.000 CFLretries=1223 remaining=01:07:03 ETA=2026-08-03 15:48:47 CEST
step=9800 ft=2.5390/10 CFL=0.6841 CFLnu_step=0.1283 CFLnu_next=0.1283 ustar/Ug=0.04394 divL2=7.304e-04 nu_sgs_max=2.074e+01 Csgs_mean/max=2.120e-01/2.120e-01 clipped=0.000 CFLretries=1236 remaining=01:06:54 ETA=2026-08-03 15:48:53 CEST
step=9900 ft=2.5611/10 CFL=0.7967 CFLnu_step=0.3586 CFLnu_next=0.3586 ustar/Ug=0.04344 divL2=7.312e-04 nu_sgs_max=6.114e+01 Csgs_mean/max=2.120e-01/2.120e-01 clipped=0.000 CFLretries=1251 remaining=01:06:51 ETA=2026-08-03 15:49:05 CEST
step=10000 ft=2.5836/10 CFL=0.7596 CFLnu_step=0.0971 CFLnu_next=0.0971 ustar/Ug=0.04271 divL2=7.497e-04 nu_sgs_max=1.669e+01 Csgs_mean/max=2.120e-01/2.120e-01 clipped=0.000 CFLretries=1264 remaining=01:06:46 ETA=2026-08-03 15:49:14 CEST
step=10100 ft=2.6050/10 CFL=0.7668 CFLnu_step=0.1629 CFLnu_next=0.1629 ustar/Ug=0.04269 divL2=7.222e-04 nu_sgs_max=3.107e+01 Csgs_mean/max=2.120e-01/2.120e-01 clipped=0.000 CFLretries=1275 remaining=01:06:42 ETA=2026-08-03 15:49:24 CEST
step=10200 ft=2.6259/10 CFL=0.7310 CFLnu_step=0.1149 CFLnu_next=0.1149 ustar/Ug=0.04332 divL2=7.849e-04 nu_sgs_max=2.112e+01 Csgs_mean/max=2.120e-01/2.120e-01 clipped=0.000 CFLretries=1290 remaining=01:06:41 ETA=2026-08-03 15:49:38 CEST
[cfl-retry] count=1300 step=10274 candidate=0.9374 limit=0.8800 retry_dt=2.65486s
step=10300 ft=2.6496/10 CFL=0.7876 CFLnu_step=0.1184 CFLnu_next=0.1184 ustar/Ug=0.04435 divL2=7.207e-04 nu_sgs_max=1.891e+01 Csgs_mean/max=2.120e-01/2.120e-01 clipped=0.000 CFLretries=1304 remaining=01:06:33 ETA=2026-08-03 15:49:45 CEST
step=10400 ft=2.6738/10 CFL=0.7275 CFLnu_step=0.2554 CFLnu_next=0.2554 ustar/Ug=0.04441 divL2=7.081e-04 nu_sgs_max=4.000e+01 Csgs_mean/max=2.120e-01/2.120e-01 clipped=0.000 CFLretries=1318 remaining=01:06:24 ETA=2026-08-03 15:49:50 CEST
step=10500 ft=2.6973/10 CFL=0.8431 CFLnu_step=0.3281 CFLnu_next=0.3281 ustar/Ug=0.04420 divL2=7.010e-04 nu_sgs_max=5.358e+01 Csgs_mean/max=2.120e-01/2.120e-01 clipped=0.000 CFLretries=1330 remaining=01:06:15 ETA=2026-08-03 15:49:56 CEST
step=10600 ft=2.7200/10 CFL=0.7784 CFLnu_step=0.1017 CFLnu_next=0.1017 ustar/Ug=0.04419 divL2=7.090e-04 nu_sgs_max=1.745e+01 Csgs_mean/max=2.120e-01/2.120e-01 clipped=0.000 CFLretries=1343 remaining=01:06:09 ETA=2026-08-03 15:50:04 CEST
step=10700 ft=2.7424/10 CFL=0.6594 CFLnu_step=0.1062 CFLnu_next=0.1062 ustar/Ug=0.04447 divL2=7.101e-04 nu_sgs_max=2.237e+01 Csgs_mean/max=2.120e-01/2.120e-01 clipped=0.000 CFLretries=1356 remaining=01:06:04 ETA=2026-08-03 15:50:14 CEST
step=10800 ft=2.7640/10 CFL=0.6611 CFLnu_step=0.1855 CFLnu_next=0.1855 ustar/Ug=0.04465 divL2=7.423e-04 nu_sgs_max=3.528e+01 Csgs_mean/max=2.120e-01/2.120e-01 clipped=0.000 CFLretries=1369 remaining=01:05:59 ETA=2026-08-03 15:50:23 CEST
step=10900 ft=2.7863/10 CFL=0.5563 CFLnu_step=0.1121 CFLnu_next=0.1121 ustar/Ug=0.04584 divL2=7.053e-04 nu_sgs_max=2.316e+01 Csgs_mean/max=2.120e-01/2.120e-01 clipped=0.000 CFLretries=1382 remaining=01:05:53 ETA=2026-08-03 15:50:31 CEST
step=11000 ft=2.8098/10 CFL=0.8348 CFLnu_step=0.1601 CFLnu_next=0.1601 ustar/Ug=0.04645 divL2=7.416e-04 nu_sgs_max=2.502e+01 Csgs_mean/max=2.120e-01/2.120e-01 clipped=0.000 CFLretries=1397 remaining=01:05:45 ETA=2026-08-03 15:50:38 CEST
[cfl-retry] count=1400 step=11023 candidate=0.8955 limit=0.8800 retry_dt=2.65573s
step=11100 ft=2.8346/10 CFL=0.8514 CFLnu_step=0.2825 CFLnu_next=0.2825 ustar/Ug=0.04603 divL2=7.009e-04 nu_sgs_max=4.501e+01 Csgs_mean/max=2.120e-01/2.120e-01 clipped=0.000 CFLretries=1407 remaining=01:05:33 ETA=2026-08-03 15:50:40 CEST
step=11200 ft=2.8593/10 CFL=0.5227 CFLnu_step=0.1380 CFLnu_next=0.1380 ustar/Ug=0.04590 divL2=7.553e-04 nu_sgs_max=2.476e+01 Csgs_mean/max=2.120e-01/2.120e-01 clipped=0.000 CFLretries=1417 remaining=01:05:21 ETA=2026-08-03 15:50:43 CEST
step=11300 ft=2.8830/10 CFL=0.7380 CFLnu_step=0.1129 CFLnu_next=0.1129 ustar/Ug=0.04609 divL2=7.346e-04 nu_sgs_max=2.034e+01 Csgs_mean/max=2.120e-01/2.120e-01 clipped=0.000 CFLretries=1431 remaining=01:05:12 ETA=2026-08-03 15:50:48 CEST
step=11400 ft=2.9080/10 CFL=0.5317 CFLnu_step=0.1236 CFLnu_next=0.1236 ustar/Ug=0.04565 divL2=7.365e-04 nu_sgs_max=2.266e+01 Csgs_mean/max=2.120e-01/2.120e-01 clipped=0.000 CFLretries=1446 remaining=01:05:00 ETA=2026-08-03 15:50:51 CEST
step=11500 ft=2.9321/10 CFL=0.6225 CFLnu_step=0.1137 CFLnu_next=0.1137 ustar/Ug=0.04565 divL2=7.464e-04 nu_sgs_max=2.436e+01 Csgs_mean/max=2.120e-01/2.120e-01 clipped=0.000 CFLretries=1459 remaining=01:04:50 ETA=2026-08-03 15:50:55 CEST
step=11600 ft=2.9525/10 CFL=0.6627 CFLnu_step=0.1546 CFLnu_next=0.1546 ustar/Ug=0.04650 divL2=7.451e-04 nu_sgs_max=3.448e+01 Csgs_mean/max=2.120e-01/2.120e-01 clipped=0.000 CFLretries=1472 remaining=01:04:47 ETA=2026-08-03 15:51:06 CEST
step=11700 ft=2.9738/10 CFL=0.6909 CFLnu_step=0.1457 CFLnu_next=0.1457 ustar/Ug=0.04715 divL2=7.442e-04 nu_sgs_max=2.614e+01 Csgs_mean/max=2.120e-01/2.120e-01 clipped=0.000 CFLretries=1483 remaining=01:04:41 ETA=2026-08-03 15:51:15 CEST
step=11800 ft=2.9962/10 CFL=0.7198 CFLnu_step=0.1869 CFLnu_next=0.1869 ustar/Ug=0.04706 divL2=7.254e-04 nu_sgs_max=3.062e+01 Csgs_mean/max=2.120e-01/2.120e-01 clipped=0.000 CFLretries=1495 remaining=01:04:33 ETA=2026-08-03 15:51:22 CEST
[cfl-retry] count=1500 step=11846 candidate=0.9586 limit=0.8800 retry_dt=2.66059s
step=11900 ft=3.0195/10 CFL=0.7072 CFLnu_step=0.1785 CFLnu_next=0.1785 ustar/Ug=0.04740 divL2=7.184e-04 nu_sgs_max=2.802e+01 Csgs_mean/max=2.120e-01/2.120e-01 clipped=0.000 CFLretries=1505 remaining=01:04:24 ETA=2026-08-03 15:51:26 CEST
step=12000 ft=3.0446/10 CFL=0.8251 CFLnu_step=0.2220 CFLnu_next=0.2220 ustar/Ug=0.04714 divL2=7.704e-04 nu_sgs_max=3.183e+01 Csgs_mean/max=2.120e-01/2.120e-01 clipped=0.000 CFLretries=1516 remaining=01:04:11 ETA=2026-08-03 15:51:27 CEST
step=12100 ft=3.0700/10 CFL=0.6282 CFLnu_step=0.1239 CFLnu_next=0.1239 ustar/Ug=0.04733 divL2=8.458e-04 nu_sgs_max=2.253e+01 Csgs_mean/max=2.120e-01/2.120e-01 clipped=0.000 CFLretries=1532 remaining=01:03:59 ETA=2026-08-03 15:51:30 CEST
step=12200 ft=3.0912/10 CFL=0.7924 CFLnu_step=0.2685 CFLnu_next=0.2685 ustar/Ug=0.04671 divL2=7.543e-04 nu_sgs_max=4.837e+01 Csgs_mean/max=2.120e-01/2.120e-01 clipped=0.000 CFLretries=1545 remaining=01:03:53 ETA=2026-08-03 15:51:39 CEST
step=12300 ft=3.1136/10 CFL=0.6456 CFLnu_step=0.1416 CFLnu_next=0.1416 ustar/Ug=0.04644 divL2=7.166e-04 nu_sgs_max=3.033e+01 Csgs_mean/max=2.120e-01/2.120e-01 clipped=0.000 CFLretries=1558 remaining=01:03:45 ETA=2026-08-03 15:51:46 CEST
step=12400 ft=3.1373/10 CFL=0.6201 CFLnu_step=0.1960 CFLnu_next=0.1960 ustar/Ug=0.04680 divL2=7.111e-04 nu_sgs_max=3.946e+01 Csgs_mean/max=2.120e-01/2.120e-01 clipped=0.000 CFLretries=1572 remaining=01:03:36 ETA=2026-08-03 15:51:51 CEST
step=12500 ft=3.1623/10 CFL=0.5603 CFLnu_step=0.1365 CFLnu_next=0.1365 ustar/Ug=0.04725 divL2=7.226e-04 nu_sgs_max=2.559e+01 Csgs_mean/max=2.120e-01/2.120e-01 clipped=0.000 CFLretries=1583 remaining=01:03:22 ETA=2026-08-03 15:51:52 CEST
[cfl-retry] count=1600 step=12599 candidate=1.0039 limit=0.8800 retry_dt=2.01585s
step=12600 ft=3.1853/10 CFL=0.5683 CFLnu_step=0.0927 CFLnu_next=0.0927 ustar/Ug=0.04681 divL2=7.151e-04 nu_sgs_max=2.276e+01 Csgs_mean/max=2.120e-01/2.120e-01 clipped=0.000 CFLretries=1600 remaining=01:03:15 ETA=2026-08-03 15:51:59 CEST
step=12700 ft=3.2052/10 CFL=0.6867 CFLnu_step=0.1640 CFLnu_next=0.1640 ustar/Ug=0.04754 divL2=7.210e-04 nu_sgs_max=3.518e+01 Csgs_mean/max=2.120e-01/2.120e-01 clipped=0.000 CFLretries=1614 remaining=01:03:12 ETA=2026-08-03 15:52:11 CEST
step=12800 ft=3.2268/10 CFL=0.6041 CFLnu_step=0.1024 CFLnu_next=0.1024 ustar/Ug=0.04745 divL2=7.122e-04 nu_sgs_max=2.111e+01 Csgs_mean/max=2.120e-01/2.120e-01 clipped=0.000 CFLretries=1625 remaining=01:03:05 ETA=2026-08-03 15:52:18 CEST
step=12900 ft=3.2487/10 CFL=0.8418 CFLnu_step=0.2476 CFLnu_next=0.2476 ustar/Ug=0.04736 divL2=7.401e-04 nu_sgs_max=4.223e+01 Csgs_mean/max=2.120e-01/2.120e-01 clipped=0.000 CFLretries=1636 remaining=01:02:57 ETA=2026-08-03 15:52:24 CEST
step=13000 ft=3.2717/10 CFL=0.5597 CFLnu_step=0.1141 CFLnu_next=0.1141 ustar/Ug=0.04746 divL2=7.611e-04 nu_sgs_max=2.573e+01 Csgs_mean/max=2.120e-01/2.120e-01 clipped=0.000 CFLretries=1648 remaining=01:02:47 ETA=2026-08-03 15:52:30 CEST
step=13100 ft=3.2944/10 CFL=0.7370 CFLnu_step=0.1937 CFLnu_next=0.1937 ustar/Ug=0.04675 divL2=7.304e-04 nu_sgs_max=2.956e+01 Csgs_mean/max=2.120e-01/2.120e-01 clipped=0.000 CFLretries=1661 remaining=01:02:39 ETA=2026-08-03 15:52:36 CEST
step=13200 ft=3.3182/10 CFL=0.7552 CFLnu_step=0.2030 CFLnu_next=0.2030 ustar/Ug=0.04622 divL2=8.138e-04 nu_sgs_max=3.454e+01 Csgs_mean/max=2.120e-01/2.120e-01 clipped=0.000 CFLretries=1676 remaining=01:02:28 ETA=2026-08-03 15:52:40 CEST
step=13300 ft=3.3390/10 CFL=0.5249 CFLnu_step=0.1124 CFLnu_next=0.1124 ustar/Ug=0.04539 divL2=7.187e-04 nu_sgs_max=2.354e+01 Csgs_mean/max=2.120e-01/2.120e-01 clipped=0.000 CFLretries=1688 remaining=01:02:22 ETA=2026-08-03 15:52:48 CEST
[cfl-retry] count=1700 step=13385 candidate=0.9042 limit=0.8800 retry_dt=2.22553s
step=13400 ft=3.3601/10 CFL=0.7654 CFLnu_step=0.1597 CFLnu_next=0.1597 ustar/Ug=0.04501 divL2=7.269e-04 nu_sgs_max=3.172e+01 Csgs_mean/max=2.120e-01/2.120e-01 clipped=0.000 CFLretries=1702 remaining=01:02:16 ETA=2026-08-03 15:52:56 CEST
step=13500 ft=3.3797/10 CFL=0.7820 CFLnu_step=0.1747 CFLnu_next=0.1747 ustar/Ug=0.04560 divL2=7.515e-04 nu_sgs_max=3.452e+01 Csgs_mean/max=2.120e-01/2.120e-01 clipped=0.000 CFLretries=1719 remaining=01:02:13 ETA=2026-08-03 15:53:09 CEST
step=13600 ft=3.4008/10 CFL=0.5873 CFLnu_step=0.1305 CFLnu_next=0.1305 ustar/Ug=0.04646 divL2=7.176e-04 nu_sgs_max=2.782e+01 Csgs_mean/max=2.120e-01/2.120e-01 clipped=0.000 CFLretries=1729 remaining=01:02:07 ETA=2026-08-03 15:53:16 CEST
step=13700 ft=3.4237/10 CFL=0.7877 CFLnu_step=0.1111 CFLnu_next=0.1111 ustar/Ug=0.04713 divL2=7.451e-04 nu_sgs_max=1.831e+01 Csgs_mean/max=2.120e-01/2.120e-01 clipped=0.000 CFLretries=1741 remaining=01:01:56 ETA=2026-08-03 15:53:20 CEST
step=13800 ft=3.4477/10 CFL=0.7903 CFLnu_step=0.2544 CFLnu_next=0.2544 ustar/Ug=0.04712 divL2=7.893e-04 nu_sgs_max=3.715e+01 Csgs_mean/max=2.120e-01/2.120e-01 clipped=0.000 CFLretries=1760 remaining=01:01:46 ETA=2026-08-03 15:53:25 CEST
step=13900 ft=3.4707/10 CFL=0.6159 CFLnu_step=0.1634 CFLnu_next=0.1634 ustar/Ug=0.04830 divL2=7.257e-04 nu_sgs_max=3.020e+01 Csgs_mean/max=2.120e-01/2.120e-01 clipped=0.000 CFLretries=1772 remaining=01:01:35 ETA=2026-08-03 15:53:29 CEST
step=14000 ft=3.4967/10 CFL=0.7101 CFLnu_step=0.2100 CFLnu_next=0.2100 ustar/Ug=0.04806 divL2=8.165e-04 nu_sgs_max=3.413e+01 Csgs_mean/max=2.120e-01/2.120e-01 clipped=0.000 CFLretries=1791 remaining=01:01:21 ETA=2026-08-03 15:53:30 CEST
[cfl-retry] count=1800 step=14076 candidate=1.0472 limit=0.8800 retry_dt=1.99454s
step=14100 ft=3.5185/10 CFL=0.6121 CFLnu_step=0.1256 CFLnu_next=0.1256 ustar/Ug=0.04797 divL2=7.280e-04 nu_sgs_max=2.310e+01 Csgs_mean/max=2.120e-01/2.120e-01 clipped=0.000 CFLretries=1803 remaining=01:01:13 ETA=2026-08-03 15:53:36 CEST
step=14200 ft=3.5408/10 CFL=0.6652 CFLnu_step=0.1773 CFLnu_next=0.1773 ustar/Ug=0.04811 divL2=7.976e-04 nu_sgs_max=3.232e+01 Csgs_mean/max=2.120e-01/2.120e-01 clipped=0.000 CFLretries=1815 remaining=01:01:03 ETA=2026-08-03 15:53:40 CEST
step=14300 ft=3.5634/10 CFL=0.5222 CFLnu_step=0.0949 CFLnu_next=0.0949 ustar/Ug=0.04770 divL2=7.176e-04 nu_sgs_max=2.042e+01 Csgs_mean/max=2.120e-01/2.120e-01 clipped=0.000 CFLretries=1825 remaining=01:00:53 ETA=2026-08-03 15:53:45 CEST
step=14400 ft=3.5861/10 CFL=0.6122 CFLnu_step=0.1491 CFLnu_next=0.1491 ustar/Ug=0.04754 divL2=7.168e-04 nu_sgs_max=2.651e+01 Csgs_mean/max=2.120e-01/2.120e-01 clipped=0.000 CFLretries=1837 remaining=01:00:44 ETA=2026-08-03 15:53:50 CEST
step=14500 ft=3.6117/10 CFL=0.6039 CFLnu_step=0.1338 CFLnu_next=0.1338 ustar/Ug=0.04721 divL2=7.275e-04 nu_sgs_max=2.082e+01 Csgs_mean/max=2.120e-01/2.120e-01 clipped=0.000 CFLretries=1849 remaining=01:00:29 ETA=2026-08-03 15:53:50 CEST
step=14600 ft=3.6364/10 CFL=0.5343 CFLnu_step=0.1376 CFLnu_next=0.1376 ustar/Ug=0.04774 divL2=7.550e-04 nu_sgs_max=3.135e+01 Csgs_mean/max=2.120e-01/2.120e-01 clipped=0.000 CFLretries=1863 remaining=01:00:16 ETA=2026-08-03 15:53:51 CEST
step=14700 ft=3.6573/10 CFL=0.6009 CFLnu_step=0.2402 CFLnu_next=0.2402 ustar/Ug=0.04747 divL2=7.330e-04 nu_sgs_max=4.434e+01 Csgs_mean/max=2.120e-01/2.120e-01 clipped=0.000 CFLretries=1878 remaining=01:00:09 ETA=2026-08-03 15:53:59 CEST
step=14800 ft=3.6795/10 CFL=0.5406 CFLnu_step=0.0846 CFLnu_next=0.0846 ustar/Ug=0.04745 divL2=7.138e-04 nu_sgs_max=1.843e+01 Csgs_mean/max=2.120e-01/2.120e-01 clipped=0.000 CFLretries=1890 remaining=01:00:01 ETA=2026-08-03 15:54:06 CEST
[cfl-retry] count=1900 step=14864 candidate=0.9183 limit=0.8800 retry_dt=2.26225s
step=14900 ft=3.7013/10 CFL=0.6127 CFLnu_step=0.1165 CFLnu_next=0.1165 ustar/Ug=0.04673 divL2=7.449e-04 nu_sgs_max=2.135e+01 Csgs_mean/max=2.120e-01/2.120e-01 clipped=0.000 CFLretries=1905 remaining=00:59:53 ETA=2026-08-03 15:54:12 CEST
step=15000 ft=3.7235/10 CFL=0.5794 CFLnu_step=0.1387 CFLnu_next=0.1387 ustar/Ug=0.04646 divL2=7.209e-04 nu_sgs_max=2.378e+01 Csgs_mean/max=2.120e-01/2.120e-01 clipped=0.000 CFLretries=1924 remaining=00:59:46 ETA=2026-08-03 15:54:22 CEST
step=15100 ft=3.7474/10 CFL=0.6055 CFLnu_step=0.1800 CFLnu_next=0.1800 ustar/Ug=0.04590 divL2=7.524e-04 nu_sgs_max=3.424e+01 Csgs_mean/max=2.120e-01/2.120e-01 clipped=0.000 CFLretries=1940 remaining=00:59:34 ETA=2026-08-03 15:54:25 CEST
step=15200 ft=3.7703/10 CFL=0.6118 CFLnu_step=0.1241 CFLnu_next=0.1241 ustar/Ug=0.04534 divL2=7.332e-04 nu_sgs_max=2.268e+01 Csgs_mean/max=2.120e-01/2.120e-01 clipped=0.000 CFLretries=1951 remaining=00:59:26 ETA=2026-08-03 15:54:33 CEST
step=15300 ft=3.7931/10 CFL=0.7054 CFLnu_step=0.1527 CFLnu_next=0.1527 ustar/Ug=0.04470 divL2=7.903e-04 nu_sgs_max=2.678e+01 Csgs_mean/max=2.120e-01/2.120e-01 clipped=0.000 CFLretries=1966 remaining=00:59:19 ETA=2026-08-03 15:54:43 CEST
step=15400 ft=3.8147/10 CFL=0.6424 CFLnu_step=0.1112 CFLnu_next=0.1112 ustar/Ug=0.04563 divL2=7.275e-04 nu_sgs_max=2.164e+01 Csgs_mean/max=2.120e-01/2.120e-01 clipped=0.000 CFLretries=1981 remaining=00:59:12 ETA=2026-08-03 15:54:51 CEST
step=15500 ft=3.8360/10 CFL=0.6421 CFLnu_step=0.1043 CFLnu_next=0.1043 ustar/Ug=0.04635 divL2=7.848e-04 nu_sgs_max=2.087e+01 Csgs_mean/max=2.120e-01/2.120e-01 clipped=0.000 CFLretries=1997 remaining=00:59:04 ETA=2026-08-03 15:54:58 CEST
[cfl-retry] count=2000 step=15513 candidate=0.9317 limit=0.8800 retry_dt=2.11178s
step=15600 ft=3.8590/10 CFL=0.6344 CFLnu_step=0.2351 CFLnu_next=0.2351 ustar/Ug=0.04725 divL2=7.615e-04 nu_sgs_max=4.273e+01 Csgs_mean/max=2.120e-01/2.120e-01 clipped=0.000 CFLretries=2013 remaining=00:58:53 ETA=2026-08-03 15:55:02 CEST
step=15700 ft=3.8830/10 CFL=0.6756 CFLnu_step=0.1310 CFLnu_next=0.1310 ustar/Ug=0.04791 divL2=7.380e-04 nu_sgs_max=2.081e+01 Csgs_mean/max=2.120e-01/2.120e-01 clipped=0.000 CFLretries=2026 remaining=00:58:40 ETA=2026-08-03 15:55:03 CEST
step=15800 ft=3.9086/10 CFL=0.5524 CFLnu_step=0.1266 CFLnu_next=0.1266 ustar/Ug=0.04765 divL2=7.412e-04 nu_sgs_max=2.138e+01 Csgs_mean/max=2.120e-01/2.120e-01 clipped=0.000 CFLretries=2042 remaining=00:58:26 ETA=2026-08-03 15:55:03 CEST
step=15900 ft=3.9332/10 CFL=0.8076 CFLnu_step=0.3338 CFLnu_next=0.3338 ustar/Ug=0.04689 divL2=7.266e-04 nu_sgs_max=5.652e+01 Csgs_mean/max=2.120e-01/2.120e-01 clipped=0.000 CFLretries=2058 remaining=00:58:12 ETA=2026-08-03 15:55:04 CEST
step=16000 ft=3.9575/10 CFL=0.7459 CFLnu_step=0.2688 CFLnu_next=0.2688 ustar/Ug=0.04651 divL2=7.259e-04 nu_sgs_max=4.430e+01 Csgs_mean/max=2.120e-01/2.120e-01 clipped=0.000 CFLretries=2077 remaining=00:58:00 ETA=2026-08-03 15:55:08 CEST
step=16100 ft=3.9815/10 CFL=0.5883 CFLnu_step=0.1183 CFLnu_next=0.1183 ustar/Ug=0.04572 divL2=7.381e-04 nu_sgs_max=2.560e+01 Csgs_mean/max=2.120e-01/2.120e-01 clipped=0.000 CFLretries=2092 remaining=00:57:47 ETA=2026-08-03 15:55:09 CEST
[cfl-retry] count=2100 step=16159 candidate=0.8915 limit=0.8800 retry_dt=2.40834s
step=16200 ft=4.0057/10 CFL=0.6532 CFLnu_step=0.1809 CFLnu_next=0.1809 ustar/Ug=0.04635 divL2=7.368e-04 nu_sgs_max=3.094e+01 Csgs_mean/max=2.120e-01/2.120e-01 clipped=0.000 CFLretries=2106 remaining=00:57:36 ETA=2026-08-03 15:55:13 CEST
step=16300 ft=4.0300/10 CFL=0.7702 CFLnu_step=0.1710 CFLnu_next=0.1710 ustar/Ug=0.04677 divL2=7.487e-04 nu_sgs_max=2.865e+01 Csgs_mean/max=2.120e-01/2.120e-01 clipped=0.000 CFLretries=2118 remaining=00:57:22 ETA=2026-08-03 15:55:13 CEST
step=16400 ft=4.0555/10 CFL=0.6423 CFLnu_step=0.1861 CFLnu_next=0.1861 ustar/Ug=0.04628 divL2=7.586e-04 nu_sgs_max=3.324e+01 Csgs_mean/max=2.120e-01/2.120e-01 clipped=0.000 CFLretries=2131 remaining=00:57:07 ETA=2026-08-03 15:55:12 CEST
step=16500 ft=4.0780/10 CFL=0.7606 CFLnu_step=0.1399 CFLnu_next=0.1399 ustar/Ug=0.04664 divL2=7.475e-04 nu_sgs_max=2.683e+01 Csgs_mean/max=2.120e-01/2.120e-01 clipped=0.000 CFLretries=2143 remaining=00:56:55 ETA=2026-08-03 15:55:15 CEST
step=16600 ft=4.1009/10 CFL=0.7195 CFLnu_step=0.2081 CFLnu_next=0.2081 ustar/Ug=0.04708 divL2=7.823e-04 nu_sgs_max=3.281e+01 Csgs_mean/max=2.120e-01/2.120e-01 clipped=0.000 CFLretries=2156 remaining=00:56:44 ETA=2026-08-03 15:55:19 CEST
step=16700 ft=4.1258/10 CFL=0.7805 CFLnu_step=0.1271 CFLnu_next=0.1271 ustar/Ug=0.04720 divL2=7.698e-04 nu_sgs_max=2.162e+01 Csgs_mean/max=2.120e-01/2.120e-01 clipped=0.000 CFLretries=2172 remaining=00:56:30 ETA=2026-08-03 15:55:18 CEST
step=16800 ft=4.1488/10 CFL=0.6762 CFLnu_step=0.1504 CFLnu_next=0.1504 ustar/Ug=0.04718 divL2=7.348e-04 nu_sgs_max=2.571e+01 Csgs_mean/max=2.120e-01/2.120e-01 clipped=0.000 CFLretries=2186 remaining=00:56:18 ETA=2026-08-03 15:55:21 CEST
step=16900 ft=4.1717/10 CFL=0.5773 CFLnu_step=0.1337 CFLnu_next=0.1337 ustar/Ug=0.04668 divL2=7.253e-04 nu_sgs_max=2.613e+01 Csgs_mean/max=2.120e-01/2.120e-01 clipped=0.000 CFLretries=2198 remaining=00:56:08 ETA=2026-08-03 15:55:26 CEST
[cfl-retry] count=2200 step=16907 candidate=0.8858 limit=0.8800 retry_dt=2.47689s
step=17000 ft=4.1944/10 CFL=0.5996 CFLnu_step=0.1291 CFLnu_next=0.1291 ustar/Ug=0.04691 divL2=7.598e-04 nu_sgs_max=2.318e+01 Csgs_mean/max=2.120e-01/2.120e-01 clipped=0.000 CFLretries=2213 remaining=00:55:57 ETA=2026-08-03 15:55:29 CEST
step=17100 ft=4.2178/10 CFL=0.8596 CFLnu_step=0.2657 CFLnu_next=0.2657 ustar/Ug=0.04680 divL2=7.223e-04 nu_sgs_max=4.168e+01 Csgs_mean/max=2.120e-01/2.120e-01 clipped=0.000 CFLretries=2226 remaining=00:55:44 ETA=2026-08-03 15:55:31 CEST
step=17200 ft=4.2415/10 CFL=0.8712 CFLnu_step=0.3724 CFLnu_next=0.3724 ustar/Ug=0.04682 divL2=7.168e-04 nu_sgs_max=5.871e+01 Csgs_mean/max=2.120e-01/2.120e-01 clipped=0.000 CFLretries=2238 remaining=00:55:31 ETA=2026-08-03 15:55:33 CEST
step=17300 ft=4.2652/10 CFL=0.5479 CFLnu_step=0.1347 CFLnu_next=0.1347 ustar/Ug=0.04677 divL2=7.252e-04 nu_sgs_max=2.613e+01 Csgs_mean/max=2.120e-01/2.120e-01 clipped=0.000 CFLretries=2247 remaining=00:55:18 ETA=2026-08-03 15:55:33 CEST
step=17400 ft=4.2889/10 CFL=0.6596 CFLnu_step=0.1273 CFLnu_next=0.1273 ustar/Ug=0.04699 divL2=7.321e-04 nu_sgs_max=2.425e+01 Csgs_mean/max=2.120e-01/2.120e-01 clipped=0.000 CFLretries=2262 remaining=00:55:05 ETA=2026-08-03 15:55:34 CEST
step=17500 ft=4.3127/10 CFL=0.5639 CFLnu_step=0.1765 CFLnu_next=0.1765 ustar/Ug=0.04731 divL2=7.083e-04 nu_sgs_max=3.817e+01 Csgs_mean/max=2.120e-01/2.120e-01 clipped=0.000 CFLretries=2276 remaining=00:54:52 ETA=2026-08-03 15:55:36 CEST
step=17600 ft=4.3371/10 CFL=0.7975 CFLnu_step=0.2660 CFLnu_next=0.2660 ustar/Ug=0.04695 divL2=7.277e-04 nu_sgs_max=3.950e+01 Csgs_mean/max=2.120e-01/2.120e-01 clipped=0.000 CFLretries=2284 remaining=00:54:37 ETA=2026-08-03 15:55:35 CEST
step=17700 ft=4.3612/10 CFL=0.5541 CFLnu_step=0.1581 CFLnu_next=0.1581 ustar/Ug=0.04730 divL2=7.171e-04 nu_sgs_max=3.111e+01 Csgs_mean/max=2.120e-01/2.120e-01 clipped=0.000 CFLretries=2293 remaining=00:54:23 ETA=2026-08-03 15:55:34 CEST
[cfl-retry] count=2300 step=17769 candidate=0.9053 limit=0.8800 retry_dt=2.44976s
step=17800 ft=4.3844/10 CFL=0.6784 CFLnu_step=0.2360 CFLnu_next=0.2360 ustar/Ug=0.04749 divL2=7.283e-04 nu_sgs_max=3.685e+01 Csgs_mean/max=2.120e-01/2.120e-01 clipped=0.000 CFLretries=2304 remaining=00:54:10 ETA=2026-08-03 15:55:35 CEST
step=17900 ft=4.4086/10 CFL=0.5996 CFLnu_step=0.2676 CFLnu_next=0.2676 ustar/Ug=0.04776 divL2=7.316e-04 nu_sgs_max=4.885e+01 Csgs_mean/max=2.120e-01/2.120e-01 clipped=0.000 CFLretries=2315 remaining=00:53:56 ETA=2026-08-03 15:55:35 CEST
step=18000 ft=4.4330/10 CFL=0.5537 CFLnu_step=0.1319 CFLnu_next=0.1319 ustar/Ug=0.04754 divL2=7.465e-04 nu_sgs_max=2.357e+01 Csgs_mean/max=2.120e-01/2.120e-01 clipped=0.000 CFLretries=2325 remaining=00:53:41 ETA=2026-08-03 15:55:34 CEST
step=18100 ft=4.4571/10 CFL=0.8193 CFLnu_step=0.2333 CFLnu_next=0.2333 ustar/Ug=0.04712 divL2=7.472e-04 nu_sgs_max=3.483e+01 Csgs_mean/max=2.120e-01/2.120e-01 clipped=0.000 CFLretries=2339 remaining=00:53:28 ETA=2026-08-03 15:55:35 CEST
step=18200 ft=4.4803/10 CFL=0.8112 CFLnu_step=0.1897 CFLnu_next=0.1897 ustar/Ug=0.04674 divL2=8.045e-04 nu_sgs_max=2.985e+01 Csgs_mean/max=2.120e-01/2.120e-01 clipped=0.000 CFLretries=2349 remaining=00:53:15 ETA=2026-08-03 15:55:36 CEST
step=18300 ft=4.5041/10 CFL=0.5641 CFLnu_step=0.1030 CFLnu_next=0.1030 ustar/Ug=0.04643 divL2=7.096e-04 nu_sgs_max=2.106e+01 Csgs_mean/max=2.120e-01/2.120e-01 clipped=0.000 CFLretries=2362 remaining=00:53:02 ETA=2026-08-03 15:55:37 CEST
step=18400 ft=4.5284/10 CFL=0.7341 CFLnu_step=0.3886 CFLnu_next=0.3886 ustar/Ug=0.04628 divL2=7.190e-04 nu_sgs_max=5.926e+01 Csgs_mean/max=2.120e-01/2.120e-01 clipped=0.000 CFLretries=2373 remaining=00:52:47 ETA=2026-08-03 15:55:36 CEST
step=18500 ft=4.5526/10 CFL=0.7711 CFLnu_step=0.1648 CFLnu_next=0.1648 ustar/Ug=0.04601 divL2=7.481e-04 nu_sgs_max=2.662e+01 Csgs_mean/max=2.120e-01/2.120e-01 clipped=0.000 CFLretries=2383 remaining=00:52:33 ETA=2026-08-03 15:55:36 CEST
step=18600 ft=4.5762/10 CFL=0.8604 CFLnu_step=0.2144 CFLnu_next=0.2144 ustar/Ug=0.04585 divL2=7.519e-04 nu_sgs_max=3.410e+01 Csgs_mean/max=2.120e-01/2.120e-01 clipped=0.000 CFLretries=2394 remaining=00:52:20 ETA=2026-08-03 15:55:37 CEST
[cfl-retry] count=2400 step=18641 candidate=1.1131 limit=0.8800 retry_dt=2.17251s
step=18700 ft=4.5989/10 CFL=0.5998 CFLnu_step=0.2442 CFLnu_next=0.2442 ustar/Ug=0.04619 divL2=7.222e-04 nu_sgs_max=5.186e+01 Csgs_mean/max=2.120e-01/2.120e-01 clipped=0.000 CFLretries=2406 remaining=00:52:07 ETA=2026-08-03 15:55:38 CEST
step=18800 ft=4.6217/10 CFL=0.5973 CFLnu_step=0.2257 CFLnu_next=0.2257 ustar/Ug=0.04662 divL2=7.171e-04 nu_sgs_max=4.458e+01 Csgs_mean/max=2.120e-01/2.120e-01 clipped=0.000 CFLretries=2419 remaining=00:51:55 ETA=2026-08-03 15:55:40 CEST
step=18900 ft=4.6432/10 CFL=0.7024 CFLnu_step=0.1300 CFLnu_next=0.1300 ustar/Ug=0.04659 divL2=7.479e-04 nu_sgs_max=2.473e+01 Csgs_mean/max=2.120e-01/2.120e-01 clipped=0.000 CFLretries=2428 remaining=00:51:44 ETA=2026-08-03 15:55:42 CEST
step=19000 ft=4.6643/10 CFL=0.8748 CFLnu_step=0.2615 CFLnu_next=0.2615 ustar/Ug=0.04681 divL2=7.162e-04 nu_sgs_max=4.232e+01 Csgs_mean/max=2.120e-01/2.120e-01 clipped=0.000 CFLretries=2441 remaining=00:51:34 ETA=2026-08-03 15:55:47 CEST
step=19100 ft=4.6864/10 CFL=0.5487 CFLnu_step=0.1875 CFLnu_next=0.1875 ustar/Ug=0.04595 divL2=7.082e-04 nu_sgs_max=4.093e+01 Csgs_mean/max=2.120e-01/2.120e-01 clipped=0.000 CFLretries=2454 remaining=00:51:23 ETA=2026-08-03 15:55:50 CEST
step=19200 ft=4.7082/10 CFL=0.8607 CFLnu_step=0.3286 CFLnu_next=0.3286 ustar/Ug=0.04569 divL2=7.885e-04 nu_sgs_max=5.268e+01 Csgs_mean/max=2.120e-01/2.120e-01 clipped=0.000 CFLretries=2462 remaining=00:51:12 ETA=2026-08-03 15:55:53 CEST
step=19300 ft=4.7290/10 CFL=0.7550 CFLnu_step=0.2534 CFLnu_next=0.2534 ustar/Ug=0.04605 divL2=7.461e-04 nu_sgs_max=5.015e+01 Csgs_mean/max=2.120e-01/2.120e-01 clipped=0.000 CFLretries=2475 remaining=00:51:02 ETA=2026-08-03 15:55:57 CEST
step=19400 ft=4.7489/10 CFL=0.8568 CFLnu_step=0.4252 CFLnu_next=0.4252 ustar/Ug=0.04653 divL2=7.107e-04 nu_sgs_max=8.141e+01 Csgs_mean/max=2.120e-01/2.120e-01 clipped=0.000 CFLretries=2488 remaining=00:50:54 ETA=2026-08-03 15:56:03 CEST
[cfl-retry] count=2500 step=19489 candidate=0.9141 limit=0.8800 retry_dt=2.43969s
step=19500 ft=4.7712/10 CFL=0.6442 CFLnu_step=0.1570 CFLnu_next=0.1570 ustar/Ug=0.04645 divL2=7.381e-04 nu_sgs_max=2.743e+01 Csgs_mean/max=2.120e-01/2.120e-01 clipped=0.000 CFLretries=2500 remaining=00:50:42 ETA=2026-08-03 15:56:05 CEST
step=19600 ft=4.7937/10 CFL=0.7943 CFLnu_step=0.1791 CFLnu_next=0.1791 ustar/Ug=0.04768 divL2=7.124e-04 nu_sgs_max=3.350e+01 Csgs_mean/max=2.120e-01/2.120e-01 clipped=0.000 CFLretries=2515 remaining=00:50:31 ETA=2026-08-03 15:56:09 CEST
step=19700 ft=4.8156/10 CFL=0.5460 CFLnu_step=0.1372 CFLnu_next=0.1372 ustar/Ug=0.04813 divL2=7.191e-04 nu_sgs_max=2.708e+01 Csgs_mean/max=2.120e-01/2.120e-01 clipped=0.000 CFLretries=2524 remaining=00:50:20 ETA=2026-08-03 15:56:12 CEST
step=19800 ft=4.8387/10 CFL=0.7972 CFLnu_step=0.1581 CFLnu_next=0.1581 ustar/Ug=0.04821 divL2=7.273e-04 nu_sgs_max=2.413e+01 Csgs_mean/max=2.120e-01/2.120e-01 clipped=0.000 CFLretries=2536 remaining=00:50:07 ETA=2026-08-03 15:56:13 CEST
step=19900 ft=4.8618/10 CFL=0.5556 CFLnu_step=0.1766 CFLnu_next=0.1766 ustar/Ug=0.04736 divL2=7.027e-04 nu_sgs_max=3.806e+01 Csgs_mean/max=2.120e-01/2.120e-01 clipped=0.000 CFLretries=2549 remaining=00:49:54 ETA=2026-08-03 15:56:15 CEST
step=20000 ft=4.8848/10 CFL=0.6144 CFLnu_step=0.1315 CFLnu_next=0.1315 ustar/Ug=0.04683 divL2=7.522e-04 nu_sgs_max=2.490e+01 Csgs_mean/max=2.120e-01/2.120e-01 clipped=0.000 CFLretries=2562 remaining=00:49:42 ETA=2026-08-03 15:56:16 CEST
step=20100 ft=4.9087/10 CFL=0.5825 CFLnu_step=0.1487 CFLnu_next=0.1487 ustar/Ug=0.04730 divL2=7.368e-04 nu_sgs_max=2.860e+01 Csgs_mean/max=2.120e-01/2.120e-01 clipped=0.000 CFLretries=2575 remaining=00:49:28 ETA=2026-08-03 15:56:17 CEST
step=20200 ft=4.9317/10 CFL=0.6408 CFLnu_step=0.1847 CFLnu_next=0.1847 ustar/Ug=0.04800 divL2=7.085e-04 nu_sgs_max=2.991e+01 Csgs_mean/max=2.120e-01/2.120e-01 clipped=0.000 CFLretries=2589 remaining=00:49:16 ETA=2026-08-03 15:56:20 CEST
step=20300 ft=4.9562/10 CFL=0.5121 CFLnu_step=0.1422 CFLnu_next=0.1422 ustar/Ug=0.04742 divL2=7.072e-04 nu_sgs_max=3.020e+01 Csgs_mean/max=2.120e-01/2.120e-01 clipped=0.000 CFLretries=2599 remaining=00:49:02 ETA=2026-08-03 15:56:19 CEST
[cfl-retry] count=2600 step=20310 candidate=0.9604 limit=0.8800 retry_dt=2.52885s
step=20400 ft=4.9803/10 CFL=0.6309 CFLnu_step=0.2871 CFLnu_next=0.2871 ustar/Ug=0.04624 divL2=7.212e-04 nu_sgs_max=4.720e+01 Csgs_mean/max=2.120e-01/2.120e-01 clipped=0.000 CFLretries=2611 remaining=00:48:48 ETA=2026-08-03 15:56:20 CEST
step=20500 ft=5.0045/10 CFL=0.5738 CFLnu_step=0.1971 CFLnu_next=0.1971 ustar/Ug=0.04627 divL2=7.046e-04 nu_sgs_max=4.050e+01 Csgs_mean/max=2.120e-01/2.120e-01 clipped=0.000 CFLretries=2623 remaining=00:48:34 ETA=2026-08-03 15:56:20 CEST
step=20600 ft=5.0286/10 CFL=0.5804 CFLnu_step=0.2002 CFLnu_next=0.2002 ustar/Ug=0.04730 divL2=7.161e-04 nu_sgs_max=3.416e+01 Csgs_mean/max=2.120e-01/2.120e-01 clipped=0.000 CFLretries=2633 remaining=00:48:20 ETA=2026-08-03 15:56:21 CEST
step=20700 ft=5.0528/10 CFL=0.8783 CFLnu_step=0.1601 CFLnu_next=0.1601 ustar/Ug=0.04751 divL2=7.326e-04 nu_sgs_max=2.459e+01 Csgs_mean/max=2.120e-01/2.120e-01 clipped=0.000 CFLretries=2643 remaining=00:48:07 ETA=2026-08-03 15:56:23 CEST
step=20800 ft=5.0763/10 CFL=0.5593 CFLnu_step=0.1390 CFLnu_next=0.1390 ustar/Ug=0.04757 divL2=7.013e-04 nu_sgs_max=2.869e+01 Csgs_mean/max=2.120e-01/2.120e-01 clipped=0.000 CFLretries=2651 remaining=00:47:54 ETA=2026-08-03 15:56:24 CEST
step=20900 ft=5.1006/10 CFL=0.8095 CFLnu_step=0.2939 CFLnu_next=0.2939 ustar/Ug=0.04721 divL2=7.106e-04 nu_sgs_max=4.980e+01 Csgs_mean/max=2.120e-01/2.120e-01 clipped=0.000 CFLretries=2665 remaining=00:47:40 ETA=2026-08-03 15:56:25 CEST
step=21000 ft=5.1241/10 CFL=0.8474 CFLnu_step=0.2399 CFLnu_next=0.2399 ustar/Ug=0.04693 divL2=7.124e-04 nu_sgs_max=3.753e+01 Csgs_mean/max=2.120e-01/2.120e-01 clipped=0.000 CFLretries=2680 remaining=00:47:28 ETA=2026-08-03 15:56:29 CEST
step=21100 ft=5.1485/10 CFL=0.7266 CFLnu_step=0.2239 CFLnu_next=0.2239 ustar/Ug=0.04709 divL2=7.286e-04 nu_sgs_max=3.243e+01 Csgs_mean/max=2.120e-01/2.120e-01 clipped=0.000 CFLretries=2691 remaining=00:47:16 ETA=2026-08-03 15:56:32 CEST
[cfl-retry] count=2700 step=21191 candidate=0.8931 limit=0.8800 retry_dt=2.66571s
step=21200 ft=5.1723/10 CFL=0.8248 CFLnu_step=0.1777 CFLnu_next=0.1777 ustar/Ug=0.04727 divL2=7.258e-04 nu_sgs_max=2.916e+01 Csgs_mean/max=2.120e-01/2.120e-01 clipped=0.000 CFLretries=2701 remaining=00:47:02 ETA=2026-08-03 15:56:33 CEST
step=21300 ft=5.1954/10 CFL=0.6421 CFLnu_step=0.1481 CFLnu_next=0.1481 ustar/Ug=0.04734 divL2=7.217e-04 nu_sgs_max=2.956e+01 Csgs_mean/max=2.120e-01/2.120e-01 clipped=0.000 CFLretries=2713 remaining=00:46:50 ETA=2026-08-03 15:56:35 CEST
step=21400 ft=5.2186/10 CFL=0.5188 CFLnu_step=0.1834 CFLnu_next=0.1834 ustar/Ug=0.04718 divL2=6.969e-04 nu_sgs_max=3.441e+01 Csgs_mean/max=2.120e-01/2.120e-01 clipped=0.000 CFLretries=2725 remaining=00:46:37 ETA=2026-08-03 15:56:36 CEST
step=21500 ft=5.2422/10 CFL=0.7800 CFLnu_step=0.3951 CFLnu_next=0.3951 ustar/Ug=0.04650 divL2=7.038e-04 nu_sgs_max=5.783e+01 Csgs_mean/max=2.120e-01/2.120e-01 clipped=0.000 CFLretries=2732 remaining=00:46:23 ETA=2026-08-03 15:56:36 CEST
step=21600 ft=5.2666/10 CFL=0.8067 CFLnu_step=0.3448 CFLnu_next=0.3448 ustar/Ug=0.04619 divL2=7.060e-04 nu_sgs_max=5.609e+01 Csgs_mean/max=2.120e-01/2.120e-01 clipped=0.000 CFLretries=2743 remaining=00:46:09 ETA=2026-08-03 15:56:36 CEST
step=21700 ft=5.2914/10 CFL=0.7528 CFLnu_step=0.2938 CFLnu_next=0.2938 ustar/Ug=0.04572 divL2=7.345e-04 nu_sgs_max=4.308e+01 Csgs_mean/max=2.120e-01/2.120e-01 clipped=0.000 CFLretries=2755 remaining=00:45:54 ETA=2026-08-03 15:56:36 CEST
step=21800 ft=5.3156/10 CFL=0.8349 CFLnu_step=0.1973 CFLnu_next=0.1973 ustar/Ug=0.04566 divL2=7.236e-04 nu_sgs_max=2.958e+01 Csgs_mean/max=2.120e-01/2.120e-01 clipped=0.000 CFLretries=2770 remaining=00:45:40 ETA=2026-08-03 15:56:37 CEST
step=21900 ft=5.3392/10 CFL=0.7785 CFLnu_step=0.2362 CFLnu_next=0.2362 ustar/Ug=0.04582 divL2=7.217e-04 nu_sgs_max=3.995e+01 Csgs_mean/max=2.120e-01/2.120e-01 clipped=0.000 CFLretries=2786 remaining=00:45:28 ETA=2026-08-03 15:56:39 CEST
step=22000 ft=5.3635/10 CFL=0.6123 CFLnu_step=0.1372 CFLnu_next=0.1372 ustar/Ug=0.04560 divL2=7.090e-04 nu_sgs_max=2.499e+01 Csgs_mean/max=2.120e-01/2.120e-01 clipped=0.000 CFLretries=2795 remaining=00:45:14 ETA=2026-08-03 15:56:40 CEST
[cfl-retry] count=2800 step=22042 candidate=0.9133 limit=0.8800 retry_dt=2.79264s
step=22100 ft=5.3879/10 CFL=0.4861 CFLnu_step=0.1341 CFLnu_next=0.1341 ustar/Ug=0.04595 divL2=7.068e-04 nu_sgs_max=2.709e+01 Csgs_mean/max=2.120e-01/2.120e-01 clipped=0.000 CFLretries=2807 remaining=00:44:59 ETA=2026-08-03 15:56:40 CEST
step=22200 ft=5.4116/10 CFL=0.5718 CFLnu_step=0.2039 CFLnu_next=0.2039 ustar/Ug=0.04613 divL2=7.556e-04 nu_sgs_max=3.480e+01 Csgs_mean/max=2.120e-01/2.120e-01 clipped=0.000 CFLretries=2815 remaining=00:44:46 ETA=2026-08-03 15:56:40 CEST
step=22300 ft=5.4348/10 CFL=0.6947 CFLnu_step=0.2033 CFLnu_next=0.2033 ustar/Ug=0.04657 divL2=7.079e-04 nu_sgs_max=3.245e+01 Csgs_mean/max=2.120e-01/2.120e-01 clipped=0.000 CFLretries=2825 remaining=00:44:33 ETA=2026-08-03 15:56:41 CEST
step=22400 ft=5.4576/10 CFL=0.7783 CFLnu_step=0.2653 CFLnu_next=0.2653 ustar/Ug=0.04674 divL2=7.066e-04 nu_sgs_max=4.462e+01 Csgs_mean/max=2.120e-01/2.120e-01 clipped=0.000 CFLretries=2834 remaining=00:44:20 ETA=2026-08-03 15:56:43 CEST
step=22500 ft=5.4795/10 CFL=0.8381 CFLnu_step=0.3430 CFLnu_next=0.3430 ustar/Ug=0.04655 divL2=7.175e-04 nu_sgs_max=5.692e+01 Csgs_mean/max=2.120e-01/2.120e-01 clipped=0.000 CFLretries=2849 remaining=00:44:09 ETA=2026-08-03 15:56:46 CEST
step=22600 ft=5.5017/10 CFL=0.5444 CFLnu_step=0.1361 CFLnu_next=0.1361 ustar/Ug=0.04708 divL2=7.338e-04 nu_sgs_max=2.719e+01 Csgs_mean/max=2.120e-01/2.120e-01 clipped=0.000 CFLretries=2861 remaining=00:43:57 ETA=2026-08-03 15:56:49 CEST
step=22700 ft=5.5238/10 CFL=0.8020 CFLnu_step=0.1889 CFLnu_next=0.1889 ustar/Ug=0.04743 divL2=7.226e-04 nu_sgs_max=2.976e+01 Csgs_mean/max=2.120e-01/2.120e-01 clipped=0.000 CFLretries=2873 remaining=00:43:45 ETA=2026-08-03 15:56:52 CEST
step=22800 ft=5.5462/10 CFL=0.7732 CFLnu_step=0.2479 CFLnu_next=0.2479 ustar/Ug=0.04747 divL2=7.078e-04 nu_sgs_max=4.606e+01 Csgs_mean/max=2.120e-01/2.120e-01 clipped=0.000 CFLretries=2885 remaining=00:43:33 ETA=2026-08-03 15:56:55 CEST
step=22900 ft=5.5694/10 CFL=0.5228 CFLnu_step=0.1152 CFLnu_next=0.1152 ustar/Ug=0.04724 divL2=7.046e-04 nu_sgs_max=2.233e+01 Csgs_mean/max=2.120e-01/2.120e-01 clipped=0.000 CFLretries=2897 remaining=00:43:21 ETA=2026-08-03 15:56:56 CEST
[cfl-retry] count=2900 step=22907 candidate=0.9721 limit=0.8800 retry_dt=2.52325s
step=23000 ft=5.5940/10 CFL=0.8060 CFLnu_step=0.2554 CFLnu_next=0.2554 ustar/Ug=0.04773 divL2=6.989e-04 nu_sgs_max=3.700e+01 Csgs_mean/max=2.120e-01/2.120e-01 clipped=0.000 CFLretries=2910 remaining=00:43:07 ETA=2026-08-03 15:56:57 CEST
step=23100 ft=5.6195/10 CFL=0.4975 CFLnu_step=0.0902 CFLnu_next=0.0902 ustar/Ug=0.04765 divL2=6.999e-04 nu_sgs_max=1.815e+01 Csgs_mean/max=2.120e-01/2.120e-01 clipped=0.000 CFLretries=2923 remaining=00:42:51 ETA=2026-08-03 15:56:57 CEST
step=23200 ft=5.6472/10 CFL=0.7615 CFLnu_step=0.1655 CFLnu_next=0.1655 ustar/Ug=0.04714 divL2=7.062e-04 nu_sgs_max=2.327e+01 Csgs_mean/max=2.120e-01/2.120e-01 clipped=0.000 CFLretries=2938 remaining=00:42:34 ETA=2026-08-03 15:56:55 CEST
step=23300 ft=5.6728/10 CFL=0.8396 CFLnu_step=0.2187 CFLnu_next=0.2187 ustar/Ug=0.04626 divL2=7.092e-04 nu_sgs_max=3.646e+01 Csgs_mean/max=2.120e-01/2.120e-01 clipped=0.000 CFLretries=2951 remaining=00:42:19 ETA=2026-08-03 15:56:54 CEST
step=23400 ft=5.6978/10 CFL=0.8354 CFLnu_step=0.2054 CFLnu_next=0.2054 ustar/Ug=0.04630 divL2=7.162e-04 nu_sgs_max=3.040e+01 Csgs_mean/max=2.120e-01/2.120e-01 clipped=0.000 CFLretries=2966 remaining=00:42:05 ETA=2026-08-03 15:56:55 CEST
step=23500 ft=5.7211/10 CFL=0.8020 CFLnu_step=0.2675 CFLnu_next=0.2675 ustar/Ug=0.04616 divL2=7.767e-04 nu_sgs_max=4.583e+01 Csgs_mean/max=2.120e-01/2.120e-01 clipped=0.000 CFLretries=2981 remaining=00:41:52 ETA=2026-08-03 15:56:58 CEST
step=23600 ft=5.7431/10 CFL=0.7757 CFLnu_step=0.2404 CFLnu_next=0.2404 ustar/Ug=0.04617 divL2=7.415e-04 nu_sgs_max=3.912e+01 Csgs_mean/max=2.120e-01/2.120e-01 clipped=0.000 CFLretries=2993 remaining=00:41:41 ETA=2026-08-03 15:57:01 CEST
[cfl-retry] count=3000 step=23638 candidate=0.9930 limit=0.8800 retry_dt=2.12723s
step=23700 ft=5.7670/10 CFL=0.8572 CFLnu_step=0.3324 CFLnu_next=0.3324 ustar/Ug=0.04673 divL2=7.133e-04 nu_sgs_max=4.384e+01 Csgs_mean/max=2.120e-01/2.120e-01 clipped=0.000 CFLretries=3008 remaining=00:41:27 ETA=2026-08-03 15:57:03 CEST
step=23800 ft=5.7941/10 CFL=0.4815 CFLnu_step=0.1118 CFLnu_next=0.1118 ustar/Ug=0.04607 divL2=6.966e-04 nu_sgs_max=1.926e+01 Csgs_mean/max=2.120e-01/2.120e-01 clipped=0.000 CFLretries=3022 remaining=00:41:11 ETA=2026-08-03 15:57:01 CEST
step=23900 ft=5.8204/10 CFL=0.8544 CFLnu_step=0.2453 CFLnu_next=0.2453 ustar/Ug=0.04558 divL2=8.775e-04 nu_sgs_max=3.456e+01 Csgs_mean/max=2.120e-01/2.120e-01 clipped=0.000 CFLretries=3039 remaining=00:40:55 ETA=2026-08-03 15:57:01 CEST
step=24000 ft=5.8442/10 CFL=0.7864 CFLnu_step=0.1452 CFLnu_next=0.1452 ustar/Ug=0.04570 divL2=7.397e-04 nu_sgs_max=2.494e+01 Csgs_mean/max=2.120e-01/2.120e-01 clipped=0.000 CFLretries=3053 remaining=00:40:42 ETA=2026-08-03 15:57:02 CEST
step=24100 ft=5.8663/10 CFL=0.5936 CFLnu_step=0.1482 CFLnu_next=0.1482 ustar/Ug=0.04679 divL2=7.131e-04 nu_sgs_max=2.777e+01 Csgs_mean/max=2.120e-01/2.120e-01 clipped=0.000 CFLretries=3067 remaining=00:40:30 ETA=2026-08-03 15:57:05 CEST
step=24200 ft=5.8920/10 CFL=0.6392 CFLnu_step=0.2014 CFLnu_next=0.2014 ustar/Ug=0.04709 divL2=7.161e-04 nu_sgs_max=3.600e+01 Csgs_mean/max=2.120e-01/2.120e-01 clipped=0.000 CFLretries=3079 remaining=00:40:15 ETA=2026-08-03 15:57:05 CEST
step=24300 ft=5.9163/10 CFL=0.6512 CFLnu_step=0.1354 CFLnu_next=0.1354 ustar/Ug=0.04629 divL2=7.104e-04 nu_sgs_max=2.415e+01 Csgs_mean/max=2.120e-01/2.120e-01 clipped=0.000 CFLretries=3095 remaining=00:40:01 ETA=2026-08-03 15:57:07 CEST
[cfl-retry] count=3100 step=24326 candidate=0.8862 limit=0.8800 retry_dt=3.02516s
step=24400 ft=5.9425/10 CFL=0.5949 CFLnu_step=0.1450 CFLnu_next=0.1450 ustar/Ug=0.04618 divL2=6.985e-04 nu_sgs_max=2.419e+01 Csgs_mean/max=2.120e-01/2.120e-01 clipped=0.000 CFLretries=3108 remaining=00:39:45 ETA=2026-08-03 15:57:05 CEST
step=24500 ft=5.9691/10 CFL=0.7851 CFLnu_step=0.1606 CFLnu_next=0.1606 ustar/Ug=0.04638 divL2=7.040e-04 nu_sgs_max=2.622e+01 Csgs_mean/max=2.120e-01/2.120e-01 clipped=0.000 CFLretries=3121 remaining=00:39:29 ETA=2026-08-03 15:57:03 CEST
step=24600 ft=5.9957/10 CFL=0.6078 CFLnu_step=0.1288 CFLnu_next=0.1288 ustar/Ug=0.04603 divL2=6.925e-04 nu_sgs_max=2.151e+01 Csgs_mean/max=2.120e-01/2.120e-01 clipped=0.000 CFLretries=3134 remaining=00:39:12 ETA=2026-08-03 15:57:01 CEST
step=24700 ft=6.0227/10 CFL=0.5617 CFLnu_step=0.1552 CFLnu_next=0.1552 ustar/Ug=0.04545 divL2=7.022e-04 nu_sgs_max=3.039e+01 Csgs_mean/max=2.120e-01/2.120e-01 clipped=0.000 CFLretries=3147 remaining=00:38:56 ETA=2026-08-03 15:56:59 CEST
step=24800 ft=6.0497/10 CFL=0.5369 CFLnu_step=0.1831 CFLnu_next=0.1831 ustar/Ug=0.04477 divL2=7.044e-04 nu_sgs_max=2.934e+01 Csgs_mean/max=2.120e-01/2.120e-01 clipped=0.000 CFLretries=3158 remaining=00:38:39 ETA=2026-08-03 15:56:57 CEST
step=24900 ft=6.0753/10 CFL=0.7275 CFLnu_step=0.1977 CFLnu_next=0.1977 ustar/Ug=0.04486 divL2=6.950e-04 nu_sgs_max=3.294e+01 Csgs_mean/max=2.120e-01/2.120e-01 clipped=0.000 CFLretries=3167 remaining=00:38:23 ETA=2026-08-03 15:56:56 CEST
step=25000 ft=6.1006/10 CFL=0.7002 CFLnu_step=0.1688 CFLnu_next=0.1688 ustar/Ug=0.04525 divL2=6.967e-04 nu_sgs_max=2.703e+01 Csgs_mean/max=2.120e-01/2.120e-01 clipped=0.000 CFLretries=3181 remaining=00:38:08 ETA=2026-08-03 15:56:55 CEST
step=25100 ft=6.1263/10 CFL=0.5563 CFLnu_step=0.1113 CFLnu_next=0.1113 ustar/Ug=0.04543 divL2=7.222e-04 nu_sgs_max=2.040e+01 Csgs_mean/max=2.120e-01/2.120e-01 clipped=0.000 CFLretries=3193 remaining=00:37:53 ETA=2026-08-03 15:56:55 CEST
[cfl-retry] count=3200 step=25148 candidate=0.8902 limit=0.8800 retry_dt=3.00278s
step=25200 ft=6.1529/10 CFL=0.5989 CFLnu_step=0.1438 CFLnu_next=0.1438 ustar/Ug=0.04535 divL2=6.900e-04 nu_sgs_max=2.785e+01 Csgs_mean/max=2.120e-01/2.120e-01 clipped=0.000 CFLretries=3205 remaining=00:37:37 ETA=2026-08-03 15:56:52 CEST
step=25300 ft=6.1777/10 CFL=0.5853 CFLnu_step=0.1200 CFLnu_next=0.1200 ustar/Ug=0.04467 divL2=7.352e-04 nu_sgs_max=2.321e+01 Csgs_mean/max=2.120e-01/2.120e-01 clipped=0.000 CFLretries=3217 remaining=00:37:22 ETA=2026-08-03 15:56:52 CEST
step=25400 ft=6.2016/10 CFL=0.6669 CFLnu_step=0.2237 CFLnu_next=0.2237 ustar/Ug=0.04491 divL2=6.941e-04 nu_sgs_max=3.166e+01 Csgs_mean/max=2.120e-01/2.120e-01 clipped=0.000 CFLretries=3229 remaining=00:37:08 ETA=2026-08-03 15:56:53 CEST
step=25500 ft=6.2277/10 CFL=0.6408 CFLnu_step=0.1354 CFLnu_next=0.1354 ustar/Ug=0.04554 divL2=6.955e-04 nu_sgs_max=2.052e+01 Csgs_mean/max=2.120e-01/2.120e-01 clipped=0.000 CFLretries=3240 remaining=00:36:53 ETA=2026-08-03 15:56:54 CEST
step=25600 ft=6.2531/10 CFL=0.5581 CFLnu_step=0.1258 CFLnu_next=0.1258 ustar/Ug=0.04498 divL2=6.839e-04 nu_sgs_max=2.338e+01 Csgs_mean/max=2.120e-01/2.120e-01 clipped=0.000 CFLretries=3247 remaining=00:36:38 ETA=2026-08-03 15:56:53 CEST
step=25700 ft=6.2788/10 CFL=0.8075 CFLnu_step=0.3020 CFLnu_next=0.3020 ustar/Ug=0.04505 divL2=7.000e-04 nu_sgs_max=4.320e+01 Csgs_mean/max=2.120e-01/2.120e-01 clipped=0.000 CFLretries=3259 remaining=00:36:23 ETA=2026-08-03 15:56:52 CEST
step=25800 ft=6.3042/10 CFL=0.6203 CFLnu_step=0.1474 CFLnu_next=0.1474 ustar/Ug=0.04562 divL2=7.095e-04 nu_sgs_max=2.686e+01 Csgs_mean/max=2.120e-01/2.120e-01 clipped=0.000 CFLretries=3271 remaining=00:36:08 ETA=2026-08-03 15:56:52 CEST
step=25900 ft=6.3282/10 CFL=0.7113 CFLnu_step=0.2532 CFLnu_next=0.2532 ustar/Ug=0.04612 divL2=6.965e-04 nu_sgs_max=3.764e+01 Csgs_mean/max=2.120e-01/2.120e-01 clipped=0.000 CFLretries=3281 remaining=00:35:54 ETA=2026-08-03 15:56:53 CEST
step=26000 ft=6.3526/10 CFL=0.5791 CFLnu_step=0.2864 CFLnu_next=0.2864 ustar/Ug=0.04563 divL2=7.019e-04 nu_sgs_max=5.319e+01 Csgs_mean/max=2.120e-01/2.120e-01 clipped=0.000 CFLretries=3291 remaining=00:35:40 ETA=2026-08-03 15:56:53 CEST
[cfl-retry] count=3300 step=26079 candidate=0.9585 limit=0.8800 retry_dt=2.39607s
step=26100 ft=6.3759/10 CFL=0.8481 CFLnu_step=0.1150 CFLnu_next=0.1150 ustar/Ug=0.04555 divL2=7.112e-04 nu_sgs_max=1.931e+01 Csgs_mean/max=2.120e-01/2.120e-01 clipped=0.000 CFLretries=3301 remaining=00:35:26 ETA=2026-08-03 15:56:53 CEST
step=26200 ft=6.3992/10 CFL=0.7366 CFLnu_step=0.2147 CFLnu_next=0.2147 ustar/Ug=0.04510 divL2=7.161e-04 nu_sgs_max=3.443e+01 Csgs_mean/max=2.120e-01/2.120e-01 clipped=0.000 CFLretries=3315 remaining=00:35:13 ETA=2026-08-03 15:56:54 CEST
step=26300 ft=6.4221/10 CFL=0.6419 CFLnu_step=0.1867 CFLnu_next=0.1867 ustar/Ug=0.04508 divL2=6.858e-04 nu_sgs_max=3.120e+01 Csgs_mean/max=2.120e-01/2.120e-01 clipped=0.000 CFLretries=3329 remaining=00:35:00 ETA=2026-08-03 15:56:56 CEST
step=26400 ft=6.4472/10 CFL=0.5695 CFLnu_step=0.0931 CFLnu_next=0.0931 ustar/Ug=0.04488 divL2=6.885e-04 nu_sgs_max=1.672e+01 Csgs_mean/max=2.120e-01/2.120e-01 clipped=0.000 CFLretries=3341 remaining=00:34:46 ETA=2026-08-03 15:56:57 CEST
step=26500 ft=6.4714/10 CFL=0.7694 CFLnu_step=0.2053 CFLnu_next=0.2053 ustar/Ug=0.04551 divL2=6.997e-04 nu_sgs_max=3.103e+01 Csgs_mean/max=2.120e-01/2.120e-01 clipped=0.000 CFLretries=3353 remaining=00:34:31 ETA=2026-08-03 15:56:57 CEST
step=26600 ft=6.4947/10 CFL=0.6191 CFLnu_step=0.1424 CFLnu_next=0.1424 ustar/Ug=0.04586 divL2=7.017e-04 nu_sgs_max=2.556e+01 Csgs_mean/max=2.120e-01/2.120e-01 clipped=0.000 CFLretries=3369 remaining=00:34:18 ETA=2026-08-03 15:56:59 CEST
step=26700 ft=6.5201/10 CFL=0.6204 CFLnu_step=0.1285 CFLnu_next=0.1285 ustar/Ug=0.04599 divL2=6.951e-04 nu_sgs_max=2.142e+01 Csgs_mean/max=2.120e-01/2.120e-01 clipped=0.000 CFLretries=3383 remaining=00:34:03 ETA=2026-08-03 15:56:58 CEST
step=26800 ft=6.5469/10 CFL=0.7698 CFLnu_step=0.1932 CFLnu_next=0.1932 ustar/Ug=0.04590 divL2=9.220e-04 nu_sgs_max=3.016e+01 Csgs_mean/max=2.120e-01/2.120e-01 clipped=0.000 CFLretries=3398 remaining=00:33:47 ETA=2026-08-03 15:56:57 CEST
[cfl-retry] count=3400 step=26809 candidate=0.9536 limit=0.8800 retry_dt=2.37111s
step=26900 ft=6.5706/10 CFL=0.6311 CFLnu_step=0.1196 CFLnu_next=0.1196 ustar/Ug=0.04784 divL2=6.851e-04 nu_sgs_max=2.210e+01 Csgs_mean/max=2.120e-01/2.120e-01 clipped=0.000 CFLretries=3416 remaining=00:33:34 ETA=2026-08-03 15:56:59 CEST
step=27000 ft=6.5973/10 CFL=0.7822 CFLnu_step=0.1368 CFLnu_next=0.1368 ustar/Ug=0.04726 divL2=7.108e-04 nu_sgs_max=2.149e+01 Csgs_mean/max=2.120e-01/2.120e-01 clipped=0.000 CFLretries=3428 remaining=00:33:18 ETA=2026-08-03 15:56:57 CEST
step=27100 ft=6.6237/10 CFL=0.6105 CFLnu_step=0.1616 CFLnu_next=0.1616 ustar/Ug=0.04664 divL2=6.849e-04 nu_sgs_max=2.797e+01 Csgs_mean/max=2.120e-01/2.120e-01 clipped=0.000 CFLretries=3444 remaining=00:33:02 ETA=2026-08-03 15:56:56 CEST
step=27200 ft=6.6499/10 CFL=0.6076 CFLnu_step=0.1306 CFLnu_next=0.1306 ustar/Ug=0.04657 divL2=6.921e-04 nu_sgs_max=2.129e+01 Csgs_mean/max=2.120e-01/2.120e-01 clipped=0.000 CFLretries=3456 remaining=00:32:46 ETA=2026-08-03 15:56:55 CEST
step=27300 ft=6.6764/10 CFL=0.7793 CFLnu_step=0.2092 CFLnu_next=0.2092 ustar/Ug=0.04658 divL2=7.102e-04 nu_sgs_max=2.783e+01 Csgs_mean/max=2.120e-01/2.120e-01 clipped=0.000 CFLretries=3467 remaining=00:32:30 ETA=2026-08-03 15:56:53 CEST
step=27400 ft=6.7011/10 CFL=0.7755 CFLnu_step=0.2268 CFLnu_next=0.2268 ustar/Ug=0.04579 divL2=6.838e-04 nu_sgs_max=3.905e+01 Csgs_mean/max=2.120e-01/2.120e-01 clipped=0.000 CFLretries=3480 remaining=00:32:15 ETA=2026-08-03 15:56:53 CEST
step=27500 ft=6.7274/10 CFL=0.5789 CFLnu_step=0.1785 CFLnu_next=0.1785 ustar/Ug=0.04557 divL2=6.815e-04 nu_sgs_max=3.131e+01 Csgs_mean/max=2.120e-01/2.120e-01 clipped=0.000 CFLretries=3494 remaining=00:31:59 ETA=2026-08-03 15:56:52 CEST
[cfl-retry] count=3500 step=27563 candidate=1.0214 limit=0.8800 retry_dt=2.44827s
step=27600 ft=6.7542/10 CFL=0.7778 CFLnu_step=0.2106 CFLnu_next=0.2106 ustar/Ug=0.04546 divL2=7.363e-04 nu_sgs_max=3.285e+01 Csgs_mean/max=2.120e-01/2.120e-01 clipped=0.000 CFLretries=3505 remaining=00:31:43 ETA=2026-08-03 15:56:49 CEST
step=27700 ft=6.7790/10 CFL=0.6326 CFLnu_step=0.1297 CFLnu_next=0.1297 ustar/Ug=0.04565 divL2=6.795e-04 nu_sgs_max=2.165e+01 Csgs_mean/max=2.120e-01/2.120e-01 clipped=0.000 CFLretries=3519 remaining=00:31:29 ETA=2026-08-03 15:56:50 CEST
step=27800 ft=6.8050/10 CFL=0.7469 CFLnu_step=0.1795 CFLnu_next=0.1795 ustar/Ug=0.04591 divL2=6.818e-04 nu_sgs_max=2.618e+01 Csgs_mean/max=2.120e-01/2.120e-01 clipped=0.000 CFLretries=3532 remaining=00:31:13 ETA=2026-08-03 15:56:49 CEST
step=27900 ft=6.8318/10 CFL=0.7832 CFLnu_step=0.1453 CFLnu_next=0.1453 ustar/Ug=0.04515 divL2=6.783e-04 nu_sgs_max=2.264e+01 Csgs_mean/max=2.120e-01/2.120e-01 clipped=0.000 CFLretries=3543 remaining=00:30:57 ETA=2026-08-03 15:56:47 CEST
step=28000 ft=6.8586/10 CFL=0.5473 CFLnu_step=0.1825 CFLnu_next=0.1825 ustar/Ug=0.04471 divL2=6.707e-04 nu_sgs_max=2.980e+01 Csgs_mean/max=2.120e-01/2.120e-01 clipped=0.000 CFLretries=3553 remaining=00:30:40 ETA=2026-08-03 15:56:46 CEST
step=28100 ft=6.8845/10 CFL=0.7554 CFLnu_step=0.3092 CFLnu_next=0.3092 ustar/Ug=0.04445 divL2=6.927e-04 nu_sgs_max=4.757e+01 Csgs_mean/max=2.120e-01/2.120e-01 clipped=0.000 CFLretries=3565 remaining=00:30:25 ETA=2026-08-03 15:56:44 CEST
step=28200 ft=6.9098/10 CFL=0.5752 CFLnu_step=0.1747 CFLnu_next=0.1747 ustar/Ug=0.04508 divL2=6.757e-04 nu_sgs_max=3.069e+01 Csgs_mean/max=2.120e-01/2.120e-01 clipped=0.000 CFLretries=3572 remaining=00:30:10 ETA=2026-08-03 15:56:43 CEST
step=28300 ft=6.9360/10 CFL=0.7995 CFLnu_step=0.1132 CFLnu_next=0.1132 ustar/Ug=0.04503 divL2=6.801e-04 nu_sgs_max=1.945e+01 Csgs_mean/max=2.120e-01/2.120e-01 clipped=0.000 CFLretries=3585 remaining=00:29:54 ETA=2026-08-03 15:56:41 CEST
step=28400 ft=6.9599/10 CFL=0.5259 CFLnu_step=0.1684 CFLnu_next=0.1684 ustar/Ug=0.04548 divL2=6.741e-04 nu_sgs_max=3.107e+01 Csgs_mean/max=2.120e-01/2.120e-01 clipped=0.000 CFLretries=3598 remaining=00:29:40 ETA=2026-08-03 15:56:42 CEST
[cfl-retry] count=3600 step=28407 candidate=0.8810 limit=0.8800 retry_dt=2.60492s
step=28500 ft=6.9846/10 CFL=0.8482 CFLnu_step=0.3513 CFLnu_next=0.3513 ustar/Ug=0.04579 divL2=6.866e-04 nu_sgs_max=5.124e+01 Csgs_mean/max=2.120e-01/2.120e-01 clipped=0.000 CFLretries=3611 remaining=00:29:26 ETA=2026-08-03 15:56:42 CEST
step=28600 ft=7.0093/10 CFL=0.5238 CFLnu_step=0.0914 CFLnu_next=0.0914 ustar/Ug=0.04589 divL2=6.754e-04 nu_sgs_max=1.612e+01 Csgs_mean/max=2.120e-01/2.120e-01 clipped=0.000 CFLretries=3624 remaining=00:29:11 ETA=2026-08-03 15:56:42 CEST
step=28700 ft=7.0350/10 CFL=0.5711 CFLnu_step=0.2375 CFLnu_next=0.2375 ustar/Ug=0.04489 divL2=6.864e-04 nu_sgs_max=3.843e+01 Csgs_mean/max=2.120e-01/2.120e-01 clipped=0.000 CFLretries=3637 remaining=00:28:56 ETA=2026-08-03 15:56:42 CEST
step=28800 ft=7.0618/10 CFL=0.7768 CFLnu_step=0.1871 CFLnu_next=0.1871 ustar/Ug=0.04458 divL2=6.880e-04 nu_sgs_max=2.828e+01 Csgs_mean/max=2.120e-01/2.120e-01 clipped=0.000 CFLretries=3651 remaining=00:28:40 ETA=2026-08-03 15:56:41 CEST
step=28900 ft=7.0871/10 CFL=0.5866 CFLnu_step=0.1418 CFLnu_next=0.1418 ustar/Ug=0.04477 divL2=6.693e-04 nu_sgs_max=2.626e+01 Csgs_mean/max=2.120e-01/2.120e-01 clipped=0.000 CFLretries=3661 remaining=00:28:25 ETA=2026-08-03 15:56:41 CEST
step=29000 ft=7.1142/10 CFL=0.8668 CFLnu_step=0.2565 CFLnu_next=0.2565 ustar/Ug=0.04459 divL2=7.121e-04 nu_sgs_max=3.437e+01 Csgs_mean/max=2.120e-01/2.120e-01 clipped=0.000 CFLretries=3676 remaining=00:28:09 ETA=2026-08-03 15:56:40 CEST
step=29100 ft=7.1398/10 CFL=0.7911 CFLnu_step=0.4187 CFLnu_next=0.4187 ustar/Ug=0.04436 divL2=6.727e-04 nu_sgs_max=5.887e+01 Csgs_mean/max=2.120e-01/2.120e-01 clipped=0.000 CFLretries=3686 remaining=00:27:54 ETA=2026-08-03 15:56:39 CEST
step=29200 ft=7.1664/10 CFL=0.5945 CFLnu_step=0.1740 CFLnu_next=0.1740 ustar/Ug=0.04414 divL2=6.711e-04 nu_sgs_max=3.161e+01 Csgs_mean/max=2.120e-01/2.120e-01 clipped=0.000 CFLretries=3697 remaining=00:27:38 ETA=2026-08-03 15:56:38 CEST
[cfl-retry] count=3700 step=29228 candidate=0.8952 limit=0.8800 retry_dt=3.05166s
step=29300 ft=7.1933/10 CFL=0.5825 CFLnu_step=0.1327 CFLnu_next=0.1327 ustar/Ug=0.04376 divL2=6.921e-04 nu_sgs_max=2.127e+01 Csgs_mean/max=2.120e-01/2.120e-01 clipped=0.000 CFLretries=3707 remaining=00:27:22 ETA=2026-08-03 15:56:36 CEST
step=29400 ft=7.2193/10 CFL=0.5634 CFLnu_step=0.1143 CFLnu_next=0.1143 ustar/Ug=0.04284 divL2=7.085e-04 nu_sgs_max=1.917e+01 Csgs_mean/max=2.120e-01/2.120e-01 clipped=0.000 CFLretries=3719 remaining=00:27:06 ETA=2026-08-03 15:56:35 CEST
step=29500 ft=7.2426/10 CFL=0.5899 CFLnu_step=0.2211 CFLnu_next=0.2211 ustar/Ug=0.04336 divL2=6.839e-04 nu_sgs_max=3.707e+01 Csgs_mean/max=2.120e-01/2.120e-01 clipped=0.000 CFLretries=3734 remaining=00:26:53 ETA=2026-08-03 15:56:37 CEST
step=29600 ft=7.2680/10 CFL=0.6093 CFLnu_step=0.1682 CFLnu_next=0.1682 ustar/Ug=0.04428 divL2=6.734e-04 nu_sgs_max=2.617e+01 Csgs_mean/max=2.120e-01/2.120e-01 clipped=0.000 CFLretries=3743 remaining=00:26:38 ETA=2026-08-03 15:56:37 CEST
step=29700 ft=7.2940/10 CFL=0.6287 CFLnu_step=0.2112 CFLnu_next=0.2112 ustar/Ug=0.04366 divL2=6.746e-04 nu_sgs_max=4.149e+01 Csgs_mean/max=2.120e-01/2.120e-01 clipped=0.000 CFLretries=3756 remaining=00:26:23 ETA=2026-08-03 15:56:36 CEST
step=29800 ft=7.3189/10 CFL=0.7932 CFLnu_step=0.1940 CFLnu_next=0.1940 ustar/Ug=0.04355 divL2=6.913e-04 nu_sgs_max=3.124e+01 Csgs_mean/max=2.120e-01/2.120e-01 clipped=0.000 CFLretries=3769 remaining=00:26:08 ETA=2026-08-03 15:56:37 CEST
step=29900 ft=7.3444/10 CFL=0.8148 CFLnu_step=0.1281 CFLnu_next=0.1281 ustar/Ug=0.04339 divL2=7.083e-04 nu_sgs_max=2.077e+01 Csgs_mean/max=2.120e-01/2.120e-01 clipped=0.000 CFLretries=3783 remaining=00:25:53 ETA=2026-08-03 15:56:37 CEST
step=30000 ft=7.3681/10 CFL=0.8653 CFLnu_step=0.3714 CFLnu_next=0.3714 ustar/Ug=0.04402 divL2=6.825e-04 nu_sgs_max=5.502e+01 Csgs_mean/max=2.120e-01/2.120e-01 clipped=0.000 CFLretries=3790 remaining=00:25:40 ETA=2026-08-03 15:56:37 CEST
step=30100 ft=7.3933/10 CFL=0.5900 CFLnu_step=0.1650 CFLnu_next=0.1650 ustar/Ug=0.04411 divL2=6.799e-04 nu_sgs_max=3.354e+01 Csgs_mean/max=2.120e-01/2.120e-01 clipped=0.000 CFLretries=3798 remaining=00:25:25 ETA=2026-08-03 15:56:37 CEST
[cfl-retry] count=3800 step=30116 candidate=1.0166 limit=0.8800 retry_dt=2.74169s
step=30200 ft=7.4199/10 CFL=0.7331 CFLnu_step=0.2584 CFLnu_next=0.2584 ustar/Ug=0.04441 divL2=6.840e-04 nu_sgs_max=3.381e+01 Csgs_mean/max=2.120e-01/2.120e-01 clipped=0.000 CFLretries=3808 remaining=00:25:09 ETA=2026-08-03 15:56:35 CEST
step=30300 ft=7.4464/10 CFL=0.6002 CFLnu_step=0.1775 CFLnu_next=0.1775 ustar/Ug=0.04406 divL2=6.913e-04 nu_sgs_max=3.046e+01 Csgs_mean/max=2.120e-01/2.120e-01 clipped=0.000 CFLretries=3820 remaining=00:24:53 ETA=2026-08-03 15:56:34 CEST
step=30400 ft=7.4718/10 CFL=0.5966 CFLnu_step=0.1712 CFLnu_next=0.1712 ustar/Ug=0.04453 divL2=6.802e-04 nu_sgs_max=3.495e+01 Csgs_mean/max=2.120e-01/2.120e-01 clipped=0.000 CFLretries=3834 remaining=00:24:38 ETA=2026-08-03 15:56:35 CEST
step=30500 ft=7.4942/10 CFL=0.7508 CFLnu_step=0.1143 CFLnu_next=0.1143 ustar/Ug=0.04432 divL2=7.209e-04 nu_sgs_max=1.935e+01 Csgs_mean/max=2.120e-01/2.120e-01 clipped=0.000 CFLretries=3849 remaining=00:24:26 ETA=2026-08-03 15:56:38 CEST
step=30600 ft=7.5206/10 CFL=0.6462 CFLnu_step=0.1350 CFLnu_next=0.1350 ustar/Ug=0.04484 divL2=6.902e-04 nu_sgs_max=2.408e+01 Csgs_mean/max=2.120e-01/2.120e-01 clipped=0.000 CFLretries=3865 remaining=00:24:11 ETA=2026-08-03 15:56:39 CEST
step=30700 ft=7.5471/10 CFL=0.8659 CFLnu_step=0.3702 CFLnu_next=0.3702 ustar/Ug=0.04394 divL2=7.197e-04 nu_sgs_max=5.207e+01 Csgs_mean/max=2.120e-01/2.120e-01 clipped=0.000 CFLretries=3879 remaining=00:23:55 ETA=2026-08-03 15:56:38 CEST
step=30800 ft=7.5737/10 CFL=0.5001 CFLnu_step=0.0978 CFLnu_next=0.0978 ustar/Ug=0.04388 divL2=7.478e-04 nu_sgs_max=1.950e+01 Csgs_mean/max=2.120e-01/2.120e-01 clipped=0.000 CFLretries=3893 remaining=00:23:39 ETA=2026-08-03 15:56:37 CEST
[cfl-retry] count=3900 step=30843 candidate=0.9368 limit=0.8800 retry_dt=2.64603s
step=30900 ft=7.5983/10 CFL=0.7326 CFLnu_step=0.1877 CFLnu_next=0.1877 ustar/Ug=0.04497 divL2=7.525e-04 nu_sgs_max=2.917e+01 Csgs_mean/max=2.120e-01/2.120e-01 clipped=0.000 CFLretries=3906 remaining=00:23:25 ETA=2026-08-03 15:56:38 CEST
step=31000 ft=7.6236/10 CFL=0.8206 CFLnu_step=0.3302 CFLnu_next=0.3302 ustar/Ug=0.04503 divL2=6.842e-04 nu_sgs_max=4.530e+01 Csgs_mean/max=2.120e-01/2.120e-01 clipped=0.000 CFLretries=3922 remaining=00:23:11 ETA=2026-08-03 15:56:39 CEST
step=31100 ft=7.6501/10 CFL=0.5126 CFLnu_step=0.1049 CFLnu_next=0.1049 ustar/Ug=0.04561 divL2=6.927e-04 nu_sgs_max=1.994e+01 Csgs_mean/max=2.120e-01/2.120e-01 clipped=0.000 CFLretries=3934 remaining=00:22:55 ETA=2026-08-03 15:56:38 CEST
step=31200 ft=7.6766/10 CFL=0.7037 CFLnu_step=0.1609 CFLnu_next=0.1609 ustar/Ug=0.04557 divL2=8.210e-04 nu_sgs_max=2.346e+01 Csgs_mean/max=2.120e-01/2.120e-01 clipped=0.000 CFLretries=3948 remaining=00:22:39 ETA=2026-08-03 15:56:37 CEST
step=31300 ft=7.7030/10 CFL=0.6158 CFLnu_step=0.1556 CFLnu_next=0.1556 ustar/Ug=0.04564 divL2=6.995e-04 nu_sgs_max=2.303e+01 Csgs_mean/max=2.120e-01/2.120e-01 clipped=0.000 CFLretries=3964 remaining=00:22:24 ETA=2026-08-03 15:56:37 CEST
step=31400 ft=7.7282/10 CFL=0.7308 CFLnu_step=0.2824 CFLnu_next=0.2824 ustar/Ug=0.04600 divL2=6.974e-04 nu_sgs_max=5.029e+01 Csgs_mean/max=2.120e-01/2.120e-01 clipped=0.000 CFLretries=3978 remaining=00:22:09 ETA=2026-08-03 15:56:37 CEST
step=31500 ft=7.7491/10 CFL=0.6687 CFLnu_step=0.2283 CFLnu_next=0.2283 ustar/Ug=0.04693 divL2=6.829e-04 nu_sgs_max=4.439e+01 Csgs_mean/max=2.120e-01/2.120e-01 clipped=0.000 CFLretries=3991 remaining=00:21:58 ETA=2026-08-03 15:56:41 CEST
[cfl-retry] count=4000 step=31591 candidate=0.8867 limit=0.8800 retry_dt=3.17294s
step=31600 ft=7.7750/10 CFL=0.8666 CFLnu_step=0.1501 CFLnu_next=0.1501 ustar/Ug=0.04570 divL2=7.677e-04 nu_sgs_max=1.908e+01 Csgs_mean/max=2.120e-01/2.120e-01 clipped=0.000 CFLretries=4001 remaining=00:21:42 ETA=2026-08-03 15:56:40 CEST
step=31700 ft=7.8012/10 CFL=0.7751 CFLnu_step=0.1578 CFLnu_next=0.1578 ustar/Ug=0.04516 divL2=6.997e-04 nu_sgs_max=2.272e+01 Csgs_mean/max=2.120e-01/2.120e-01 clipped=0.000 CFLretries=4016 remaining=00:21:27 ETA=2026-08-03 15:56:40 CEST
step=31800 ft=7.8277/10 CFL=0.5740 CFLnu_step=0.2437 CFLnu_next=0.2437 ustar/Ug=0.04504 divL2=6.908e-04 nu_sgs_max=3.912e+01 Csgs_mean/max=2.120e-01/2.120e-01 clipped=0.000 CFLretries=4027 remaining=00:21:11 ETA=2026-08-03 15:56:38 CEST
step=31900 ft=7.8537/10 CFL=0.8795 CFLnu_step=0.4030 CFLnu_next=0.4030 ustar/Ug=0.04490 divL2=6.918e-04 nu_sgs_max=5.586e+01 Csgs_mean/max=2.120e-01/2.120e-01 clipped=0.000 CFLretries=4045 remaining=00:20:56 ETA=2026-08-03 15:56:38 CEST
step=32000 ft=7.8793/10 CFL=0.6228 CFLnu_step=0.1400 CFLnu_next=0.1400 ustar/Ug=0.04456 divL2=6.938e-04 nu_sgs_max=2.658e+01 Csgs_mean/max=2.120e-01/2.120e-01 clipped=0.000 CFLretries=4059 remaining=00:20:41 ETA=2026-08-03 15:56:38 CEST
step=32100 ft=7.9036/10 CFL=0.6129 CFLnu_step=0.2231 CFLnu_next=0.2231 ustar/Ug=0.04504 divL2=7.095e-04 nu_sgs_max=4.159e+01 Csgs_mean/max=2.120e-01/2.120e-01 clipped=0.000 CFLretries=4074 remaining=00:20:27 ETA=2026-08-03 15:56:39 CEST
step=32200 ft=7.9270/10 CFL=0.5006 CFLnu_step=0.1021 CFLnu_next=0.1021 ustar/Ug=0.04400 divL2=6.869e-04 nu_sgs_max=2.108e+01 Csgs_mean/max=2.120e-01/2.120e-01 clipped=0.000 CFLretries=4088 remaining=00:20:13 ETA=2026-08-03 15:56:41 CEST
[cfl-retry] count=4100 step=32298 candidate=0.9502 limit=0.8800 retry_dt=2.39868s
step=32300 ft=7.9507/10 CFL=0.5367 CFLnu_step=0.1108 CFLnu_next=0.1108 ustar/Ug=0.04357 divL2=6.816e-04 nu_sgs_max=2.131e+01 Csgs_mean/max=2.120e-01/2.120e-01 clipped=0.000 CFLretries=4100 remaining=00:20:00 ETA=2026-08-03 15:56:42 CEST
step=32400 ft=7.9737/10 CFL=0.7925 CFLnu_step=0.3189 CFLnu_next=0.3189 ustar/Ug=0.04372 divL2=6.856e-04 nu_sgs_max=5.229e+01 Csgs_mean/max=2.120e-01/2.120e-01 clipped=0.000 CFLretries=4116 remaining=00:19:47 ETA=2026-08-03 15:56:43 CEST
step=32500 ft=7.9980/10 CFL=0.8718 CFLnu_step=0.1465 CFLnu_next=0.1465 ustar/Ug=0.04382 divL2=8.538e-04 nu_sgs_max=2.534e+01 Csgs_mean/max=2.120e-01/2.120e-01 clipped=0.000 CFLretries=4127 remaining=00:19:33 ETA=2026-08-03 15:56:44 CEST
step=32600 ft=8.0202/10 CFL=0.5278 CFLnu_step=0.1119 CFLnu_next=0.1119 ustar/Ug=0.04461 divL2=7.013e-04 nu_sgs_max=2.189e+01 Csgs_mean/max=2.120e-01/2.120e-01 clipped=0.000 CFLretries=4138 remaining=00:19:20 ETA=2026-08-03 15:56:46 CEST
step=32700 ft=8.0430/10 CFL=0.6077 CFLnu_step=0.1438 CFLnu_next=0.1438 ustar/Ug=0.04482 divL2=6.847e-04 nu_sgs_max=3.098e+01 Csgs_mean/max=2.120e-01/2.120e-01 clipped=0.000 CFLretries=4148 remaining=00:19:07 ETA=2026-08-03 15:56:47 CEST
step=32800 ft=8.0671/10 CFL=0.6234 CFLnu_step=0.1582 CFLnu_next=0.1582 ustar/Ug=0.04535 divL2=6.917e-04 nu_sgs_max=3.137e+01 Csgs_mean/max=2.120e-01/2.120e-01 clipped=0.000 CFLretries=4160 remaining=00:18:53 ETA=2026-08-03 15:56:49 CEST
step=32900 ft=8.0916/10 CFL=0.6160 CFLnu_step=0.1173 CFLnu_next=0.1173 ustar/Ug=0.04534 divL2=6.908e-04 nu_sgs_max=2.012e+01 Csgs_mean/max=2.120e-01/2.120e-01 clipped=0.000 CFLretries=4173 remaining=00:18:39 ETA=2026-08-03 15:56:50 CEST
step=33000 ft=8.1166/10 CFL=0.6795 CFLnu_step=0.2963 CFLnu_next=0.2963 ustar/Ug=0.04546 divL2=6.865e-04 nu_sgs_max=4.820e+01 Csgs_mean/max=2.120e-01/2.120e-01 clipped=0.000 CFLretries=4184 remaining=00:18:24 ETA=2026-08-03 15:56:50 CEST
step=33100 ft=8.1412/10 CFL=0.4791 CFLnu_step=0.1369 CFLnu_next=0.1369 ustar/Ug=0.04517 divL2=6.891e-04 nu_sgs_max=2.574e+01 Csgs_mean/max=2.120e-01/2.120e-01 clipped=0.000 CFLretries=4191 remaining=00:18:10 ETA=2026-08-03 15:56:50 CEST
[cfl-retry] count=4200 step=33177 candidate=0.9315 limit=0.8800 retry_dt=2.486s
step=33200 ft=8.1657/10 CFL=0.7480 CFLnu_step=0.1470 CFLnu_next=0.1470 ustar/Ug=0.04474 divL2=6.960e-04 nu_sgs_max=2.403e+01 Csgs_mean/max=2.120e-01/2.120e-01 clipped=0.000 CFLretries=4203 remaining=00:17:56 ETA=2026-08-03 15:56:50 CEST
step=33300 ft=8.1880/10 CFL=0.6300 CFLnu_step=0.2121 CFLnu_next=0.2121 ustar/Ug=0.04448 divL2=7.026e-04 nu_sgs_max=3.901e+01 Csgs_mean/max=2.120e-01/2.120e-01 clipped=0.000 CFLretries=4216 remaining=00:17:43 ETA=2026-08-03 15:56:53 CEST
step=33400 ft=8.2108/10 CFL=0.7080 CFLnu_step=0.1439 CFLnu_next=0.1439 ustar/Ug=0.04403 divL2=7.207e-04 nu_sgs_max=2.478e+01 Csgs_mean/max=2.120e-01/2.120e-01 clipped=0.000 CFLretries=4228 remaining=00:17:30 ETA=2026-08-03 15:56:54 CEST
step=33500 ft=8.2355/10 CFL=0.7556 CFLnu_step=0.3607 CFLnu_next=0.3607 ustar/Ug=0.04454 divL2=6.780e-04 nu_sgs_max=5.840e+01 Csgs_mean/max=2.120e-01/2.120e-01 clipped=0.000 CFLretries=4242 remaining=00:17:15 ETA=2026-08-03 15:56:54 CEST
step=33600 ft=8.2606/10 CFL=0.5925 CFLnu_step=0.1310 CFLnu_next=0.1310 ustar/Ug=0.04451 divL2=6.826e-04 nu_sgs_max=2.509e+01 Csgs_mean/max=2.120e-01/2.120e-01 clipped=0.000 CFLretries=4252 remaining=00:17:01 ETA=2026-08-03 15:56:55 CEST
step=33700 ft=8.2883/10 CFL=0.5631 CFLnu_step=0.1417 CFLnu_next=0.1417 ustar/Ug=0.04513 divL2=7.271e-04 nu_sgs_max=2.200e+01 Csgs_mean/max=2.120e-01/2.120e-01 clipped=0.000 CFLretries=4260 remaining=00:16:44 ETA=2026-08-03 15:56:52 CEST
step=33800 ft=8.3138/10 CFL=0.7969 CFLnu_step=0.2190 CFLnu_next=0.2190 ustar/Ug=0.04491 divL2=7.411e-04 nu_sgs_max=3.179e+01 Csgs_mean/max=2.120e-01/2.120e-01 clipped=0.000 CFLretries=4273 remaining=00:16:29 ETA=2026-08-03 15:56:52 CEST
step=33900 ft=8.3393/10 CFL=0.5385 CFLnu_step=0.1167 CFLnu_next=0.1167 ustar/Ug=0.04396 divL2=6.858e-04 nu_sgs_max=2.338e+01 Csgs_mean/max=2.120e-01/2.120e-01 clipped=0.000 CFLretries=4288 remaining=00:16:14 ETA=2026-08-03 15:56:52 CEST
[cfl-retry] count=4300 step=33996 candidate=0.9357 limit=0.8800 retry_dt=2.78182s
step=34000 ft=8.3649/10 CFL=0.5723 CFLnu_step=0.1636 CFLnu_next=0.1636 ustar/Ug=0.04371 divL2=6.861e-04 nu_sgs_max=3.109e+01 Csgs_mean/max=2.120e-01/2.120e-01 clipped=0.000 CFLretries=4300 remaining=00:15:59 ETA=2026-08-03 15:56:51 CEST
step=34100 ft=8.3911/10 CFL=0.5775 CFLnu_step=0.1327 CFLnu_next=0.1327 ustar/Ug=0.04374 divL2=6.935e-04 nu_sgs_max=2.813e+01 Csgs_mean/max=2.120e-01/2.120e-01 clipped=0.000 CFLretries=4317 remaining=00:15:44 ETA=2026-08-03 15:56:52 CEST
step=34200 ft=8.4143/10 CFL=0.7065 CFLnu_step=0.1554 CFLnu_next=0.1554 ustar/Ug=0.04414 divL2=7.156e-04 nu_sgs_max=2.368e+01 Csgs_mean/max=2.120e-01/2.120e-01 clipped=0.000 CFLretries=4331 remaining=00:15:30 ETA=2026-08-03 15:56:53 CEST
step=34300 ft=8.4389/10 CFL=0.7692 CFLnu_step=0.2112 CFLnu_next=0.2112 ustar/Ug=0.04420 divL2=7.704e-04 nu_sgs_max=3.402e+01 Csgs_mean/max=2.120e-01/2.120e-01 clipped=0.000 CFLretries=4343 remaining=00:15:16 ETA=2026-08-03 15:56:53 CEST
step=34400 ft=8.4612/10 CFL=0.7428 CFLnu_step=0.1630 CFLnu_next=0.1630 ustar/Ug=0.04472 divL2=7.451e-04 nu_sgs_max=2.622e+01 Csgs_mean/max=2.120e-01/2.120e-01 clipped=0.000 CFLretries=4358 remaining=00:15:03 ETA=2026-08-03 15:56:55 CEST
step=34500 ft=8.4849/10 CFL=0.6344 CFLnu_step=0.1260 CFLnu_next=0.1260 ustar/Ug=0.04540 divL2=6.960e-04 nu_sgs_max=2.408e+01 Csgs_mean/max=2.120e-01/2.120e-01 clipped=0.000 CFLretries=4371 remaining=00:14:49 ETA=2026-08-03 15:56:56 CEST
step=34600 ft=8.5096/10 CFL=0.7761 CFLnu_step=0.2483 CFLnu_next=0.2483 ustar/Ug=0.04545 divL2=6.911e-04 nu_sgs_max=3.884e+01 Csgs_mean/max=2.120e-01/2.120e-01 clipped=0.000 CFLretries=4381 remaining=00:14:35 ETA=2026-08-03 15:56:57 CEST
step=34700 ft=8.5367/10 CFL=0.7855 CFLnu_step=0.1918 CFLnu_next=0.1918 ustar/Ug=0.04568 divL2=7.052e-04 nu_sgs_max=2.862e+01 Csgs_mean/max=2.120e-01/2.120e-01 clipped=0.000 CFLretries=4394 remaining=00:14:19 ETA=2026-08-03 15:56:55 CEST
[cfl-retry] count=4400 step=34730 candidate=0.9112 limit=0.8800 retry_dt=3.04254s
step=34800 ft=8.5623/10 CFL=0.7735 CFLnu_step=0.2153 CFLnu_next=0.2153 ustar/Ug=0.04495 divL2=7.558e-04 nu_sgs_max=3.349e+01 Csgs_mean/max=2.120e-01/2.120e-01 clipped=0.000 CFLretries=4413 remaining=00:14:04 ETA=2026-08-03 15:56:56 CEST
step=34900 ft=8.5861/10 CFL=0.7881 CFLnu_step=0.2137 CFLnu_next=0.2137 ustar/Ug=0.04424 divL2=7.071e-04 nu_sgs_max=3.370e+01 Csgs_mean/max=2.120e-01/2.120e-01 clipped=0.000 CFLretries=4428 remaining=00:13:50 ETA=2026-08-03 15:56:58 CEST
step=35000 ft=8.6102/10 CFL=0.6065 CFLnu_step=0.1823 CFLnu_next=0.1823 ustar/Ug=0.04399 divL2=6.882e-04 nu_sgs_max=3.447e+01 Csgs_mean/max=2.120e-01/2.120e-01 clipped=0.000 CFLretries=4442 remaining=00:13:36 ETA=2026-08-03 15:56:59 CEST
step=35100 ft=8.6350/10 CFL=0.8507 CFLnu_step=0.1779 CFLnu_next=0.1779 ustar/Ug=0.04475 divL2=7.088e-04 nu_sgs_max=2.699e+01 Csgs_mean/max=2.120e-01/2.120e-01 clipped=0.000 CFLretries=4457 remaining=00:13:22 ETA=2026-08-03 15:57:02 CEST
step=35200 ft=8.6593/10 CFL=0.6226 CFLnu_step=0.1366 CFLnu_next=0.1366 ustar/Ug=0.04529 divL2=6.969e-04 nu_sgs_max=2.465e+01 Csgs_mean/max=2.120e-01/2.120e-01 clipped=0.000 CFLretries=4470 remaining=00:13:08 ETA=2026-08-03 15:57:02 CEST
step=35300 ft=8.6823/10 CFL=0.7692 CFLnu_step=0.1837 CFLnu_next=0.1837 ustar/Ug=0.04509 divL2=6.952e-04 nu_sgs_max=3.105e+01 Csgs_mean/max=2.120e-01/2.120e-01 clipped=0.000 CFLretries=4485 remaining=00:12:54 ETA=2026-08-03 15:57:04 CEST
step=35400 ft=8.7056/10 CFL=0.6360 CFLnu_step=0.1457 CFLnu_next=0.1457 ustar/Ug=0.04447 divL2=6.869e-04 nu_sgs_max=2.359e+01 Csgs_mean/max=2.120e-01/2.120e-01 clipped=0.000 CFLretries=4499 remaining=00:12:41 ETA=2026-08-03 15:57:05 CEST
[cfl-retry] count=4500 step=35419 candidate=0.9687 limit=0.8800 retry_dt=2.53084s
step=35500 ft=8.7297/10 CFL=0.7916 CFLnu_step=0.2061 CFLnu_next=0.2061 ustar/Ug=0.04459 divL2=7.146e-04 nu_sgs_max=3.044e+01 Csgs_mean/max=2.120e-01/2.120e-01 clipped=0.000 CFLretries=4513 remaining=00:12:27 ETA=2026-08-03 15:57:07 CEST
step=35600 ft=8.7541/10 CFL=0.5082 CFLnu_step=0.1033 CFLnu_next=0.1033 ustar/Ug=0.04464 divL2=6.954e-04 nu_sgs_max=1.943e+01 Csgs_mean/max=2.120e-01/2.120e-01 clipped=0.000 CFLretries=4525 remaining=00:12:13 ETA=2026-08-03 15:57:08 CEST
step=35700 ft=8.7805/10 CFL=0.8611 CFLnu_step=0.1913 CFLnu_next=0.1913 ustar/Ug=0.04503 divL2=7.199e-04 nu_sgs_max=2.775e+01 Csgs_mean/max=2.120e-01/2.120e-01 clipped=0.000 CFLretries=4537 remaining=00:11:57 ETA=2026-08-03 15:57:07 CEST
step=35800 ft=8.8063/10 CFL=0.5569 CFLnu_step=0.1410 CFLnu_next=0.1410 ustar/Ug=0.04454 divL2=6.881e-04 nu_sgs_max=2.881e+01 Csgs_mean/max=2.120e-01/2.120e-01 clipped=0.000 CFLretries=4546 remaining=00:11:42 ETA=2026-08-03 15:57:06 CEST
step=35900 ft=8.8302/10 CFL=0.5908 CFLnu_step=0.1520 CFLnu_next=0.1520 ustar/Ug=0.04518 divL2=7.024e-04 nu_sgs_max=2.677e+01 Csgs_mean/max=2.120e-01/2.120e-01 clipped=0.000 CFLretries=4556 remaining=00:11:28 ETA=2026-08-03 15:57:06 CEST
step=36000 ft=8.8529/10 CFL=0.5957 CFLnu_step=0.1397 CFLnu_next=0.1397 ustar/Ug=0.04545 divL2=6.914e-04 nu_sgs_max=2.917e+01 Csgs_mean/max=2.120e-01/2.120e-01 clipped=0.000 CFLretries=4571 remaining=00:11:15 ETA=2026-08-03 15:57:08 CEST
step=36100 ft=8.8772/10 CFL=0.5637 CFLnu_step=0.1572 CFLnu_next=0.1572 ustar/Ug=0.04502 divL2=6.900e-04 nu_sgs_max=2.781e+01 Csgs_mean/max=2.120e-01/2.120e-01 clipped=0.000 CFLretries=4581 remaining=00:11:00 ETA=2026-08-03 15:57:08 CEST
step=36200 ft=8.9027/10 CFL=0.5905 CFLnu_step=0.1608 CFLnu_next=0.1608 ustar/Ug=0.04470 divL2=7.188e-04 nu_sgs_max=2.700e+01 Csgs_mean/max=2.120e-01/2.120e-01 clipped=0.000 CFLretries=4590 remaining=00:10:45 ETA=2026-08-03 15:57:08 CEST
[cfl-retry] count=4600 step=36283 candidate=0.9672 limit=0.8800 retry_dt=2.84714s
step=36300 ft=8.9288/10 CFL=0.6231 CFLnu_step=0.1348 CFLnu_next=0.1348 ustar/Ug=0.04469 divL2=7.176e-04 nu_sgs_max=1.977e+01 Csgs_mean/max=2.120e-01/2.120e-01 clipped=0.000 CFLretries=4602 remaining=00:10:30 ETA=2026-08-03 15:57:07 CEST
step=36400 ft=8.9514/10 CFL=0.6568 CFLnu_step=0.1499 CFLnu_next=0.1499 ustar/Ug=0.04490 divL2=7.027e-04 nu_sgs_max=3.349e+01 Csgs_mean/max=2.120e-01/2.120e-01 clipped=0.000 CFLretries=4616 remaining=00:10:17 ETA=2026-08-03 15:57:09 CEST
step=36500 ft=8.9734/10 CFL=0.6365 CFLnu_step=0.1350 CFLnu_next=0.1350 ustar/Ug=0.04448 divL2=7.009e-04 nu_sgs_max=2.364e+01 Csgs_mean/max=2.120e-01/2.120e-01 clipped=0.000 CFLretries=4629 remaining=00:10:04 ETA=2026-08-03 15:57:11 CEST
step=36600 ft=8.9993/10 CFL=0.5428 CFLnu_step=0.1327 CFLnu_next=0.1327 ustar/Ug=0.04428 divL2=6.952e-04 nu_sgs_max=2.178e+01 Csgs_mean/max=2.120e-01/2.120e-01 clipped=0.000 CFLretries=4639 remaining=00:09:49 ETA=2026-08-03 15:57:10 CEST
step=36700 ft=9.0258/10 CFL=0.5867 CFLnu_step=0.1884 CFLnu_next=0.1884 ustar/Ug=0.04417 divL2=7.222e-04 nu_sgs_max=3.307e+01 Csgs_mean/max=2.120e-01/2.120e-01 clipped=0.000 CFLretries=4652 remaining=00:09:33 ETA=2026-08-03 15:57:09 CEST
step=36800 ft=9.0494/10 CFL=0.5833 CFLnu_step=0.1253 CFLnu_next=0.1253 ustar/Ug=0.04410 divL2=6.986e-04 nu_sgs_max=2.463e+01 Csgs_mean/max=2.120e-01/2.120e-01 clipped=0.000 CFLretries=4668 remaining=00:09:19 ETA=2026-08-03 15:57:10 CEST
step=36900 ft=9.0732/10 CFL=0.5842 CFLnu_step=0.1341 CFLnu_next=0.1341 ustar/Ug=0.04450 divL2=7.035e-04 nu_sgs_max=2.291e+01 Csgs_mean/max=2.120e-01/2.120e-01 clipped=0.000 CFLretries=4685 remaining=00:09:05 ETA=2026-08-03 15:57:11 CEST
step=37000 ft=9.1006/10 CFL=0.7425 CFLnu_step=0.2766 CFLnu_next=0.2766 ustar/Ug=0.04477 divL2=7.522e-04 nu_sgs_max=3.977e+01 Csgs_mean/max=2.120e-01/2.120e-01 clipped=0.000 CFLretries=4698 remaining=00:08:49 ETA=2026-08-03 15:57:09 CEST
[cfl-retry] count=4700 step=37012 candidate=0.9125 limit=0.8800 retry_dt=3.05161s
step=37100 ft=9.1245/10 CFL=0.6924 CFLnu_step=0.1511 CFLnu_next=0.1511 ustar/Ug=0.04446 divL2=8.041e-04 nu_sgs_max=2.655e+01 Csgs_mean/max=2.120e-01/2.120e-01 clipped=0.000 CFLretries=4714 remaining=00:08:35 ETA=2026-08-03 15:57:11 CEST
step=37200 ft=9.1462/10 CFL=0.8765 CFLnu_step=0.1475 CFLnu_next=0.1475 ustar/Ug=0.04489 divL2=7.582e-04 nu_sgs_max=2.612e+01 Csgs_mean/max=2.120e-01/2.120e-01 clipped=0.000 CFLretries=4726 remaining=00:08:23 ETA=2026-08-03 15:57:12 CEST
step=37300 ft=9.1704/10 CFL=0.6083 CFLnu_step=0.1347 CFLnu_next=0.1347 ustar/Ug=0.04446 divL2=7.177e-04 nu_sgs_max=2.858e+01 Csgs_mean/max=2.120e-01/2.120e-01 clipped=0.000 CFLretries=4740 remaining=00:08:08 ETA=2026-08-03 15:57:13 CEST
step=37400 ft=9.1939/10 CFL=0.7894 CFLnu_step=0.1468 CFLnu_next=0.1468 ustar/Ug=0.04520 divL2=7.128e-04 nu_sgs_max=2.235e+01 Csgs_mean/max=2.120e-01/2.120e-01 clipped=0.000 CFLretries=4749 remaining=00:07:55 ETA=2026-08-03 15:57:13 CEST
step=37500 ft=9.2202/10 CFL=0.7735 CFLnu_step=0.1771 CFLnu_next=0.1771 ustar/Ug=0.04489 divL2=7.653e-04 nu_sgs_max=3.034e+01 Csgs_mean/max=2.120e-01/2.120e-01 clipped=0.000 CFLretries=4760 remaining=00:07:39 ETA=2026-08-03 15:57:12 CEST
step=37600 ft=9.2420/10 CFL=0.8397 CFLnu_step=0.3847 CFLnu_next=0.3847 ustar/Ug=0.04544 divL2=6.993e-04 nu_sgs_max=6.030e+01 Csgs_mean/max=2.120e-01/2.120e-01 clipped=0.000 CFLretries=4773 remaining=00:07:26 ETA=2026-08-03 15:57:14 CEST
step=37700 ft=9.2675/10 CFL=0.8511 CFLnu_step=0.1813 CFLnu_next=0.1813 ustar/Ug=0.04586 divL2=7.673e-04 nu_sgs_max=2.787e+01 Csgs_mean/max=2.120e-01/2.120e-01 clipped=0.000 CFLretries=4782 remaining=00:07:11 ETA=2026-08-03 15:57:15 CEST
step=37800 ft=9.2907/10 CFL=0.8081 CFLnu_step=0.2045 CFLnu_next=0.2045 ustar/Ug=0.04560 divL2=7.075e-04 nu_sgs_max=3.082e+01 Csgs_mean/max=2.120e-01/2.120e-01 clipped=0.000 CFLretries=4795 remaining=00:06:58 ETA=2026-08-03 15:57:17 CEST
[cfl-retry] count=4800 step=37826 candidate=1.0857 limit=0.8800 retry_dt=2.47247s
step=37900 ft=9.3151/10 CFL=0.7998 CFLnu_step=0.3093 CFLnu_next=0.3093 ustar/Ug=0.04575 divL2=7.081e-04 nu_sgs_max=5.233e+01 Csgs_mean/max=2.120e-01/2.120e-01 clipped=0.000 CFLretries=4811 remaining=00:06:44 ETA=2026-08-03 15:57:18 CEST
step=38000 ft=9.3384/10 CFL=0.5711 CFLnu_step=0.1137 CFLnu_next=0.1137 ustar/Ug=0.04571 divL2=7.130e-04 nu_sgs_max=2.156e+01 Csgs_mean/max=2.120e-01/2.120e-01 clipped=0.000 CFLretries=4822 remaining=00:06:30 ETA=2026-08-03 15:57:19 CEST
step=38100 ft=9.3619/10 CFL=0.5019 CFLnu_step=0.0984 CFLnu_next=0.0984 ustar/Ug=0.04537 divL2=7.029e-04 nu_sgs_max=1.918e+01 Csgs_mean/max=2.120e-01/2.120e-01 clipped=0.000 CFLretries=4836 remaining=00:06:16 ETA=2026-08-03 15:57:22 CEST
step=38200 ft=9.3858/10 CFL=0.8009 CFLnu_step=0.3793 CFLnu_next=0.3793 ustar/Ug=0.04487 divL2=7.111e-04 nu_sgs_max=5.791e+01 Csgs_mean/max=2.120e-01/2.120e-01 clipped=0.000 CFLretries=4844 remaining=00:06:02 ETA=2026-08-03 15:57:22 CEST
step=38300 ft=9.4085/10 CFL=0.8040 CFLnu_step=0.1454 CFLnu_next=0.1454 ustar/Ug=0.04500 divL2=7.133e-04 nu_sgs_max=2.535e+01 Csgs_mean/max=2.120e-01/2.120e-01 clipped=0.000 CFLretries=4857 remaining=00:05:49 ETA=2026-08-03 15:57:24 CEST
step=38400 ft=9.4314/10 CFL=0.5628 CFLnu_step=0.1395 CFLnu_next=0.1395 ustar/Ug=0.04536 divL2=7.039e-04 nu_sgs_max=3.264e+01 Csgs_mean/max=2.120e-01/2.120e-01 clipped=0.000 CFLretries=4869 remaining=00:05:35 ETA=2026-08-03 15:57:26 CEST
step=38500 ft=9.4537/10 CFL=0.7401 CFLnu_step=0.2608 CFLnu_next=0.2608 ustar/Ug=0.04472 divL2=7.486e-04 nu_sgs_max=4.186e+01 Csgs_mean/max=2.120e-01/2.120e-01 clipped=0.000 CFLretries=4879 remaining=00:05:22 ETA=2026-08-03 15:57:27 CEST
step=38600 ft=9.4764/10 CFL=0.6934 CFLnu_step=0.1570 CFLnu_next=0.1570 ustar/Ug=0.04444 divL2=7.216e-04 nu_sgs_max=2.672e+01 Csgs_mean/max=2.120e-01/2.120e-01 clipped=0.000 CFLretries=4893 remaining=00:05:09 ETA=2026-08-03 15:57:30 CEST
[cfl-retry] count=4900 step=38650 candidate=1.0029 limit=0.8800 retry_dt=2.46558s
step=38700 ft=9.4992/10 CFL=0.7736 CFLnu_step=0.1918 CFLnu_next=0.1918 ustar/Ug=0.04429 divL2=7.311e-04 nu_sgs_max=3.107e+01 Csgs_mean/max=2.120e-01/2.120e-01 clipped=0.000 CFLretries=4907 remaining=00:04:56 ETA=2026-08-03 15:57:31 CEST
step=38800 ft=9.5219/10 CFL=0.6073 CFLnu_step=0.1876 CFLnu_next=0.1876 ustar/Ug=0.04443 divL2=7.002e-04 nu_sgs_max=3.851e+01 Csgs_mean/max=2.120e-01/2.120e-01 clipped=0.000 CFLretries=4921 remaining=00:04:42 ETA=2026-08-03 15:57:33 CEST
step=38900 ft=9.5444/10 CFL=0.7788 CFLnu_step=0.1630 CFLnu_next=0.1630 ustar/Ug=0.04500 divL2=7.787e-04 nu_sgs_max=2.660e+01 Csgs_mean/max=2.120e-01/2.120e-01 clipped=0.000 CFLretries=4930 remaining=00:04:29 ETA=2026-08-03 15:57:33 CEST
step=39000 ft=9.5668/10 CFL=0.6820 CFLnu_step=0.1321 CFLnu_next=0.1321 ustar/Ug=0.04567 divL2=7.062e-04 nu_sgs_max=2.644e+01 Csgs_mean/max=2.120e-01/2.120e-01 clipped=0.000 CFLretries=4944 remaining=00:04:16 ETA=2026-08-03 15:57:35 CEST
step=39100 ft=9.5897/10 CFL=0.5991 CFLnu_step=0.1143 CFLnu_next=0.1143 ustar/Ug=0.04662 divL2=7.230e-04 nu_sgs_max=2.185e+01 Csgs_mean/max=2.120e-01/2.120e-01 clipped=0.000 CFLretries=4958 remaining=00:04:03 ETA=2026-08-03 15:57:37 CEST
step=39200 ft=9.6122/10 CFL=0.6697 CFLnu_step=0.1327 CFLnu_next=0.1327 ustar/Ug=0.04628 divL2=8.037e-04 nu_sgs_max=2.363e+01 Csgs_mean/max=2.120e-01/2.120e-01 clipped=0.000 CFLretries=4968 remaining=00:03:49 ETA=2026-08-03 15:57:38 CEST
step=39300 ft=9.6326/10 CFL=0.6333 CFLnu_step=0.1402 CFLnu_next=0.1402 ustar/Ug=0.04603 divL2=7.388e-04 nu_sgs_max=2.948e+01 Csgs_mean/max=2.120e-01/2.120e-01 clipped=0.000 CFLretries=4983 remaining=00:03:37 ETA=2026-08-03 15:57:41 CEST
step=39400 ft=9.6566/10 CFL=0.7712 CFLnu_step=0.2557 CFLnu_next=0.2557 ustar/Ug=0.04657 divL2=7.556e-04 nu_sgs_max=3.483e+01 Csgs_mean/max=2.120e-01/2.120e-01 clipped=0.000 CFLretries=4999 remaining=00:03:23 ETA=2026-08-03 15:57:42 CEST
[cfl-retry] count=5000 step=39406 candidate=0.8963 limit=0.8800 retry_dt=2.8286s
step=39500 ft=9.6812/10 CFL=0.7678 CFLnu_step=0.1316 CFLnu_next=0.1316 ustar/Ug=0.04639 divL2=7.286e-04 nu_sgs_max=2.390e+01 Csgs_mean/max=2.120e-01/2.120e-01 clipped=0.000 CFLretries=5015 remaining=00:03:09 ETA=2026-08-03 15:57:42 CEST
step=39600 ft=9.7026/10 CFL=0.6395 CFLnu_step=0.1390 CFLnu_next=0.1390 ustar/Ug=0.04598 divL2=7.548e-04 nu_sgs_max=2.718e+01 Csgs_mean/max=2.120e-01/2.120e-01 clipped=0.000 CFLretries=5025 remaining=00:02:56 ETA=2026-08-03 15:57:44 CEST
step=39700 ft=9.7257/10 CFL=0.8057 CFLnu_step=0.1567 CFLnu_next=0.1567 ustar/Ug=0.04726 divL2=7.298e-04 nu_sgs_max=2.690e+01 Csgs_mean/max=2.120e-01/2.120e-01 clipped=0.000 CFLretries=5041 remaining=00:02:42 ETA=2026-08-03 15:57:46 CEST
step=39800 ft=9.7498/10 CFL=0.7019 CFLnu_step=0.2223 CFLnu_next=0.2223 ustar/Ug=0.04656 divL2=7.198e-04 nu_sgs_max=3.735e+01 Csgs_mean/max=2.120e-01/2.120e-01 clipped=0.000 CFLretries=5054 remaining=00:02:28 ETA=2026-08-03 15:57:47 CEST
step=39900 ft=9.7749/10 CFL=0.7357 CFLnu_step=0.1713 CFLnu_next=0.1713 ustar/Ug=0.04605 divL2=7.147e-04 nu_sgs_max=2.280e+01 Csgs_mean/max=2.120e-01/2.120e-01 clipped=0.000 CFLretries=5065 remaining=00:02:13 ETA=2026-08-03 15:57:46 CEST
step=40000 ft=9.8007/10 CFL=0.6636 CFLnu_step=0.1636 CFLnu_next=0.1636 ustar/Ug=0.04554 divL2=8.876e-04 nu_sgs_max=2.593e+01 Csgs_mean/max=2.120e-01/2.120e-01 clipped=0.000 CFLretries=5083 remaining=00:01:58 ETA=2026-08-03 15:57:48 CEST
step=40100 ft=9.8227/10 CFL=0.6414 CFLnu_step=0.1295 CFLnu_next=0.1295 ustar/Ug=0.04587 divL2=7.367e-04 nu_sgs_max=2.342e+01 Csgs_mean/max=2.120e-01/2.120e-01 clipped=0.000 CFLretries=5097 remaining=00:01:45 ETA=2026-08-03 15:57:51 CEST
[cfl-retry] count=5100 step=40117 candidate=0.9763 limit=0.8800 retry_dt=2.37781s
step=40200 ft=9.8473/10 CFL=0.6445 CFLnu_step=0.1254 CFLnu_next=0.1254 ustar/Ug=0.04635 divL2=7.434e-04 nu_sgs_max=1.898e+01 Csgs_mean/max=2.120e-01/2.120e-01 clipped=0.000 CFLretries=5109 remaining=00:01:30 ETA=2026-08-03 15:57:51 CEST
step=40300 ft=9.8705/10 CFL=0.6414 CFLnu_step=0.1522 CFLnu_next=0.1522 ustar/Ug=0.04660 divL2=7.158e-04 nu_sgs_max=2.602e+01 Csgs_mean/max=2.120e-01/2.120e-01 clipped=0.000 CFLretries=5122 remaining=00:01:17 ETA=2026-08-03 15:57:51 CEST
step=40400 ft=9.8955/10 CFL=0.7788 CFLnu_step=0.1934 CFLnu_next=0.1934 ustar/Ug=0.04684 divL2=7.102e-04 nu_sgs_max=3.063e+01 Csgs_mean/max=2.120e-01/2.120e-01 clipped=0.000 CFLretries=5134 remaining=00:01:02 ETA=2026-08-03 15:57:52 CEST
step=40500 ft=9.9199/10 CFL=0.6340 CFLnu_step=0.0993 CFLnu_next=0.0993 ustar/Ug=0.04669 divL2=7.256e-04 nu_sgs_max=2.101e+01 Csgs_mean/max=2.120e-01/2.120e-01 clipped=0.000 CFLretries=5148 remaining=00:00:47 ETA=2026-08-03 15:57:53 CEST
step=40600 ft=9.9430/10 CFL=0.7542 CFLnu_step=0.2988 CFLnu_next=0.2988 ustar/Ug=0.04675 divL2=7.116e-04 nu_sgs_max=4.286e+01 Csgs_mean/max=2.120e-01/2.120e-01 clipped=0.000 CFLretries=5161 remaining=00:00:34 ETA=2026-08-03 15:57:55 CEST
step=40700 ft=9.9692/10 CFL=0.7719 CFLnu_step=0.1226 CFLnu_next=0.1226 ustar/Ug=0.04600 divL2=7.238e-04 nu_sgs_max=1.969e+01 Csgs_mean/max=2.120e-01/2.120e-01 clipped=0.000 CFLretries=5178 remaining=00:00:18 ETA=2026-08-03 15:57:54 CEST
step=40800 ft=9.9949/10 CFL=0.5691 CFLnu_step=0.1106 CFLnu_next=0.1106 ustar/Ug=0.04520 divL2=7.207e-04 nu_sgs_max=2.096e+01 Csgs_mean/max=2.120e-01/2.120e-01 clipped=0.000 CFLretries=5189 remaining=00:00:03 ETA=2026-08-03 15:57:53 CEST
step=40824 ft=10.0000/10 CFL=0.1178 CFLnu_step=0.0246 CFLnu_next=0.0246 ustar/Ug=0.04519 divL2=6.934e-04 nu_sgs_max=2.533e+01 Csgs_mean/max=2.120e-01/2.120e-01 clipped=0.000 CFLretries=5193 remaining=00:00:00 ETA=2026-08-03 15:57:54 CEST
2026-08-03 15:57:56.093 system_profiler[7528:688871] XType: Using static font registry.
Matplotlib is building the font cache; this may take a moment.
[done] elapsed=5853.174s summary=benchmark_results/andren1994_stressfree_s4_amd_40cubed_ft10/summary.json
