time_seconds,step,ustar,surface_uw_m2_s2,surface_vw_m2_s2,cfl,lasd_cfl,max_divergence,top_u,top_v,near_wall_u,near_wall_v,integrated_resolved_tke_m3_s2,integrated_sgs_tke_m3_s2,integrated_total_tke_m3_s2
240.00000000000102,300,0.3713639550614635,-0.1239406019449234,-0.06048324331641197,0.12584993243217468,0.6292496621608734,7.390976008991856e-08,10.0,1.5609838976970991e-09,4.357416152954102,2.128401041030884,19.539257049560547,42.331974029541016,61.87123107910156
479.99999999999704,600,0.3462280271277348,-0.10722054541110992,-0.05360497906804085,0.1299138069152832,0.649569034576416,8.858740585537817e-08,10.0,1.3113021779531664e-08,4.036239147186279,2.020742893218994,31.560449600219727,39.055763244628906,70.61621284484863
720.0000000000005,900,0.34614332204454284,-0.10711988061666489,-0.05367507040500641,0.1363968700170517,0.6819843500852585,8.65757456836036e-08,10.0,5.7495196159607076e-08,4.022607326507568,2.018955707550049,47.50568389892578,50.427669525146484,97.93335342407227
960.0000000000141,1200,0.35845349015773126,-0.11516350507736206,-0.056980397552251816,0.13304981589317322,0.6652490794658661,7.55985567479911e-08,10.0,1.9324360778227856e-07,4.169961452484131,2.0661447048187256,64.01951599121094,58.832786560058594,122.85230255126953
1200.0000000000275,1500,0.3762253177984899,-0.12759222090244293,-0.06128091737627983,0.1420804113149643,0.7104020565748215,8.453498878679966e-08,10.0,3.8730212281734566e-07,4.397961139678955,2.119666337966919,82.22090911865234,65.11699676513672,147.33790588378906
1440.000000000001,1800,0.38504505857070204,-0.13416297733783722,-0.0630970150232315,0.14396686851978302,0.7198343425989151,8.362034975561983e-08,9.999999046325684,5.959835789326462e-07,4.517762184143066,2.1338655948638916,101.2448959350586,69.89990997314453,171.14480590820312
1679.9999999999745,2100,0.3908899797732675,-0.13888682425022125,-0.06369265913963318,0.1482921689748764,0.741460844874382,7.64817613685409e-08,10.0,8.057616582846094e-07,4.607626914978027,2.1231846809387207,113.58894348144531,72.21653747558594,185.80548095703125
1919.9999999999482,2400,0.39388742533900195,-0.14150214195251465,-0.06362255662679672,0.15351003408432007,0.7675501704216003,7.708867855171775e-08,10.0,9.526300459583581e-07,4.6669535636901855,2.101735830307007,130.26351928710938,75.24242401123047,205.50594329833984
2159.999999999922,2700,0.39684915842568075,-0.14441177248954773,-0.06283394992351532,0.15274356305599213,0.7637178152799606,9.012408952457918e-08,10.0,9.636394224799005e-07,4.722155570983887,2.0595767498016357,155.11224365234375,79.21929931640625,234.33154296875
2399.9999999998954,3000,0.4000213898297102,-0.14735671877861023,-0.06238167732954025,0.15347497165203094,0.7673748582601547,8.583069188716763e-08,10.0,1.089563625100709e-06,4.776230335235596,2.026923656463623,179.9098358154297,83.57299041748047,263.48282623291016
2639.999999999869,3300,0.4150866232751064,-0.159372016787529,-0.0654735341668129,0.15716853737831116,0.7858426868915558,7.748604247126423e-08,10.0,1.1536292277014581e-06,4.9758620262146,2.0414907932281494,225.71075439453125,91.03068542480469,316.74143981933594
2879.9999999998427,3600,0.42543419274671934,-0.1681334227323532,-0.06700799614191055,0.16239891946315765,0.8119945973157883,7.778406541092409e-08,10.0,9.457766623199859e-07,5.114510536193848,2.037322759628296,253.1070098876953,92.97534942626953,346.08235931396484
3119.9999999998163,3900,0.42886902317812936,-0.17165014147758484,-0.06607551127672195,0.15535764396190643,0.7767882198095322,7.023414383411364e-08,10.0,1.2916326568301884e-06,5.180158615112305,1.9927090406417847,272.3135681152344,92.50083923339844,364.8144073486328
3359.99999999979,4200,0.43227019410078865,-0.17503176629543304,-0.06541875749826431,0.15624725818634033,0.7812362909317017,7.346893227122564e-08,10.0,6.651468538620975e-06,5.243483543395996,1.9640634059906006,299.49755859375,93.21261596679688,392.7101745605469
3599.9999999997635,4500,0.4310077593872668,-0.1747564673423767,-0.0630064383149147,0.15897580981254578,0.7948790490627289,8.211781477029945e-08,10.0,2.2768535927752964e-05,5.246828556060791,1.8924508094787598,330.8280944824219,90.3288803100586,421.15697479248047
3839.999999999737,4800,0.4328958699393754,-0.1770712286233902,-0.061352286487817764,0.15898378193378448,0.7949189096689224,7.708867855171775e-08,10.0,4.818849265575409e-05,5.291912078857422,1.8383418321609497,341.8270263671875,93.85862731933594,435.68565368652344
4079.9999999997103,5100,0.4356484259493693,-0.17986346781253815,-0.06057397648692131,0.16250815987586975,0.8125407993793488,6.67572024326546e-08,10.0,7.22619442967698e-05,5.341528415679932,1.7937626838684082,351.7147521972656,97.37245178222656,449.0872039794922
4319.999999999684,5400,0.4436646608829629,-0.18719980120658875,-0.06084047257900238,0.15169519186019897,0.7584759593009949,6.136794894473496e-08,10.0,9.350422624265775e-05,5.451406955718994,1.7752230167388916,360.3175048828125,95.43754577636719,455.7550506591797
4559.999999999658,5700,0.44238286429461154,-0.18674662709236145,-0.058525245636701584,0.15016131103038788,0.7508065551519394,6.834665811084051e-08,10.0,0.00012112229887861758,5.460029602050781,1.7156254053115845,373.3057861328125,90.758056640625,464.0638427734375
4799.999999999632,6000,0.4502154199697564,-0.19459472596645355,-0.056724946945905685,0.15085260570049286,0.7542630285024643,6.345410952235397e-08,10.0,0.00015581291518174112,5.590940952301025,1.6253193616867065,378.1461486816406,94.29911804199219,472.4452667236328
5039.999999999604,6300,0.4584236406524624,-0.20256759226322174,-0.0559493713080883,0.15538530051708221,0.7769265025854111,6.701797161667855e-08,10.0,0.0001958628708962351,5.713322162628174,1.5814563035964966,379.2171936035156,97.71890258789062,476.93609619140625
5279.999999999578,6600,0.4630545779015734,-0.2075788825750351,-0.053728461265563965,0.15168868005275726,0.7584434002637863,6.298171228991123e-08,10.0,0.00022711469500791281,5.79873514175415,1.5036202669143677,366.8176574707031,96.25146484375,463.0691223144531
5519.999999999552,6900,0.45159353022470256,-0.1978379637002945,-0.04950075224041939,0.14601074159145355,0.7300537079572678,7.487833642016994e-08,10.0,0.00024133770784828812,5.673223972320557,1.423177719116211,345.27947998046875,85.89915466308594,431.1786346435547
5759.999999999525,7200,0.43668694253880647,-0.18524469435214996,-0.045267775654792786,0.14132872223854065,0.7066436111927032,6.631017157587848e-08,10.0,0.00025303103029727936,5.495893478393555,1.349838376045227,352.16058349609375,78.29193878173828,430.45252227783203
5999.999999999499,7500,0.4423492035730868,-0.190321683883667,-0.04544786363840103,0.14313526451587677,0.7156763225793839,6.198883539809685e-08,9.999999046325684,0.0002766281249932945,5.5724406242370605,1.3314889669418335,359.235107421875,85.89762115478516,445.13272857666016
6239.9999999994725,7800,0.4460454999426458,-0.1934538185596466,-0.046468742191791534,0.14396753907203674,0.7198376953601837,7.350618602686154e-08,10.0,0.000298268481856212,5.617961406707764,1.355455756187439,347.3327331542969,86.00558471679688,433.33831787109375
6479.999999999446,8100,0.44064667621948095,-0.18812969326972961,-0.048052165657281876,0.13899552822113037,0.6949776411056519,6.901100135792149e-08,10.0,0.00030994368717074394,5.539706707000732,1.4132959842681885,328.5080871582031,84.74362182617188,413.251708984375
6719.99999999942,8400,0.43012846230067947,-0.1790134459733963,-0.04672332480549812,0.1361297369003296,0.680648684501648,5.874161956853641e-08,10.000003814697266,0.00035973518970422447,5.397467613220215,1.4043322801589966,313.129150390625,78.9896240234375,392.1187744140625
6959.999999999393,8700,0.4284267412250654,-0.1777462661266327,-0.0457894504070282,0.1430291086435318,0.715145543217659,5.811453007709133e-08,10.000020980834961,0.0005387672572396696,5.377849102020264,1.3851345777511597,312.6431884765625,80.90612030029297,393.54930877685547
7199.999999999367,9000,0.4277298814979226,-0.177073135972023,-0.04600924253463745,0.1464279741048813,0.7321398705244064,6.986161338318198e-08,10.000341415405273,0.0009237158228643239,5.365890979766846,1.3948544263839722,313.4886169433594,81.97881317138672,395.4674301147461
7439.999999999341,9300,0.4310132483387831,-0.1798393577337265,-0.04657464474439621,0.1452939361333847,0.7264696806669235,7.949769553761143e-08,10.001117706298828,0.0022837193682789803,5.407867908477783,1.396570086479187,309.62664794921875,83.14530181884766,392.7719497680664
7679.999999999314,9600,0.432604733895928,-0.1809733510017395,-0.04767170920968056,0.13755689561367035,0.6877844780683517,6.2774248021924e-08,10.002245903015137,0.006099161226302385,5.426196098327637,1.4237349033355713,296.55267333984375,81.17840576171875,377.7310791015625
7919.999999999288,9900,0.4283520082098439,-0.1775476187467575,-0.04630065709352493,0.13681156933307648,0.6840578466653824,6.516774675446868e-08,10.002969741821289,0.011601650156080723,5.371246814727783,1.397754430770874,290.1669616699219,76.09210968017578,366.25907135009766
8159.9999999992615,10200,0.42918436511331515,-0.17836253345012665,-0.046001728624105453,0.1301998347043991,0.6509991735219955,6.516774675446868e-08,10.003244400024414,0.017574410885572433,5.390858173370361,1.3903347253799438,284.4934387207031,84.09037017822266,368.5838088989258
8399.999999999234,10500,0.4296656955585608,-0.17917482554912567,-0.044476933777332306,0.13369441032409668,0.6684720516204834,6.429851140410392e-08,10.003618240356445,0.02272605337202549,5.405712604522705,1.3510324954986572,281.1813659667969,81.39085388183594,362.5722198486328
8639.999999999209,10800,0.4245572673653634,-0.17502117156982422,-0.043095774948596954,0.13650040328502655,0.6825020164251328,5.47990204324833e-08,10.002721786499023,0.02833903767168522,5.351345062255859,1.3204587697982788,277.2068786621094,75.84806060791016,353.05493927001953
8879.999999999181,11100,0.4178994198698055,-0.1692565381526947,-0.043027058243751526,0.14100171625614166,0.7050085812807083,5.851189399663781e-08,10.001455307006836,0.0359921008348465,5.25673770904541,1.3346917629241943,283.5806579589844,72.52803802490234,356.1086959838867
9119.999999999156,11400,0.4181600573878429,-0.16946358978748322,-0.04309702664613724,0.14038178324699402,0.7019089162349701,6.387631401594263e-08,10.00074291229248,0.04762249439954758,5.260871410369873,1.3372771739959717,292.7177734375,77.0516586303711,369.7694320678711
9359.999999999129,11700,0.4197777786665484,-0.1705545336008072,-0.04429794102907181,0.13407081365585327,0.6703540682792664,7.043282579388688e-08,10.000994682312012,0.06262702494859695,5.272374153137207,1.3685859441757202,301.076171875,80.04345703125,381.11962890625
9599.999999999103,12000,0.422204772648636,-0.17250166833400726,-0.04492979124188423,0.134966179728508,0.67483089864254,7.120659972770227e-08,10.001448631286621,0.07847344875335693,5.3030195236206055,1.3768622875213623,313.0953674316406,82.47825622558594,395.57362365722656
9839.999999999396,12300,0.42020900938528394,-0.17101024091243744,-0.04398231580853462,0.13388295471668243,0.6694147735834122,6.020069065471034e-08,10.00191879272461,0.09263602644205093,5.278765678405762,1.353955864906311,313.3120422363281,83.05128479003906,396.3633270263672
10079.999999999689,12600,0.4147779982611582,-0.16717416048049927,-0.040630441159009933,0.1391172707080841,0.6955863535404205,6.198883539809685e-08,10.002758979797363,0.10551527142524719,5.229095458984375,1.2733514308929443,305.3826599121094,84.03840637207031,389.4210662841797
10319.999999999982,12900,0.41244491462311106,-0.16550196707248688,-0.03932919725775719,0.14134544134140015,0.7067272067070007,6.963809795479392e-08,10.003643989562988,0.11811934411525726,5.205341815948486,1.2445929050445557,295.2404479980469,79.59663391113281,374.8370819091797
10560.000000000276,13200,0.4112368105530693,-0.16440264880657196,-0.039647117257118225,0.14041009545326233,0.7020504772663116,7.423261649819324e-08,10.004287719726562,0.12914521992206573,5.185342788696289,1.2540000677108765,286.9875183105469,79.95905303955078,366.94657135009766
10800.00000000057,13500,0.41151798435739684,-0.1645059734582901,-0.04020209610462189,0.12745682895183563,0.6372841447591782,6.973743893468054e-08,10.004901885986328,0.13847176730632782,5.181283950805664,1.267011284828186,284.61639404296875,75.49732971191406,360.1137237548828
11040.000000000862,13800,0.4075407800278803,-0.1611781120300293,-0.04009157046675682,0.1342078298330307,0.6710391491651535,6.581346667644539e-08,10.006447792053223,0.14694711565971375,5.127840995788574,1.2751954793930054,286.6927490234375,77.61122131347656,364.30397033691406
11280.000000001155,14100,0.4088305610181088,-0.16224895417690277,-0.04014807567000389,0.130715474486351,0.6535773724317551,7.530053380833124e-08,10.00885009765625,0.15495729446411133,5.142758846282959,1.2769968509674072,288.50775146484375,73.79419708251953,362.3019485473633
11520.00000000145,14400,0.40947671327434715,-0.16262102127075195,-0.040841493755578995,0.13264183700084686,0.6632091850042343,8.066495382763605e-08,10.011526107788086,0.16198542714118958,5.145715713500977,1.2989295721054077,285.4916076660156,75.91226196289062,361.40386962890625
11760.000000001743,14700,0.40600862986001046,-0.15942461788654327,-0.041916683316230774,0.13714736700057983,0.6857368350028992,6.814797615106727e-08,10.01427936553955,0.1678023487329483,5.092759132385254,1.340415358543396,283.50225830078125,76.4516830444336,359.95394134521484
12000.000000002035,15000,0.40483816103156345,-0.158006489276886,-0.0435335710644722,0.13239054381847382,0.6619527190923691,7.60952616474242e-08,10.01679801940918,0.17336280643939972,5.064205169677734,1.3917285203933716,295.3564453125,75.55838012695312,370.9148254394531
12240.000000002328,15300,0.408596310645554,-0.16102394461631775,-0.04408976435661316,0.1354503482580185,0.6772517412900925,6.392287588141699e-08,10.01906681060791,0.1792384833097458,5.106401443481445,1.3996292352676392,312.1990661621094,75.20895385742188,387.40802001953125
12480.000000002623,15600,0.408762328289605,-0.16115634143352509,-0.04412005469202995,0.13051624596118927,0.6525812298059464,6.645917949299474e-08,10.021673202514648,0.18603257834911346,5.110023498535156,1.4059215784072876,313.3870544433594,80.8993911743164,394.2864456176758
12720.000000002916,15900,0.4062475278397933,-0.15888676047325134,-0.044634364545345306,0.13636788725852966,0.6818394362926483,7.669131463217127e-08,10.024744987487793,0.19424743950366974,5.074120044708252,1.4279496669769287,307.8138732910156,80.12101745605469,387.9348907470703
12960.000000003209,16200,0.4057696925822392,-0.15821024775505066,-0.04559413343667984,0.13782496750354767,0.6891248375177383,7.232030441173265e-08,10.027946472167969,0.20353269577026367,5.051987648010254,1.454567551612854,314.5474853515625,73.41537475585938,387.9628601074219
13200.000000003502,16500,0.4057820114352214,-0.15803205966949463,-0.0462435707449913,0.13369061052799225,0.6684530526399612,6.397565499582925e-08,10.03089427947998,0.2127642035484314,5.050248146057129,1.474084734916687,330.3399658203125,76.64390563964844,406.98387145996094
13440.000000003796,16800,0.4077963241594707,-0.15968717634677887,-0.04642174020409584,0.13594256341457367,0.6797128170728683,6.854534007061375e-08,10.033839225769043,0.2219250500202179,5.073806285858154,1.4761954545974731,332.4464416503906,79.67224884033203,412.11869049072266
13680.000000004089,17100,0.40941961630784435,-0.16087272763252258,-0.047094717621803284,0.13825975358486176,0.6912987679243088,6.208817637798347e-08,10.037150382995605,0.23008312284946442,5.096465110778809,1.4958300590515137,326.5106201171875,80.63094329833984,407.14156341552734
13920.000000004382,17400,0.41147608595917323,-0.16222697496414185,-0.048468079417943954,0.14644388854503632,0.7322194427251816,7.281700931116575e-08,10.040129661560059,0.23591212928295135,5.10939359664917,1.5245862007141113,318.8589782714844,83.73715209960938,402.59613037109375
14160.000000004675,17700,0.40735747981915316,-0.15913276374340057,-0.04704131931066513,0.13566963374614716,0.6783481687307358,6.67572024326546e-08,10.04378604888916,0.24087689816951752,5.068117141723633,1.496317744255066,314.0316162109375,81.39276885986328,395.4243850708008
14400.00000000497,18000,0.40083286440929505,-0.15391290187835693,-0.04609445482492447,0.1389016956090927,0.6945084780454636,7.150074310402488e-08,10.048060417175293,0.24600227177143097,4.984919548034668,1.4952987432479858,313.6594543457031,80.53630065917969,394.1957550048828
14640.000000005262,18300,0.4026701718247949,-0.15504656732082367,-0.04744471609592438,0.14133620262145996,0.7066810131072998,7.98702259885431e-08,10.053776741027832,0.2534398138523102,4.991515159606934,1.5325301885604858,313.6204833984375,80.25555419921875,393.87603759765625
14880.000000005555,18600,0.3986216583999305,-0.1517208367586136,-0.047220248728990555,0.14687255024909973,0.7343627512454987,7.589657968765096e-08,10.061903953552246,0.2638271749019623,4.939150810241699,1.5412120819091797,306.9645080566406,80.55843353271484,387.52294158935547
15120.000000005848,18900,0.398167879398303,-0.15148335695266724,-0.04676518216729164,0.1423487663269043,0.7117438316345215,7.435679805212203e-08,10.07187271118164,0.2745242714881897,4.933011531829834,1.5291204452514648,301.1980285644531,79.80317687988281,381.00120544433594
15360.000000006143,19200,0.4022390975790601,-0.15453341603279114,-0.04793186113238335,0.13939069211483002,0.6969534605741501,6.993612089445378e-08,10.078490257263184,0.28556880354881287,4.975862503051758,1.5451785326004028,300.54107666015625,80.4611587524414,381.00223541259766
15600.000000006436,19500,0.4022202880172767,-0.15437918901443481,-0.04837571457028389,0.13996031880378723,0.6998015940189362,7.383525257864676e-08,10.0833740234375,0.297732949256897,4.972503185272217,1.5621849298477173,296.54901123046875,78.953369140625,375.50238037109375
15840.000000006728,19800,0.40252991463925364,-0.15453310310840607,-0.04871702566742897,0.1465955525636673,0.7329777628183365,7.765988385699529e-08,10.089947700500488,0.3098066747188568,4.969653606414795,1.5750384330749512,302.3858337402344,81.85923767089844,384.2450714111328
16080.000000007021,20100,0.4038774878979369,-0.1555616557598114,-0.04906867817044258,0.1363028585910797,0.6815142929553986,7.172425853241293e-08,10.096807479858398,0.32488828897476196,4.98683500289917,1.5757970809936523,302.7001647949219,82.08728790283203,384.7874526977539
16320.000000007316,20400,0.4052361937798806,-0.15682929754257202,-0.04869895800948143,0.13572846353054047,0.6786423176527023,8.518497196519093e-08,10.098348617553711,0.35341617465019226,5.0128889083862305,1.5584003925323486,310.2138671875,83.51023864746094,393.72410583496094
16560.000000007607,20700,0.4090112027329871,-0.15996409952640533,-0.04896412789821625,0.1345411092042923,0.6727055460214615,6.909171901270383e-08,10.09777545928955,0.38391774892807007,5.066893577575684,1.5515581369400024,319.5925598144531,81.27951049804688,400.8720703125
16800.0000000079,21000,0.41131043881649937,-0.1618034690618515,-0.049398887902498245,0.13731049001216888,0.6865524500608444,6.715456635220107e-08,10.095393180847168,0.40824562311172485,5.0913310050964355,1.5593045949935913,323.19952392578125,81.5330581665039,404.73258209228516
17040.000000008196,21300,0.40834964245935607,-0.15920390188694,-0.0495932474732399,0.14078389108181,0.70391945540905,7.530053380833124e-08,10.091959953308105,0.4267040193080902,5.04142951965332,1.5801501274108887,322.9830627441406,82.94505310058594,405.92811584472656
17280.000000008487,21600,0.4083626503841205,-0.15935897827148438,-0.04912872612476349,0.14109466969966888,0.7054733484983444,8.297463693907048e-08,10.08838176727295,0.440917432308197,5.043407917022705,1.5674712657928467,322.64935302734375,80.63040161132812,403.2797546386719
17520.000000008782,21900,0.4145951290327669,-0.16417254507541656,-0.050923917442560196,0.141948863863945,0.709744319319725,7.152557657263969e-08,10.090177536010742,0.4522987902164459,5.124522686004639,1.5888710021972656,319.52703857421875,86.73778533935547,406.2648239135742
17760.000000009077,22200,0.41047277835118806,-0.16096900403499603,-0.04977100342512131,0.14446310698986053,0.7223155349493027,7.599592066753758e-08,10.096478462219238,0.46018362045288086,5.079792499542236,1.5806070566177368,303.9461975097656,83.04653930664062,386.99273681640625
18000.000000009368,22500,0.4087830807248022,-0.15966258943080902,-0.04930996894836426,0.140128031373024,0.7006401568651199,7.450580596923828e-08,10.103582382202148,0.4668009877204895,5.057886123657227,1.5701621770858765,299.1702880859375,79.76553344726562,378.9358215332031
18240.000000009662,22800,0.40406547149317623,-0.15575256943702698,-0.04896807670593262,0.1382966935634613,0.6914834678173065,7.162491755252631e-08,10.11068058013916,0.4731047749519348,4.996837615966797,1.5727430582046509,300.7421569824219,76.2118911743164,376.9540481567383
18480.000000009954,23100,0.40420727117749816,-0.15594568848609924,-0.04873516410589218,0.14779186248779297,0.7389593124389648,7.227063036907566e-08,10.120015144348145,0.48033449053764343,5.001183032989502,1.5689263343811035,306.0376281738281,82.04228210449219,388.0799102783203
18720.00000001025,23400,0.40656135628280377,-0.15780234336853027,-0.04919258877635002,0.15435555577278137,0.7717777788639069,7.36117371502587e-08,10.131952285766602,0.48942601680755615,5.032041072845459,1.5723698139190674,313.63055419921875,82.1336898803711,395.76424407958984
18960.000000010543,23700,0.40773714096886965,-0.15854224562644958,-0.05003276839852333,0.14850430190563202,0.7425215095281601,8.265177342536845e-08,10.146098136901855,0.4984474182128906,5.042161464691162,1.5948717594146729,317.8999328613281,87.05360412597656,404.9535369873047
19200.000000010834,24000,0.4099356860694952,-0.16001783311367035,-0.051324233412742615,0.14214663207530975,0.7107331603765488,7.922450606656639e-08,10.159978866577148,0.5061871409416199,5.0565972328186035,1.6226165294647217,322.7402038574219,85.52457427978516,408.26477813720703
19440.000000011125,24300,0.4171942468754365,-0.16562587022781372,-0.05349612608551979,0.14698997139930725,0.7349498569965363,7.857879325001704e-08,10.173009872436523,0.5130545496940613,5.141854286193848,1.6636061668395996,324.0307922363281,86.2182388305664,410.24903106689453
19680.00000001142,24600,0.41433284433236683,-0.16331127285957336,-0.05292072147130966,0.1414576917886734,0.707288458943367,7.187326644952918e-08,10.185150146484375,0.5193488001823425,5.110413551330566,1.6605165004730225,338.179931640625,81.22429656982422,419.4042282104492
19920.000000011714,24900,0.4083981264176231,-0.1585499793291092,-0.051773395389318466,0.1572132557630539,0.7860662788152695,8.429090314621135e-08,10.19580078125,0.5244712829589844,5.03947639465332,1.6476807594299316,336.6928405761719,87.33771514892578,424.03055572509766
20160.000000012005,25200,0.40829051193548727,-0.15822386741638184,-0.052483126521110535,0.15415358543395996,0.7707679271697998,7.748604247126423e-08,10.205436706542969,0.529509961605072,5.0259575843811035,1.6611394882202148,338.68475341796875,80.93209838867188,419.6168518066406
20400.0000000123,25500,0.4064872543961722,-0.1568613052368164,-0.05192405730485916,0.14872750639915466,0.7436375319957733,8.106231774718253e-08,10.213690757751465,0.5347616672515869,5.004012107849121,1.654154896736145,337.25238037109375,84.57780456542969,421.83018493652344
20640.00000001259,25800,0.40240733706569526,-0.15382666885852814,-0.050588734447956085,0.1415865123271942,0.7079325616359711,7.708867855171775e-08,10.222049713134766,0.5385227799415588,4.956253528594971,1.6336345672607422,335.7712707519531,76.4368667602539,412.20813751220703
20880.000000012886,26100,0.40409573511885577,-0.15505656599998474,-0.05120726302266121,0.14239190518856049,0.7119595259428024,8.046627186786282e-08,10.230863571166992,0.5398374795913696,4.973400592803955,1.6464282274246216,339.9848327636719,81.38046264648438,421.36529541015625
21120.00000001318,26400,0.4000897499891564,-0.15184712409973145,-0.05065011978149414,0.14768986403942108,0.7384493201971054,8.180737864904586e-08,10.240077018737793,0.540452778339386,4.9260430335998535,1.647638201713562,346.00018310546875,78.3310317993164,424.33121490478516
21360.00000001347,26700,0.4012958192371142,-0.1523018479347229,-0.05232105031609535,0.14144836366176605,0.7072418183088303,7.706383797767558e-08,10.252508163452148,0.5425605773925781,4.921652793884277,1.6873893737792969,365.25762939453125,83.07611083984375,448.333740234375
21600.000000013766,27000,0.4035379672847591,-0.1538059264421463,-0.053493402898311615,0.14110030233860016,0.7055015116930008,7.649263267239803e-08,10.268033027648926,0.5453009605407715,4.936779022216797,1.7199022769927979,367.54315185546875,87.18863677978516,454.7317886352539
21840.00000001406,27300,0.40269220441393877,-0.15353256464004517,-0.05219142884016037,0.14595948159694672,0.7297974079847336,8.359551628700501e-08,10.281913757324219,0.5495021939277649,4.936244487762451,1.6908899545669556,371.3547668457031,87.92086791992188,459.275634765625
22080.000000014352,27600,0.4099096332138373,-0.1592198759317398,-0.053681809455156326,0.15361730754375458,0.7680865377187729,8.583069188716763e-08,10.288789749145508,0.5566427707672119,5.032000541687012,1.704193115234375,377.8799133300781,92.83919525146484,470.71910858154297
22320.000000014647,27900,0.4152776729825142,-0.16303889453411102,-0.05620706453919411,0.1489780694246292,0.7448903471231461,7.092953069331998e-08,10.293231010437012,0.5651282668113708,5.084388732910156,1.757965087890625,373.85009765625,91.81809997558594,465.66819763183594
22560.000000014938,28200,0.4159510421879089,-0.16352955996990204,-0.056501030921936035,0.14789102971553802,0.7394551485776901,7.639329169251141e-08,10.300413131713867,0.574366569519043,5.094093322753906,1.7639471292495728,370.2350158691406,91.01876068115234,461.25377655029297
22800.000000015232,28500,0.42092372546251117,-0.16744595766067505,-0.05790909752249718,0.14835695922374725,0.7417847961187363,7.808208835058394e-08,10.310600280761719,0.5845945477485657,5.157005310058594,1.784958004951477,380.4112548828125,93.26640319824219,473.6776580810547
23040.000000015527,28800,0.4145025887699347,-0.1624084860086441,-0.05606231465935707,0.1445453017950058,0.722726508975029,7.688999659194451e-08,10.321512222290039,0.5955231785774231,5.081600666046143,1.756325602531433,381.89105224609375,93.9214096069336,475.81246185302734
23280.000000015818,29100,0.41302557775630894,-0.1614098697900772,-0.05520729720592499,0.15055884420871735,0.7527942210435867,7.947286206899662e-08,10.323196411132812,0.6129859685897827,5.069225788116455,1.7353538274765015,370.1328125,92.57673645019531,462.7095489501953
23520.000000016113,29400,0.4119422661075489,-0.16079184412956238,-0.05424814671278,0.14325697720050812,0.7162848860025406,7.60952616474242e-08,10.319926261901855,0.6416479349136353,5.057809352874756,1.7134426832199097,365.5585632324219,92.58722686767578,458.14579010009766
23760.000000016407,29700,0.4129393557989682,-0.16161878407001495,-0.0543697327375412,0.1442035287618637,0.7210176438093185,7.629394360719743e-08,10.320849418640137,0.6755466461181641,5.073782444000244,1.7159621715545654,345.9778137207031,91.5324935913086,437.5103073120117
24000.0000000167,30000,0.4125878384142299,-0.16113902628421783,-0.0548819899559021,0.1397278904914856,0.698639452457428,7.88768161896769e-08,10.321647644042969,0.7073643207550049,5.065093517303467,1.7292799949645996,339.7058410644531,81.08892059326172,420.79476165771484
24240.000000016993,30300,0.41529769084975404,-0.16349223256111145,-0.05492667853832245,0.14275284111499786,0.7137642055749893,9.400149281191261e-08,10.323687553405762,0.7317219376564026,5.103333950042725,1.7202492952346802,349.34051513671875,86.5366439819336,435.87715911865234
24480.000000017284,30600,0.41972272018379114,-0.16684739291667938,-0.05654039606451988,0.1457069367170334,0.7285346835851669,7.98702259885431e-08,10.332751274108887,0.749614417552948,5.142907619476318,1.7448616027832031,357.4450988769531,85.87300109863281,443.31809997558594
24720.00000001758,30900,0.42615638577751114,-0.1720716953277588,-0.05807974562048912,0.14763981103897095,0.7381990551948547,7.331371421059885e-08,10.346345901489258,0.7576660513877869,5.221218585968018,1.7647558450698853,354.5350036621094,91.07950592041016,445.61450958251953
24960.000000017873,31200,0.433071667615993,-0.17762576043605804,-0.060203760862350464,0.15086548030376434,0.7543274015188217,7.589657968765096e-08,10.358478546142578,0.7620136737823486,5.300210952758789,1.7968151569366455,346.0410461425781,93.05191040039062,439.09295654296875
25200.000000018164,31500,0.4351380697468786,-0.17951586842536926,-0.06021324545145035,0.146779865026474,0.73389932513237,9.208918072545202e-08,10.371644973754883,0.7645770311355591,5.345378875732422,1.7891271114349365,325.24298095703125,93.20458984375,418.44757080078125
25440.00000001846,31800,0.4323432036375385,-0.17724201083183289,-0.0593683198094368,0.15451805293560028,0.7725902646780014,8.275111440525507e-08,10.39002513885498,0.7634550333023071,5.314479827880859,1.7821273803710938,314.33837890625,89.6960220336914,404.0344009399414
25680.000000018754,32100,0.43407170812456874,-0.178608238697052,-0.06000444293022156,0.14790482819080353,0.7395241409540176,8.03669308879762e-08,10.40820026397705,0.761747419834137,5.335934162139893,1.7904400825500488,310.99481201171875,85.84748840332031,396.84230041503906
25920.000000019045,32400,0.42687945530281896,-0.17250648140907288,-0.05871843174099922,0.14817729592323303,0.7408864796161652,8.285045538514169e-08,10.4259614944458,0.7615254521369934,5.238738059997559,1.7851744890213013,304.2124328613281,82.9210205078125,387.1334533691406
26160.00000001934,32700,0.4204424582864107,-0.16719089448451996,-0.057406406849622726,0.13733945786952972,0.6866972893476486,7.818142933047056e-08,10.443450927734375,0.762184202671051,5.154788017272949,1.7702637910842896,294.8183898925781,83.51746368408203,378.33585357666016
26400.00000001963,33000,0.4176241408013134,-0.165028378367424,-0.05643098056316376,0.1388895958662033,0.6944479793310165,8.622805580671411e-08,10.46090316772461,0.7623875141143799,5.12530517578125,1.7579690217971802,282.942138671875,81.99771881103516,364.93985748291016
26640.000000019925,33300,0.4141341212969664,-0.1623290628194809,-0.055352963507175446,0.13888944685459137,0.6944472342729568,7.589657968765096e-08,10.477476119995117,0.7615575790405273,5.08777379989624,1.7353367805480957,290.91156005859375,78.39818572998047,369.3097457885742
26880.00000002022,33600,0.417253012712144,-0.16495254635810852,-0.055691059678792953,0.14695364236831665,0.7347682118415833,7.311503225082561e-08,10.494887351989746,0.7579261660575867,5.128068923950195,1.7292357683181763,303.1587219238281,80.28282165527344,383.44154357910156
27120.00000002051,33900,0.4161024103465414,-0.16412612795829773,-0.05514068156480789,0.14575430750846863,0.7287715375423431,7.599592066753758e-08,10.51185417175293,0.7569059729576111,5.112051486968994,1.71113121509552,315.4093322753906,82.11339569091797,397.5227279663086
27360.000000020806,34200,0.4210556300600051,-0.1681756228208542,-0.05610650032758713,0.1462395042181015,0.7311975210905075,7.5101851848558e-08,10.527615547180176,0.7580114603042603,5.172839164733887,1.722493290901184,320.03631591796875,86.35974884033203,406.3960647583008
27600.0000000211,34500,0.42457766946260156,-0.17095805704593658,-0.057177308946847916,0.14491169154644012,0.7245584577322006,7.828077031035718e-08,10.539345741271973,0.7606774568557739,5.216261863708496,1.7442792654037476,328.5319519042969,84.61360931396484,413.1455612182617
27840.00000002139,34800,0.42284343543974984,-0.1693638563156128,-0.05730704963207245,0.14350959658622742,0.7175479829311371,8.742014756535355e-08,10.55167293548584,0.7628934979438782,5.192635536193848,1.7575172185897827,342.20989990234375,80.7664566040039,422.97635650634766
28080.000000021686,35100,0.42099459527269917,-0.16769585013389587,-0.0573660247027874,0.1489986628293991,0.7449933141469955,7.435679805212203e-08,10.567893028259277,0.7609940767288208,5.154757976531982,1.7713977098464966,356.3485412597656,84.9227066040039,441.27124786376953
28320.000000021977,35400,0.4188007055395469,-0.16590528190135956,-0.05690785124897957,0.14805322885513306,0.7402661442756653,8.026758990808958e-08,10.583666801452637,0.7576435804367065,5.129709243774414,1.7654683589935303,359.41229248046875,86.63111114501953,446.0434036254883
28560.00000002227,35700,0.41672819503941927,-0.16443587839603424,-0.05585218966007233,0.16018785536289215,0.8009392768144608,7.291635029105237e-08,10.600905418395996,0.7582135796546936,5.11707067489624,1.7417887449264526,368.869873046875,89.93402862548828,458.8039016723633
28800.000000022566,36000,0.4173938571720762,-0.1652279645204544,-0.055240411311388016,0.15013277530670166,0.7506638765335083,7.5101851848558e-08,10.617097854614258,0.7642338871955872,5.132774353027344,1.722374439239502,374.5006103515625,92.85870361328125,467.35931396484375
29040.000000022857,36300,0.41770247011417916,-0.16554556787014008,-0.05510275810956955,0.15295515954494476,0.7647757977247238,7.748604247126423e-08,10.628803253173828,0.7718095779418945,5.133637428283691,1.7140657901763916,378.54931640625,94.67607879638672,473.2253952026367
29280.000000023152,36600,0.4217746645317119,-0.1687660813331604,-0.056251559406518936,0.15000838041305542,0.7500419020652771,8.394321326932186e-08,10.635661125183105,0.7785999178886414,5.186246395111084,1.7285659313201904,375.8745422363281,93.88972473144531,469.76426696777344
29520.000000023447,36900,0.422250490299543,-0.16898402571678162,-0.05686542019248009,0.14706765115261078,0.7353382557630539,7.589657968765096e-08,10.643195152282715,0.7851623296737671,5.180930137634277,1.7505794763565063,361.8830261230469,95.39897918701172,457.2820053100586
29760.000000023738,37200,0.42181715124865016,-0.16828611493110657,-0.057782046496868134,0.14571671187877655,0.7285835593938828,8.275111440525507e-08,10.651593208312988,0.7957316637039185,5.16502046585083,1.7740927934646606,351.798828125,92.22968292236328,444.0285110473633
30000.000000024032,37500,0.41957951533823634,-0.16644832491874695,-0.05733664333820343,0.14481960237026215,0.7240980118513107,7.882714214701991e-08,10.658766746520996,0.8050267100334167,5.141181468963623,1.7723456621170044,347.7686462402344,91.92820739746094,439.6968536376953
30240.000000024324,37800,0.41778803923247754,-0.1653178185224533,-0.05600553750991821,0.14911828935146332,0.7455914467573166,7.5101851848558e-08,10.669294357299805,0.8099381327629089,5.128931045532227,1.7431259155273438,343.0836486816406,89.63802337646484,432.72167205810547
30480.00000002462,38100,0.41993222482340425,-0.1672639399766922,-0.055853862315416336,0.152796670794487,0.763983353972435,1.0482967383040886e-07,10.679471969604492,0.8144082427024841,5.164548397064209,1.7250616550445557,342.9044494628906,89.75055694580078,432.6550064086914
30720.000000024913,38400,0.41710970775830025,-0.16539642214775085,-0.053974445909261703,0.15378494560718536,0.7689247280359268,8.955598218562955e-08,10.684501647949219,0.8125625252723694,5.13958740234375,1.6831775903701782,357.6306457519531,89.6815414428711,447.3121871948242
30960.000000025204,38700,0.42380268367641893,-0.1708253026008606,-0.055479783564805984,0.1519169807434082,0.759584903717041,8.865570322313943e-08,10.690625190734863,0.8037564158439636,5.221314430236816,1.6980892419815063,371.35675048828125,95.71147918701172,467.06822967529297
31200.0000000255,39000,0.43198231687679045,-0.17752450704574585,-0.05751403793692589,0.15184317529201508,0.7592158764600754,9.382764432075419e-08,10.700714111328125,0.7937446236610413,5.321653842926025,1.7276787757873535,379.34869384765625,99.15193939208984,478.5006332397461
31440.000000025793,39300,0.4248280251782669,-0.17161314189434052,-0.05587079003453255,0.15450243651866913,0.7725121825933456,8.742014756535355e-08,10.712150573730469,0.7857663631439209,5.240420341491699,1.706540584564209,376.1870422363281,89.38123321533203,465.56827545166016
31680.000000026084,39600,0.42332861574320657,-0.1708637923002243,-0.05404401198029518,0.15423639118671417,0.7711819559335709,8.046627186786282e-08,10.72402572631836,0.779160737991333,5.233357906341553,1.6638439893722534,368.7705383300781,97.94632720947266,466.7168655395508
31920.00000002638,39900,0.4239942308347764,-0.17163939774036407,-0.053456228226423264,0.15302634239196777,0.7651317119598389,8.537124074337044e-08,10.736475944519043,0.7715950012207031,5.245737075805664,1.6430386304855347,368.3792419433594,94.49114990234375,462.8703918457031
32160.00000002667,40200,0.42630850538863824,-0.17357631027698517,-0.053854502737522125,0.15082193911075592,0.7541096955537796,8.662541972626059e-08,10.7494478225708,0.7632207870483398,5.275668621063232,1.6445434093475342,373.57879638671875,94.62262725830078,468.20142364501953
32400.000000026965,40500,0.42858400720828177,-0.17550763487815857,-0.05419385805726051,0.16014957427978516,0.8007478713989258,8.054077937913462e-08,10.767147064208984,0.7610000371932983,5.304851055145264,1.643579363822937,389.8669128417969,90.5730209350586,480.43993377685547
32640.00000002726,40800,0.43258910175484055,-0.17869319021701813,-0.05556642264127731,0.15405860543251038,0.7702930271625519,8.761882952512678e-08,10.78360652923584,0.7650819420814514,5.347823143005371,1.669210433959961,406.4262390136719,93.5223159790039,499.9485549926758
32880.000000027554,41100,0.43506696166866893,-0.18036217987537384,-0.05742505565285683,0.15576134622097015,0.7788067311048508,7.36117371502587e-08,10.795706748962402,0.7706608176231384,5.373895168304443,1.7124111652374268,406.3513488769531,99.06683349609375,505.4181823730469
33120.000000027845,41400,0.42998145279902794,-0.1758839637041092,-0.05698195472359657,0.1512906551361084,0.756453275680542,8.60790407841705e-08,10.808792114257812,0.7712792158126831,5.301265239715576,1.7241570949554443,397.4653015136719,96.38201904296875,493.8473205566406
33360.000000028136,41700,0.4363118927083166,-0.18096821010112762,-0.05908052250742912,0.16111990809440613,0.8055995404720306,8.230408354847896e-08,10.81786823272705,0.7687495946884155,5.372533321380615,1.7536208629608154,397.4273681640625,97.36351776123047,494.79088592529297
33600.000000028434,42000,0.4369608843417661,-0.18184958398342133,-0.05819649621844292,0.17049551010131836,0.8524775505065918,9.099642994669921e-08,10.827350616455078,0.7680423855781555,5.394381999969482,1.7322118282318115,398.2213134765625,97.23020935058594,495.45152282714844
33840.000000028725,42300,0.4330112235150837,-0.17845427989959717,-0.0575312077999115,0.156234011054039,0.781170055270195,7.450580596923828e-08,10.829925537109375,0.7742772698402405,5.342440128326416,1.7333722114562988,384.2986755371094,96.60921478271484,480.9078903198242
34080.00000002902,42600,0.4258638677158454,-0.1722932755947113,-0.05662586912512779,0.14740398526191711,0.7370199263095856,8.170803766915924e-08,10.831341743469238,0.7801055908203125,5.24863338470459,1.7336478233337402,377.31396484375,88.81156921386719,466.1255340576172
34320.000000029315,42900,0.4234868636631791,-0.1702568084001541,-0.05635474994778633,0.15186595916748047,0.7593297958374023,7.867813422990366e-08,10.841151237487793,0.7775091528892517,5.21582555770874,1.7280727624893188,379.0240173339844,95.66563415527344,474.6896514892578
34560.000000029606,43200,0.42304295980547924,-0.16981451213359833,-0.05649448186159134,0.16351716220378876,0.8175858110189438,7.57475717705347e-08,10.858864784240723,0.7735130786895752,5.203437328338623,1.7360798120498657,385.7455139160156,95.42510223388672,481.17061614990234
34800.0000000299,43500,0.43297854002806513,-0.1779637336730957,-0.05894121155142784,0.15905286371707916,0.7952643185853958,8.742014756535355e-08,10.875053405761719,0.7679375410079956,5.3183770179748535,1.765999436378479,400.8576354980469,95.55259704589844,496.4102325439453
35040.00000003019,43800,0.44224758996467156,-0.18577967584133148,-0.06114405021071434,0.16611415147781372,0.8305707573890686,8.448958510598459e-08,10.88717269897461,0.7610335946083069,5.430644512176514,1.796221137046814,414.0054626464844,101.46925354003906,515.4747161865234
35280.000000030486,44100,0.4465546372756421,-0.18951667845249176,-0.06203380599617958,0.1643451303243637,0.8217256516218185,7.579723870776434e-08,10.897274017333984,0.7504109144210815,5.496016502380371,1.8010311126708984,416.6490783691406,105.79714965820312,522.4462280273438
35520.00000003078,44400,0.43955023406735555,-0.18356189131736755,-0.060274168848991394,0.15858803689479828,0.7929401844739914,9.313225746154785e-08,10.906611442565918,0.734555184841156,5.411750316619873,1.7782503366470337,422.078857421875,101.40396881103516,523.4828262329102
35760.00000003107,44700,0.4375308643640743,-0.1817934811115265,-0.059981849044561386,0.14715951681137085,0.7357975840568542,8.026758990808958e-08,10.914163589477539,0.7186297178268433,5.37801456451416,1.7794573307037354,434.5447998046875,98.81116485595703,533.3559646606445
36000.00000003137,45000,0.4344747074404623,-0.17964208126068115,-0.057984333485364914,0.1539289802312851,0.7696449011564255,7.232030441173265e-08,10.918225288391113,0.7089324593544006,5.342902660369873,1.7317626476287842,439.30645751953125,101.74453735351562,541.0509948730469
36240.00000003166,45300,0.4331292684038809,-0.17893420159816742,-0.056361980736255646,0.15524685382843018,0.7762342691421509,8.742014756535355e-08,10.925668716430664,0.701335072517395,5.338107585906982,1.6905943155288696,449.1628723144531,97.94689178466797,547.1097640991211
36480.00000003195,45600,0.4348047290274321,-0.1805804818868637,-0.05596910044550896,0.15136383473873138,0.7568191736936569,8.076429480752267e-08,10.938432693481445,0.6955130100250244,5.371069431304932,1.6673840284347534,459.2549743652344,95.22171020507812,554.4766845703125
36720.00000003225,45900,0.4322352860808287,-0.17824356257915497,-0.05597935616970062,0.15885905921459198,0.7942952960729599,7.669131463217127e-08,10.953056335449219,0.6884164214134216,5.336169719696045,1.6727023124694824,470.7443542480469,99.62104034423828,570.3653945922852
36960.00000003254,46200,0.4309859028438501,-0.17725791037082672,-0.05551817640662193,0.16587941348552704,0.8293970674276352,7.629394360719743e-08,10.968490600585938,0.6824635863304138,5.319948196411133,1.6729040145874023,483.83837890625,97.60989379882812,581.4482727050781
37200.00000003283,46500,0.42847030558207283,-0.17503699660301208,-0.05537295341491699,0.16145586967468262,0.8072793483734131,8.503596404807467e-08,10.982685089111328,0.6756815910339355,5.292946815490723,1.675195574760437,494.57781982421875,98.56206512451172,593.1398849487305
37440.00000003313,46800,0.4319481492622847,-0.1780107021331787,-0.05589265748858452,0.15989141166210175,0.7994570583105087,8.503596404807467e-08,10.99328327178955,0.6736872792243958,5.328282833099365,1.6814656257629395,504.62237548828125,98.72054290771484,603.3429183959961
37680.00000003342,47100,0.43904366400811734,-0.1841745376586914,-0.056884992867708206,0.1593138426542282,0.796569213271141,7.833043724758681e-08,11.00074291229248,0.6655731797218323,5.423017501831055,1.6852047443389893,511.17083740234375,102.5490951538086,613.7199325561523
37920.00000003371,47400,0.44041319534513595,-0.18535269796848297,-0.057151783257722855,0.15087176859378815,0.7543588429689407,8.411705465505293e-08,11.005746841430664,0.6570396423339844,5.444873332977295,1.686387538909912,512.27880859375,104.65911102294922,616.9379196166992
38160.00000003401,47700,0.43706047686417976,-0.18225179612636566,-0.05721567943692207,0.15581345558166504,0.7790672779083252,8.165836362650225e-08,11.00848388671875,0.6499952673912048,5.398653507232666,1.7026419639587402,523.9654541015625,105.7520980834961,629.7175521850586
38400.00000003429,48000,0.4392644193689948,-0.18407323956489563,-0.05786183103919029,0.14828358590602875,0.7414179295301437,9.107093035254366e-08,11.00799560546875,0.6465127468109131,5.428262233734131,1.711047887802124,526.17919921875,114.51551055908203,640.694709777832
38640.00000003459,48300,0.4469571796466752,-0.19065646827220917,-0.05965276062488556,0.15321916341781616,0.7660958170890808,8.424123620898172e-08,11.007780075073242,0.6477288603782654,5.525918006896973,1.7322415113449097,526.4752807617188,107.59944152832031,634.0747222900391
38880.00000003488,48600,0.44369182632873994,-0.18799850344657898,-0.05840703472495079,0.15754033625125885,0.7877016812562943,8.82148754044465e-08,11.007485389709473,0.6476473808288574,5.486306190490723,1.7149626016616821,537.416748046875,103.3085708618164,640.7253189086914
39120.00000003517,48900,0.4450175466826368,-0.18925519287586212,-0.058331448584795,0.16102701425552368,0.8051350712776184,8.374453130954862e-08,11.000272750854492,0.6502702236175537,5.509725093841553,1.7029125690460205,529.5304565429688,109.75706481933594,639.2875213623047
39360.00000003547,49200,0.44167765975341866,-0.18685738742351532,-0.056037429720163345,0.15126962959766388,0.7563481479883194,8.642673776648735e-08,10.993061065673828,0.6599761843681335,5.47554349899292,1.6468876600265503,512.8530883789062,108.18989562988281,621.0429840087891
39600.00000003576,49500,0.4394785950289786,-0.1849658489227295,-0.05559900030493736,0.15116451680660248,0.7558225840330124,7.88768161896769e-08,10.98389720916748,0.6741189360618591,5.454788684844971,1.6358975172042847,497.1552734375,106.55990600585938,603.7151794433594
39840.00000003605,49800,0.4344155255691046,-0.18074847757816315,-0.054258979856967926,0.15428392589092255,0.7714196294546127,7.828077031035718e-08,10.97597885131836,0.6861818432807922,5.392220497131348,1.616137981414795,497.88909912109375,103.04560089111328,600.934700012207
40080.00000003634,50100,0.4358765939229427,-0.18239112198352814,-0.053189028054475784,0.14975158870220184,0.7487579435110092,8.622805580671411e-08,10.97357177734375,0.7037537097930908,5.421792507171631,1.580414056777954,509.7262878417969,107.09632873535156,616.8226165771484
40320.00000003664,50400,0.43810448787147765,-0.18437430262565613,-0.053341999650001526,0.1567266434431076,0.783633217215538,7.907549814945014e-08,10.968246459960938,0.7241631746292114,5.453139305114746,1.5781790018081665,511.88134765625,112.28622436523438,624.1675720214844
40560.00000003693,50700,0.44523379080289,-0.19061484932899475,-0.05442749708890915,0.1558873951435089,0.7794369757175446,7.599592066753758e-08,10.965014457702637,0.7406274080276489,5.540944576263428,1.5865532159805298,500.8455505371094,107.24242401123047,608.0879745483398
40800.000000037224,51000,0.45359118244275537,-0.198013573884964,-0.055871400982141495,0.17063210904598236,0.8531605452299118,8.106231774718253e-08,10.96371078491211,0.7448046207427979,5.654067039489746,1.5964629650115967,488.52203369140625,112.70500946044922,601.2270431518555
41040.00000003752,51300,0.45330521574806454,-0.1981300264596939,-0.054486989974975586,0.1569627970457077,0.7848139852285385,8.285045538514169e-08,10.957686424255371,0.7452147006988525,5.663592338562012,1.560673475265503,460.3494873046875,107.74473571777344,568.0942230224609
41280.00000003781,51600,0.4505197055476426,-0.19588947296142578,-0.0531349740922451,0.15336686372756958,0.7668343186378479,7.629394360719743e-08,10.954530715942383,0.7523333430290222,5.635064601898193,1.5340828895568848,424.145263671875,109.8970947265625,534.0423583984375
41520.000000038104,51900,0.44627493034266774,-0.19222602248191833,-0.05209976062178612,0.1489550918340683,0.7447754591703415,8.622805580671411e-08,10.95771598815918,0.7596948146820068,5.5827155113220215,1.5185192823410034,401.95220947265625,94.55924224853516,496.5114517211914
41760.0000000384,52200,0.43520758529385933,-0.18293797969818115,-0.049073342233896255,0.14702236652374268,0.7351118326187134,9.040037696195213e-08,10.967978477478027,0.7659512162208557,5.44574499130249,1.474199891090393,401.94757080078125,89.2484130859375,491.19598388671875
42000.00000003869,52500,0.4305043344317711,-0.17880107462406158,-0.04877356439828873,0.14719270169734955,0.7359635084867477,1.0033448916146881e-07,10.985297203063965,0.7710593938827515,5.386551856994629,1.4789440631866455,397.0614929199219,95.74898529052734,492.8104782104492
42240.000000038985,52800,0.430507402159533,-0.17880111932754517,-0.04878343641757965,0.15020586550235748,0.7510293275117874,7.762263720678675e-08,11.006559371948242,0.772632896900177,5.382059097290039,1.4766794443130493,400.45330810546875,95.6997299194336,496.15303802490234
42480.00000003928,53100,0.4358006900195853,-0.18281051516532898,-0.051485661417245865,0.14650647342205048,0.7325323671102524,8.006890794831634e-08,11.029678344726562,0.7700861692428589,5.433796405792236,1.5313286781311035,402.3342590332031,100.62030792236328,502.9545669555664
42720.000000039574,53400,0.43567342428614736,-0.1826319396495819,-0.05170992761850357,0.15051184594631195,0.7525592297315598,8.141001472949938e-08,11.048734664916992,0.7675373554229736,5.432608604431152,1.5433688163757324,399.0147705078125,100.28527069091797,499.30004119873047
42960.000000039865,53700,0.4292211633693048,-0.17683914303779602,-0.051661472767591476,0.16165326535701752,0.8082663267850876,8.637706372383036e-08,11.062447547912598,0.7621046900749207,5.342254638671875,1.5603529214859009,410.7940368652344,88.8475570678711,499.64159393310547
43200.00000004016,54000,0.4297723956942523,-0.17700034379959106,-0.052787888795137405,0.15761710703372955,0.7880855351686478,8.543332796762115e-08,11.075305938720703,0.7528015971183777,5.335817813873291,1.591360092163086,434.98992919921875,93.08859252929688,528.0785217285156
43440.000000040454,54300,0.4324294083218719,-0.17903876304626465,-0.05396594852209091,0.14968660473823547,0.7484330236911774,7.46051469491249e-08,11.08774471282959,0.7407057285308838,5.362708568572998,1.6114044189453125,445.6814270019531,101.77484893798828,547.4562759399414
43680.000000040745,54600,0.4401928432107861,-0.18582431972026825,-0.054918430745601654,0.15098628401756287,0.7549314200878143,8.682410168603383e-08,11.098222732543945,0.7241268157958984,5.470293998718262,1.616087794303894,424.8729248046875,104.66471862792969,529.5376434326172
43920.00000004104,54900,0.43851020055371087,-0.18465064465999603,-0.05366603657603264,0.1660897582769394,0.830448791384697,8.563200992739439e-08,11.10242748260498,0.7204647660255432,5.466548919677734,1.5871179103851318,395.65692138671875,102.85791778564453,498.5148391723633
44160.000000041335,55200,0.43407946245296386,-0.18084508180618286,-0.0529058538377285,0.15489235520362854,0.7744617760181427,7.60952616474242e-08,11.10246753692627,0.7312442064285278,5.406085014343262,1.5798519849777222,389.4997863769531,96.50110626220703,486.00089263916016
44400.000000041626,55500,0.4355514147472226,-0.18223616480827332,-0.05270655080676079,0.1490229219198227,0.7451146095991135,8.265177342536845e-08,11.10335922241211,0.7329414486885071,5.418704032897949,1.568069577217102,381.40997314453125,97.54781341552734,478.9577865600586
44640.00000004192,55800,0.43344300644404377,-0.18056514859199524,-0.051888640969991684,0.15725527703762054,0.7862763851881027,8.265177342536845e-08,11.10265064239502,0.7241941690444946,5.399828910827637,1.555676817893982,374.3206481933594,99.09676361083984,473.4174118041992
44880.000000042215,56100,0.4360013491405498,-0.18283219635486603,-0.05205117166042328,0.15252862870693207,0.7626431435346603,9.025136904483588e-08,11.09971809387207,0.7073779106140137,5.4367475509643555,1.5509169101715088,371.34869384765625,97.16088104248047,468.5095748901367
45120.000000042506,56400,0.42934381202990224,-0.1771080046892166,-0.05111316591501236,0.15404385328292847,0.7702192664146423,7.748604247126423e-08,11.096631050109863,0.6927636861801147,5.35546875,1.5491454601287842,369.1245422363281,97.10594940185547,466.2304916381836
45360.0000000428,56700,0.4311056037505856,-0.1782476156949997,-0.0526190921664238,0.1499972939491272,0.749986469745636,8.066495382763605e-08,11.09341812133789,0.6803442239761353,5.361667156219482,1.5798510313034058,379.6905822753906,98.1137924194336,477.8043746948242
45600.000000043095,57000,0.44060315658946453,-0.18627166748046875,-0.05467875301837921,0.15014943480491638,0.7507471740245819,8.337200085861696e-08,11.090828895568848,0.671563982963562,5.475115776062012,1.6030951738357544,384.7164001464844,102.45454406738281,487.1709442138672
45840.00000004339,57300,0.4441126548489883,-0.18927127122879028,-0.05548373982310295,0.14582887291908264,0.7291443645954132,7.408360858107699e-08,11.092514038085938,0.6637862324714661,5.520637035369873,1.6149909496307373,381.60089111328125,96.94352722167969,478.54441833496094
46080.00000004368,57600,0.44128258642155643,-0.18686580657958984,-0.05478200688958168,0.15262220799922943,0.7631110399961472,7.88768161896769e-08,11.093376159667969,0.6563822627067566,5.482751369476318,1.6101760864257812,375.06298828125,98.47738647460938,473.5403747558594
46320.000000043976,57900,0.44130215041491194,-0.18731990456581116,-0.05327172204852104,0.15328755974769592,0.7664377987384796,8.265177342536845e-08,11.089117050170898,0.6520230174064636,5.498522758483887,1.5722092390060425,372.0445556640625,91.80040740966797,463.84496307373047
46560.00000004427,58200,0.43666786895760135,-0.18378899991512299,-0.05079388618469238,0.15042172372341156,0.7521086186170578,7.530053380833124e-08,11.087539672851562,0.6474972367286682,5.453568458557129,1.5182162523269653,385.3634033203125,95.17828369140625,480.54168701171875
46800.00000004456,58500,0.43445498533998206,-0.1818574070930481,-0.05054576322436333,0.14974839985370636,0.7487419992685318,8.487143077218207e-08,11.089404106140137,0.6420726776123047,5.429524898529053,1.5087151527404785,387.2923278808594,96.36180877685547,483.65413665771484
47040.000000044856,58800,0.43639724853368694,-0.18341000378131866,-0.05127512663602829,0.14791151881217957,0.7395575940608978,8.34465012644614e-08,11.09232234954834,0.637803316116333,5.4482221603393555,1.519094705581665,399.05810546875,97.81385803222656,496.87196350097656
47280.00000004515,59100,0.4349604845055292,-0.18242259323596954,-0.05015066638588905,0.15391094982624054,0.7695547491312027,9.19898397455654e-08,11.0965576171875,0.6312975287437439,5.435372829437256,1.5022225379943848,412.8955383300781,97.15026092529297,510.0457992553711
47520.00000004544,59400,0.4266388251892625,-0.1755719780921936,-0.048020943999290466,0.14762775599956512,0.7381387799978256,9.417534130307104e-08,11.10403823852539,0.6245524287223816,5.3379807472229,1.4636235237121582,419.0743408203125,89.8925552368164,508.9668960571289
47760.00000004573,59700,0.4276241793030307,-0.17630739510059357,-0.04852189123630524,0.14867667853832245,0.7433833926916122,8.421639563493954e-08,11.111146926879883,0.6187501549720764,5.347620964050293,1.4695039987564087,421.169677734375,98.9365463256836,520.1062240600586
48000.00000004603,60000,0.4295310476671591,-0.17816795408725739,-0.04790922626852989,0.1494119018316269,0.7470595091581345,8.131067374961276e-08,11.12017822265625,0.6109532713890076,5.37274169921875,1.4503015279769897,413.802490234375,98.33622741699219,512.1387176513672
48240.00000004632,60300,0.4310184635226953,-0.17981550097465515,-0.04668455943465233,0.14793704450130463,0.7396852225065231,7.778406541092409e-08,11.129194259643555,0.5953073501586914,5.400673866271973,1.4119832515716553,408.71807861328125,102.23292541503906,510.9510040283203
48480.00000004661,60600,0.4345614381340447,-0.182970330119133,-0.04673093184828758,0.1485195904970169,0.7425979524850845,8.384387228943524e-08,11.13521671295166,0.5782181024551392,5.452879428863525,1.395020604133606,415.6839294433594,100.7862548828125,516.4701843261719
48720.00000004691,60900,0.4369497792823254,-0.184872567653656,-0.04769204556941986,0.1478653997182846,0.739326998591423,8.468826706575783e-08,11.137524604797363,0.5608413815498352,5.469477653503418,1.4156523942947388,417.95074462890625,103.74461364746094,521.6953582763672
48960.0000000472,61200,0.430004161245557,-0.17894324660301208,-0.046568743884563446,0.14970426261425018,0.7485213130712509,8.543332796762115e-08,11.140792846679688,0.5405938029289246,5.384944915771484,1.4097332954406738,420.45330810546875,97.895263671875,518.3485717773438
49200.00000004749,61500,0.42467341790021723,-0.17457282543182373,-0.04527199640870094,0.1506766825914383,0.7533834129571915,7.947286206899662e-08,11.14516830444336,0.5202072262763977,5.3331708908081055,1.3878313302993774,431.5278625488281,97.21891784667969,528.7467803955078
49440.00000004779,61800,0.42214563852425063,-0.1725836843252182,-0.04441379755735397,0.1483699530363083,0.7418497651815414,8.384387228943524e-08,11.146860122680664,0.5017836093902588,5.303473472595215,1.369384527206421,430.498779296875,97.64385223388672,528.1426315307617
49680.00000004808,62100,0.4293465172309094,-0.178521528840065,-0.04594258591532707,0.1472313404083252,0.736156702041626,1.0353823398645545e-07,11.147184371948242,0.48413893580436707,5.391139030456543,1.3926421403884888,431.25799560546875,103.40057373046875,534.6585693359375
49920.00000004837,62400,0.43585587231168144,-0.18409833312034607,-0.04686719924211502,0.14581303298473358,0.7290651649236679,7.907549814945014e-08,11.149938583374023,0.4641067087650299,5.474636077880859,1.3979402780532837,433.7709045410156,101.7615966796875,535.5325012207031
50160.00000004867,62700,0.4411967753705872,-0.18874672055244446,-0.047592926770448685,0.1475420743227005,0.7377103716135025,7.763505038838048e-08,11.155790328979492,0.44067099690437317,5.532192230224609,1.4060600996017456,434.9200744628906,103.88382720947266,538.8039016723633
50400.00000004896,63000,0.4425810273299948,-0.18970775604248047,-0.048776477575302124,0.14792805910110474,0.7396402955055237,8.056561284774943e-08,11.16238021850586,0.42055854201316833,5.5489397048950195,1.4342700242996216,436.5213623046875,101.15813446044922,537.6794967651367
50640.00000004925,63300,0.43950121235071765,-0.18695491552352905,-0.04857111722230911,0.14894534647464752,0.7447267323732376,7.679065561205789e-08,11.165703773498535,0.4034210741519928,5.516253471374512,1.4416707754135132,445.3819580078125,100.47633361816406,545.8582916259766
50880.00000004955,63600,0.4395122835615002,-0.18714313209056854,-0.04788007587194443,0.15297746658325195,0.7648873329162598,8.046627186786282e-08,11.167951583862305,0.38939353823661804,5.516884803771973,1.415895700454712,453.4123840332031,102.17182159423828,555.5842056274414
51120.00000004984,63900,0.44615447455999585,-0.19269303977489471,-0.04991807043552399,0.14907467365264893,0.7453733682632446,7.073084873354674e-08,11.17015552520752,0.37941908836364746,5.593664646148682,1.4476882219314575,455.56854248046875,104.77111053466797,560.3396530151367
51360.00000005013,64200,0.4486895050386263,-0.1944010853767395,-0.052334263920784,0.1502770036458969,0.7513850182294846,8.29497963650283e-08,11.172619819641113,0.3679628372192383,5.612303733825684,1.5015901327133179,437.87420654296875,101.103759765625,538.9779663085938
51600.00000005042,64500,0.4482090226510191,-0.19397112727165222,-0.05227358266711235,0.14386679232120514,0.7193339616060257,7.846082183959879e-08,11.17236328125,0.3540760278701782,5.605127811431885,1.5033612251281738,420.451416015625,97.893798828125,518.34521484375
51840.00000005072,64800,0.4450559511269993,-0.19139231741428375,-0.05101575329899788,0.152887761592865,0.764438807964325,7.98702259885431e-08,11.167302131652832,0.34044715762138367,5.567440032958984,1.483803629875183,404.10723876953125,97.95105743408203,502.0582962036133
52080.00000005101,65100,0.4400453341368741,-0.18736064434051514,-0.04891214892268181,0.14326900243759155,0.7163450121879578,7.311503225082561e-08,11.154890060424805,0.3278276026248932,5.514430999755859,1.4449795484542847,387.67291259765625,99.80438232421875,487.477294921875
52320.0000000513,65400,0.4407177820025748,-0.1881122589111328,-0.04837263002991676,0.14914579689502716,0.7457289844751358,7.967154402876986e-08,11.142278671264648,0.315767765045166,5.527200698852539,1.430078148841858,389.2438049316406,99.14007568359375,488.3838806152344
52560.0000000516,65700,0.4395451530040037,-0.18726781010627747,-0.04750773310661316,0.1630064696073532,0.815032348036766,7.967154402876986e-08,11.133061408996582,0.307738721370697,5.519999980926514,1.409755825996399,396.93438720703125,101.42406463623047,498.3584518432617
52800.00000005189,66000,0.4379445422807289,-0.18581023812294006,-0.04753987118601799,0.1474909782409668,0.737454891204834,8.006890794831634e-08,11.123048782348633,0.3028007745742798,5.4984893798828125,1.4099007844924927,390.8310852050781,101.32933807373047,492.1604232788086
53040.00000005218,66300,0.4356947506777565,-0.18401755392551422,-0.04661476984620094,0.15045271813869476,0.7522635906934738,7.88768161896769e-08,11.111054420471191,0.29833000898361206,5.469053745269775,1.3911352157592773,397.0914001464844,95.73866271972656,492.83006286621094
53280.00000005248,66600,0.43513744912651775,-0.18337948620319366,-0.0471523217856884,0.14761756360530853,0.7380878180265427,8.533398698773453e-08,11.096222877502441,0.29453256726264954,5.457676887512207,1.4004299640655518,399.9524230957031,95.80931854248047,495.7617416381836
53520.00000005277,66900,0.4276142243217238,-0.1770598441362381,-0.04566584527492523,0.141416996717453,0.707084983587265,9.303291648166123e-08,11.080100059509277,0.28609415888786316,5.364952087402344,1.385666012763977,395.5208435058594,95.68390655517578,491.20475006103516
53760.00000005306,67200,0.42501949474431094,-0.17481696605682373,-0.045501708984375,0.14658954739570618,0.7329477369785309,8.503596404807467e-08,11.063410758972168,0.27631744742393494,5.328312873840332,1.3901007175445557,386.8266906738281,95.78184509277344,482.60853576660156
54000.00000005336,67500,0.42370905912442886,-0.17354001104831696,-0.04598541185259819,0.15354682505130768,0.7677341252565384,8.347134183850358e-08,11.04828929901123,0.2662018835544586,5.305027961730957,1.4077547788619995,376.87274169921875,92.97565460205078,469.84839630126953
54240.00000005365,67800,0.42383617961091385,-0.17345021665096283,-0.046738769859075546,0.14849305152893066,0.7424652576446533,8.82148754044465e-08,11.03579330444336,0.25760915875434875,5.304636001586914,1.4283949136734009,376.7174072265625,91.98802185058594,468.70542907714844
54480.000000053944,68100,0.42768625403971305,-0.17688627541065216,-0.04657614603638649,0.1450275033712387,0.7251375168561935,8.851289834410636e-08,11.02578353881836,0.2509097754955292,5.356709003448486,1.415087342262268,388.21234130859375,99.643310546875,487.85565185546875
54720.00000005424,68400,0.429942754993266,-0.17884673178195953,-0.046729590743780136,0.14920862019062042,0.7460431009531021,7.669131463217127e-08,11.015241622924805,0.24260981380939484,5.387780666351318,1.4176347255706787,388.0625,102.31470489501953,490.37720489501953
54960.00000005453,68700,0.43438205420433273,-0.18262119591236115,-0.04746127873659134,0.1471022367477417,0.7355111837387085,8.543332796762115e-08,11.00521183013916,0.2311747819185257,5.437687873840332,1.4240612983703613,378.0522766113281,99.25015258789062,477.30242919921875
55200.000000054824,69000,0.4357035049682877,-0.18376022577285767,-0.04764947667717934,0.14626725018024445,0.7313362509012222,7.296602433370936e-08,10.992855072021484,0.21923783421516418,5.46011209487915,1.4224599599838257,366.94091796875,95.83403778076172,462.7749557495117
55440.000000055115,69300,0.432235521399727,-0.1808539479970932,-0.046865567564964294,0.14593198895454407,0.7296599447727203,8.573135090728101e-08,10.976006507873535,0.21134741604328156,5.42085599899292,1.4124681949615479,357.6147766113281,94.69007873535156,452.3048553466797
55680.000000055414,69600,0.4290802994331775,-0.1784020960330963,-0.0454878956079483,0.1448073536157608,0.724036768078804,7.708867855171775e-08,10.959155082702637,0.21193528175354004,5.381480693817139,1.3844878673553467,355.9855651855469,92.92774200439453,448.9133071899414
55920.000000055705,69900,0.42665503345681555,-0.17656280100345612,-0.044296082109212875,0.146171435713768,0.73085717856884,7.41084420496918e-08,10.9426851272583,0.22514033317565918,5.357799053192139,1.3535064458847046,354.96624755859375,92.47282409667969,447.43907165527344
56160.000000055996,70200,0.425056641635518,-0.17508113384246826,-0.04460250213742256,0.14264683425426483,0.7132341712713242,8.04197028969611e-08,10.927897453308105,0.2328748255968094,5.3441972732543945,1.3617637157440186,348.1669616699219,95.93975830078125,444.1067199707031
56400.000000056294,70500,0.42722753443279565,-0.1766853630542755,-0.04579368606209755,0.14663366973400116,0.7331683486700058,9.775161657898934e-08,10.913261413574219,0.2330157458782196,5.360374450683594,1.3832638263702393,348.4293212890625,90.0577392578125,438.487060546875
56640.000000056585,70800,0.42477018756749907,-0.17437797784805298,-0.04633790999650955,0.1422199159860611,0.7110995799303055,7.947286206899662e-08,10.903637886047363,0.22761544585227966,5.3201904296875,1.408299207687378,354.33990478515625,92.0225601196289,446.36246490478516
56880.000000056876,71100,0.4219982144328198,-0.17188134789466858,-0.04658515378832817,0.1415046751499176,0.707523375749588,7.480382890889814e-08,10.90254020690918,0.21687224507331848,5.277587890625,1.4323681592941284,365.33544921875,89.39507293701172,454.7305221557617
57120.000000057174,71400,0.4243140677598228,-0.17372652888298035,-0.04726911336183548,0.1446225494146347,0.7231127470731735,7.847945227013042e-08,10.900763511657715,0.2031565010547638,5.303667068481445,1.4425890445709229,377.41387939453125,91.89344787597656,469.3073272705078
57360.000000057466,71700,0.429829976378807,-0.1783258020877838,-0.04831022769212723,0.14257124066352844,0.7128562033176422,8.612871482682749e-08,10.900688171386719,0.19111362099647522,5.369812488555908,1.4498980045318604,380.45050048828125,97.60379791259766,478.0542984008789
57600.00000005776,72000,0.4293310510430077,-0.17782831192016602,-0.04850621521472931,0.14057305455207825,0.7028652727603912,8.841355736421974e-08,10.906637191772461,0.18481548130512238,5.363759517669678,1.4596227407455444,373.2736511230469,100.33306884765625,473.6067199707031
57840.000000058055,72300,0.4210230289226953,-0.17111502587795258,-0.046269796788692474,0.1401364803314209,0.7006824016571045,8.066495382763605e-08,10.916871070861816,0.17846353352069855,5.267146587371826,1.4270577430725098,361.1911315917969,89.2955093383789,450.4866409301758
58080.000000058346,72600,0.4185333395831633,-0.16916808485984802,-0.045461442321538925,0.1486380398273468,0.743190199136734,7.728736051149099e-08,10.925358772277832,0.1712227463722229,5.239078044891357,1.4159409999847412,362.62493896484375,93.0340576171875,455.65899658203125
58320.00000005864,72900,0.4199590539570455,-0.17021030187606812,-0.046187449246644974,0.13922922313213348,0.6961461156606674,8.61380300420933e-08,10.93135929107666,0.17006827890872955,5.251350402832031,1.4305530786514282,379.20306396484375,89.80619049072266,469.0092544555664
58560.000000058935,73200,0.42280588240015526,-0.17270374298095703,-0.04615491256117821,0.14258722960948944,0.7129361480474472,7.179876604368474e-08,10.932644844055176,0.17458407580852509,5.2887067794799805,1.4222625494003296,396.308837890625,94.92310333251953,491.23194122314453
58800.000000059226,73500,0.4259408128263638,-0.1752878576517105,-0.04679109528660774,0.15161387622356415,0.7580693811178207,7.768472443103747e-08,10.930009841918945,0.17571312189102173,5.331020355224609,1.428053855895996,417.8880615234375,93.51751708984375,511.40557861328125
59040.00000005952,73800,0.427791347473123,-0.17673130333423615,-0.047508276998996735,0.148672953248024,0.7433647662401199,7.947286206899662e-08,10.930503845214844,0.17251968383789062,5.355685234069824,1.44368314743042,436.9815368652344,97.17550659179688,534.1570434570312
59280.00000005981,74100,0.4236153063775005,-0.1733069121837616,-0.046550948172807693,0.1550542414188385,0.7752712070941925,8.185704558627549e-08,10.936419486999512,0.16915687918663025,5.307445049285889,1.4224270582199097,435.7781066894531,97.76333618164062,533.5414428710938
59520.00000006011,74400,0.41794834559710303,-0.16868700087070465,-0.04536611586809158,0.1570141613483429,0.7850708067417145,7.450580596923828e-08,10.940876007080078,0.1660723090171814,5.237248420715332,1.409364938735962,435.1346130371094,98.79014587402344,533.9247589111328
59760.0000000604,74700,0.41454909615327684,-0.16604211926460266,-0.04430310055613518,0.14774811267852783,0.7387405633926392,7.728736051149099e-08,10.940643310546875,0.16257105767726898,5.19669246673584,1.3912376165390015,451.26708984375,100.12452697753906,551.3916168212891
60000.00000006069,75000,0.4260811947322519,-0.1755230724811554,-0.04637138172984123,0.15350069105625153,0.7675034552812576,8.235375048570859e-08,10.939614295959473,0.15638908743858337,5.331384658813477,1.4148366451263428,467.9961242675781,102.86151885986328,570.8576431274414
60240.00000006099,75300,0.432505280022494,-0.18099573254585266,-0.047247160226106644,0.14511848986148834,0.7255924493074417,7.698933757183113e-08,10.939885139465332,0.14955146610736847,5.411815166473389,1.4165560007095337,466.2578430175781,100.34152221679688,566.599365234375
60480.00000006128,75600,0.4343163345923747,-0.18250682950019836,-0.0476737879216671,0.14822602272033691,0.7411301136016846,8.46386001285282e-08,10.940608024597168,0.14596723020076752,5.433647155761719,1.424471378326416,451.16680908203125,102.2697982788086,553.4366073608398
60720.00000006157,75900,0.43200892883566033,-0.18017517030239105,-0.048665232956409454,0.13798896968364716,0.6899448484182358,9.417534130307104e-08,10.935282707214355,0.14287696778774261,5.395290374755859,1.4633768796920776,435.9234313964844,99.1821517944336,535.105583190918
60960.00000006187,76200,0.426878556102019,-0.17560100555419922,-0.04868621379137039,0.14906640350818634,0.7453320175409317,7.828077031035718e-08,10.926863670349121,0.14084216952323914,5.319081783294678,1.4728906154632568,426.1919860839844,96.55176544189453,522.7437515258789
61200.00000006216,76500,0.4276255309127554,-0.17636582255363464,-0.04831346496939659,0.15515123307704926,0.7757561653852463,8.712212462569369e-08,10.920144081115723,0.1417594850063324,5.33043098449707,1.4637246131896973,422.7575988769531,94.00231170654297,516.7599105834961
61440.00000006245,76800,0.43783169802749544,-0.1854030042886734,-0.04871663823723793,0.15121705830097198,0.7560852915048599,8.448958510598459e-08,10.913347244262695,0.14323852956295013,5.47261905670166,1.4531663656234741,440.6436462402344,102.46769714355469,543.1113433837891
61680.00000006275,77100,0.44380368009123,-0.19050921499729156,-0.05000152811408043,0.15152184665203094,0.7576092332601547,7.629394360719743e-08,10.906535148620605,0.13925862312316895,5.56193208694458,1.4603536128997803,436.88629150390625,104.00900268554688,540.8952941894531
61920.00000006304,77400,0.44427584056540537,-0.1913108378648758,-0.04857397824525833,0.1467001885175705,0.7335009425878525,7.60952616474242e-08,10.901894569396973,0.13607671856880188,5.58268928527832,1.4202450513839722,425.9882507324219,105.03424835205078,531.0224990844727
62160.00000006333,77700,0.43691366190080977,-0.1852799504995346,-0.045953091233968735,0.15130597352981567,0.7565298676490784,7.867813422990366e-08,10.901593208312988,0.12985192239284515,5.499723434448242,1.3716778755187988,424.4931945800781,100.51055908203125,525.0037536621094
62400.00000006363,78000,0.4317900880166093,-0.18090781569480896,-0.0450914092361927,0.147720068693161,0.738600343465805,8.304913734491493e-08,10.900673866271973,0.12435784935951233,5.431362628936768,1.3583766222000122,427.8448181152344,104.1409683227539,531.9857864379883
62640.00000006392,78300,0.4365624080800196,-0.18492767214775085,-0.04609837383031845,0.15057632327079773,0.7528816163539886,7.470448792901152e-08,10.898210525512695,0.12592282891273499,5.490438938140869,1.3681732416152954,435.4554138183594,97.41361236572266,532.869026184082
62880.00000006421,78600,0.43673386419656623,-0.1851847618818283,-0.04568374156951904,0.14578136801719666,0.7289068400859833,7.758538345115085e-08,10.894928932189941,0.13180698454380035,5.497725009918213,1.3594996929168701,450.2270202636719,100.46317291259766,550.6901931762695
63120.0000000645,78900,0.4360136572196771,-0.18473444879055023,-0.04487984627485275,0.15513388812541962,0.7756694406270981,7.073084873354674e-08,10.886842727661133,0.14228682219982147,5.496802806854248,1.3409240245819092,449.8426818847656,100.04676818847656,549.8894500732422
63360.0000000648,79200,0.4301274605663052,-0.1797710359096527,-0.043714284896850586,0.1479203999042511,0.7396019995212555,7.311503225082561e-08,10.871870040893555,0.16083233058452606,5.4208879470825195,1.3248260021209717,444.1909484863281,94.71722412109375,538.9081726074219
63600.00000006509,79500,0.42759820208989446,-0.17747505009174347,-0.04396764189004898,0.1469653695821762,0.734826847910881,7.738670149137761e-08,10.852985382080078,0.18447139859199524,5.37965726852417,1.3311214447021484,442.8195495605469,96.30638122558594,539.1259307861328
63840.00000006538,79800,0.42523943358823696,-0.17555756866931915,-0.043341826647520065,0.1543128341436386,0.771564170718193,7.867813422990366e-08,10.829455375671387,0.20750242471694946,5.349007606506348,1.3187873363494873,446.1412353515625,101.4478530883789,547.5890884399414
64080.00000006568,80100,0.4217945177676174,-0.172662153840065,-0.042894843965768814,0.14267617464065552,0.7133808732032776,8.34465012644614e-08,10.80431842803955,0.22729744017124176,5.306990623474121,1.3201762437820435,427.18878173828125,101.70232391357422,528.8911056518555
64320.00000006597,80400,0.4208709364066784,-0.17175287008285522,-0.04332227259874344,0.14763370156288147,0.7381685078144073,7.77343913682671e-08,10.785329818725586,0.24285201728343964,5.294148921966553,1.3306161165237427,420.6221618652344,93.52169036865234,514.1438522338867
64560.00000006626,80700,0.41913609728477,-0.17027857899665833,-0.0432080440223217,0.14690260589122772,0.7345130294561386,8.776784454767039e-08,10.77137279510498,0.2591361105442047,5.26719856262207,1.3338865041732788,423.29449462890625,98.18175506591797,521.4762496948242
64800.00000006656,81000,0.4222282158448266,-0.17261871695518494,-0.044557247310876846,0.13850216567516327,0.6925108283758163,7.828077031035718e-08,10.758536338806152,0.2659424841403961,5.301419734954834,1.3683757781982422,427.8204345703125,97.18561553955078,525.0060501098633
65040.00000006685,81300,0.42562358026949654,-0.17556530237197876,-0.04465551674365997,0.14182956516742706,0.7091478258371353,8.026758990808958e-08,10.745859146118164,0.26970672607421875,5.348322868347168,1.3626296520233154,432.58203125,98.66703796386719,531.2490692138672
65280.00000006714,81600,0.42748313685815525,-0.17713525891304016,-0.04491856321692467,0.15038691461086273,0.7519345730543137,7.857879325001704e-08,10.72909164428711,0.27338171005249023,5.371286392211914,1.360849380493164,418.07989501953125,100.25962829589844,518.3395233154297
65520.00000006744,81900,0.43130260355304006,-0.18047361075878143,-0.04509364068508148,0.14546921849250793,0.7273460924625397,7.535020785098823e-08,10.71694278717041,0.28133490681648254,5.424609184265137,1.3574981689453125,404.92230224609375,99.04230499267578,503.96460723876953
65760.00000006772,82200,0.4278125303055146,-0.17779837548732758,-0.04342075064778328,0.14174245297908783,0.7087122648954391,7.828077031035718e-08,10.710793495178223,0.28915876150131226,5.390015602111816,1.3202368021011353,398.8930358886719,99.75721740722656,498.65025329589844
66000.00000006803,82500,0.4253163589221453,-0.17532454431056976,-0.04454150050878525,0.14179296791553497,0.7089648395776749,7.828077031035718e-08,10.707796096801758,0.2899109125137329,5.353112697601318,1.35650634765625,387.693359375,96.30998229980469,484.0033416748047
66240.00000006832,82800,0.4250800698582493,-0.17487704753875732,-0.04547529295086861,0.13986162841320038,0.6993081420660019,7.669131463217127e-08,10.709989547729492,0.28413787484169006,5.339393138885498,1.387485146522522,390.0242919921875,93.28533172607422,483.3096237182617
66480.00000006861,83100,0.4292261515602731,-0.17856767773628235,-0.045344818383455276,0.14709331095218658,0.7354665547609329,7.907549814945014e-08,10.715078353881836,0.27460646629333496,5.393209934234619,1.369887113571167,395.71075439453125,94.3028335571289,490.01358795166016
66720.0000000689,83400,0.4262780023047483,-0.1762179136276245,-0.04434904456138611,0.14925464987754822,0.7462732493877411,7.5101851848558e-08,10.71737289428711,0.26859185099601746,5.361351013183594,1.3540050983428955,383.3599853515625,92.96678924560547,476.32677459716797
66960.0000000692,83700,0.4298604507907719,-0.1793242245912552,-0.044569872319698334,0.14356577396392822,0.7178288698196411,7.696449699778896e-08,10.716353416442871,0.2675723135471344,5.410114765167236,1.3486254215240479,371.95172119140625,95.45520782470703,467.4069290161133
67200.00000006949,84000,0.42760613635193206,-0.17709912359714508,-0.0454854778945446,0.14893363416194916,0.7446681708097458,8.304913734491493e-08,10.711235046386719,0.2723178565502167,5.368963718414307,1.3768490552902222,350.18109130859375,98.34501647949219,448.52610778808594
67440.00000006979,84300,0.4227033335442271,-0.172841876745224,-0.04529406130313873,0.1436523050069809,0.7182615250349045,7.390976008991856e-08,10.707477569580078,0.2777283489704132,5.304942607879639,1.3877522945404053,330.5080871582031,88.6419448852539,419.15003204345703
67680.00000007008,84600,0.41685914130694357,-0.168148934841156,-0.04384615272283554,0.14209513366222382,0.7104756683111191,7.569789772787772e-08,10.707276344299316,0.28000134229660034,5.22694730758667,1.366754412651062,334.5267639160156,86.12923431396484,420.65599822998047
67920.00000007037,84900,0.419078585434807,-0.16997012495994568,-0.044214826077222824,0.13778509199619293,0.6889254599809647,7.708867855171775e-08,10.708081245422363,0.27637624740600586,5.250550270080566,1.3722927570343018,338.740966796875,85.94941711425781,424.6903839111328
68160.00000007066,85200,0.41884254212852895,-0.1695869266986847,-0.04489582031965256,0.13467882573604584,0.6733941286802292,7.927418010922338e-08,10.70870590209961,0.269511342048645,5.243886470794678,1.3882976770401,338.7742919921875,85.83955383300781,424.6138458251953
68400.00000007096,85500,0.4147873906583407,-0.16611473262310028,-0.044795192778110504,0.14355240762233734,0.7177620381116867,8.066495382763605e-08,10.709939956665039,0.2637624740600586,5.19411563873291,1.4003355503082275,349.3496398925781,85.64100646972656,434.9906463623047
68640.00000007125,85800,0.41419916852532856,-0.1656079888343811,-0.044801272451877594,0.13985097408294678,0.6992548704147339,7.947286206899662e-08,10.706984519958496,0.25970274209976196,5.182220935821533,1.4028135538101196,360.8105163574219,86.88016510009766,447.69068145751953
68880.00000007154,86100,0.4162231353798084,-0.16744476556777954,-0.04444025829434395,0.13923095166683197,0.6961547583341599,7.311503225082561e-08,10.699528694152832,0.2580402195453644,5.209555149078369,1.3853505849838257,374.626220703125,88.67478942871094,463.30101013183594
69120.00000007184,86400,0.41753366839465494,-0.16860084235668182,-0.044342152774333954,0.14483152329921722,0.7241576164960861,7.947286206899662e-08,10.689152717590332,0.2580064833164215,5.229979038238525,1.3794972896575928,383.67620849609375,86.21857452392578,469.89478302001953
69360.00000007213,86700,0.4160453014621301,-0.16740359365940094,-0.044016625732183456,0.1375293731689453,0.6876468658447266,7.798274737069733e-08,10.679824829101562,0.2571806013584137,5.216570854187012,1.3768621683120728,389.4884948730469,90.14094543457031,479.6294403076172
69600.00000007242,87000,0.41377204230895837,-0.16527897119522095,-0.0446632094681263,0.14128659665584564,0.7064329832792282,8.234288628727882e-08,10.672409057617188,0.25649043917655945,5.180719375610352,1.4036309719085693,391.5237731933594,91.41732788085938,482.94110107421875
69840.00000007272,87300,0.41278824898671485,-0.16448131203651428,-0.04449786990880966,0.1413479745388031,0.7067398726940155,8.026758990808958e-08,10.66625690460205,0.25455522537231445,5.168257713317871,1.4055633544921875,385.67218017578125,92.31608581542969,477.98826599121094
70080.000000073,87600,0.4126628703276918,-0.16438458859920502,-0.04445908963680267,0.13911715149879456,0.6955857574939728,8.672476070614721e-08,10.661527633666992,0.25193941593170166,5.167878150939941,1.4012506008148193,379.41326904296875,93.79487609863281,473.20814514160156
70320.0000000733,87900,0.4135412798847476,-0.16503702104091644,-0.044826190918684006,0.14742247760295868,0.7371123880147934,8.374453130954862e-08,10.65859603881836,0.24920620024204254,5.173276424407959,1.4065594673156738,372.4035949707031,89.4596939086914,461.86328887939453
70560.0000000736,88200,0.4132684783970846,-0.16486068069934845,-0.044614631682634354,0.13990260660648346,0.6995130330324173,7.728736051149099e-08,10.659773826599121,0.24502243101596832,5.16508150100708,1.399795651435852,369.0081481933594,90.49508666992188,459.50323486328125
70800.0000000739,88500,0.4154962695261335,-0.16655699908733368,-0.045413121581077576,0.13602373003959656,0.6801186501979828,7.080534913939118e-08,10.662738800048828,0.24103249609470367,5.188729286193848,1.4184130430221558,363.53533935546875,88.64725494384766,452.1825942993164
71040.00000007419,88800,0.4154034270550977,-0.16666370630264282,-0.044723205268383026,0.13698817789554596,0.6849408894777298,7.377316535439604e-08,10.66490364074707,0.23927749693393707,5.188965320587158,1.3983118534088135,361.9024963378906,86.71467590332031,448.61717224121094
71280.00000007448,89100,0.42006283516776277,-0.1703229546546936,-0.04610506072640419,0.13658256828784943,0.6829128414392471,7.98702259885431e-08,10.664067268371582,0.23906642198562622,5.247612953186035,1.4242727756500244,352.651611328125,88.89443969726562,441.5460510253906
71520.00000007477,89400,0.4180460355107566,-0.16839776933193207,-0.04673455283045769,0.1373976320028305,0.6869881600141525,7.803241430792696e-08,10.66250991821289,0.23919372260570526,5.21694803237915,1.452462911605835,337.704833984375,85.90718841552734,423.61202239990234
71760.00000007506,89700,0.41451613200363113,-0.16546107828617096,-0.046324823051691055,0.14091868698596954,0.7045934349298477,8.195638656616211e-08,10.660809516906738,0.23898188769817352,5.17377233505249,1.4511104822158813,334.3065490722656,82.75955963134766,417.0661087036133
72000.00000007536,90000,0.41327658379671395,-0.16430935263633728,-0.046628687530756,0.13802741467952728,0.6901370733976364,7.599592066753758e-08,10.65818977355957,0.23980583250522614,5.153038024902344,1.4615777730941772,344.8756408691406,80.81219482421875,425.6878356933594
72240.00000007566,90300,0.41243995230800157,-0.16355979442596436,-0.046738505363464355,0.14894281327724457,0.7447140663862228,7.708867855171775e-08,10.6545991897583,0.23982596397399902,5.1405439376831055,1.4698519706726074,360.11761474609375,85.1024169921875,445.22003173828125
72480.00000007595,90600,0.41620660519791153,-0.16682212054729462,-0.04667224735021591,0.14141200482845306,0.7070600241422653,7.708867855171775e-08,10.651052474975586,0.23818717896938324,5.194657325744629,1.4563997983932495,377.858154296875,86.66143798828125,464.51959228515625
72720.00000007624,90900,0.4152351211723376,-0.16612735390663147,-0.04615657776594162,0.1439286768436432,0.7196433842182159,8.061528689040642e-08,10.64775276184082,0.23342837393283844,5.181878089904785,1.4439339637756348,386.63262939453125,90.03828430175781,476.67091369628906
72960.00000007653,91200,0.41706045238553624,-0.16755886375904083,-0.046679217368364334,0.1465301364660263,0.7326506823301315,7.232030441173265e-08,10.6450777053833,0.2272741198539734,5.203609466552734,1.4573615789413452,405.8341064453125,87.7637710571289,493.5978775024414
73200.00000007682,91500,0.41940094921868537,-0.16924899816513062,-0.04790183901786804,0.1405744105577469,0.7028720527887344,8.602937384694087e-08,10.64046573638916,0.21974599361419678,5.225369930267334,1.4834401607513428,429.9872741699219,90.7810287475586,520.7683029174805
73440.00000007711,91800,0.4214030340446773,-0.17053824663162231,-0.04951309412717819,0.14258529245853424,0.7129264622926712,7.54805924430002e-08,10.634671211242676,0.21301263570785522,5.230663776397705,1.519552230834961,434.4830322265625,94.93382263183594,529.4168548583984
73680.00000007742,92100,0.42309023034775717,-0.17201997339725494,-0.04951809346675873,0.1433161497116089,0.7165807485580444,9.099642994669921e-08,10.627432823181152,0.2114245891571045,5.259858131408691,1.517261266708374,430.1835632324219,95.32484436035156,525.5084075927734
73920.0000000777,92400,0.42119459273118,-0.17042876780033112,-0.04925980418920517,0.14181752502918243,0.7090876251459122,7.532537438237341e-08,10.61648178100586,0.21710383892059326,5.2447686195373535,1.51739501953125,414.5858154296875,93.75045776367188,508.3362731933594
74160.000000078,92700,0.41750056226178406,-0.16747735440731049,-0.04831323027610779,0.14198599755764008,0.7099299877882004,8.145968166672901e-08,10.605780601501465,0.22869464755058289,5.197481632232666,1.5031968355178833,402.3839111328125,92.45926666259766,494.84317779541016
74400.00000007829,93000,0.4162359101509869,-0.1665380895137787,-0.0477643758058548,0.14407162368297577,0.7203581184148788,8.126099970695577e-08,10.595373153686523,0.24289929866790771,5.1860809326171875,1.489408254623413,407.1573181152344,92.7486801147461,499.90599822998047
74640.00000007858,93300,0.4166078606134541,-0.16700603067874908,-0.04725242406129837,0.14273954927921295,0.7136977463960648,8.041660493063318e-08,10.58641242980957,0.2567555606365204,5.18869686126709,1.473549723625183,400.004150390625,89.570556640625,489.57470703125
74880.00000007887,93600,0.41328423310191514,-0.16411510109901428,-0.04733065888285637,0.14893758296966553,0.7446879148483276,7.112821265309321e-08,10.585378646850586,0.2717576026916504,5.141451835632324,1.4894918203353882,391.7105407714844,86.63300323486328,478.34354400634766
75120.00000007918,93900,0.41185534560263254,-0.16289591789245605,-0.047302234917879105,0.14292751252651215,0.7146375626325607,7.530053380833124e-08,10.59063720703125,0.28997060656547546,5.123406887054443,1.4943538904190063,394.0206298828125,90.70149230957031,484.7221221923828
75360.00000007947,94200,0.41371543258051013,-0.16408859193325043,-0.04869123920798302,0.14222469925880432,0.7111234962940216,7.98702259885431e-08,10.59694766998291,0.31492605805397034,5.145784854888916,1.5250650644302368,390.1228332519531,94.00318145751953,484.12601470947266
75600.00000007976,94500,0.41692486774687726,-0.16653268039226532,-0.04982433840632439,0.14520588517189026,0.7260294258594513,8.0975397054317e-08,10.59704303741455,0.3398273289203644,5.177056789398193,1.5514721870422363,377.38433837890625,94.57453155517578,471.95886993408203
75840.00000008005,94800,0.42019281989539353,-0.1689482480287552,-0.05128968134522438,0.14438089728355408,0.7219044864177704,7.897615716956352e-08,10.59754467010498,0.36116325855255127,5.212112903594971,1.5833730697631836,370.65008544921875,90.11072540283203,460.7608108520508
76080.00000008034,95100,0.4165994615146736,-0.16615989804267883,-0.05012249946594238,0.14341658353805542,0.7170829176902771,8.262693995675363e-08,10.60270881652832,0.3783018887042999,5.170107364654541,1.5573747158050537,356.51861572265625,88.97672271728516,445.4953384399414
76320.00000008063,95400,0.4134112616501957,-0.1635197401046753,-0.049710530787706375,0.14237068593502045,0.7118534296751022,8.642673776648735e-08,10.609837532043457,0.3905911147594452,5.12869119644165,1.5620617866516113,356.1654357910156,86.03474426269531,442.20018005371094
76560.00000008092,95700,0.4161096629556187,-0.16566714644432068,-0.05034250020980835,0.14647328853607178,0.7323664426803589,7.353335007564965e-08,10.62063217163086,0.39930588006973267,5.162632942199707,1.5734639167785645,373.3582458496094,89.23677062988281,462.5950164794922
76800.00000008123,96000,0.41890912644260964,-0.1678094118833542,-0.05133162811398506,0.1399240642786026,0.699620321393013,8.715782229273827e-08,10.633703231811523,0.40651294589042664,5.194615364074707,1.587472677230835,377.76397705078125,91.03821563720703,468.8021926879883
77040.00000007896,96300,0.4220006958305126,-0.17046180367469788,-0.05154506489634514,0.14496736228466034,0.7248368114233017,7.390976008991856e-08,10.643451690673828,0.41015586256980896,5.238717079162598,1.5815993547439575,390.23846435546875,87.09172058105469,477.33018493652344
77280.00000007669,96600,0.4203868870442372,-0.1692200005054474,-0.050954535603523254,0.14029757678508759,0.7014878839254379,7.430712400946504e-08,10.650856971740723,0.40958312153816223,5.218356609344482,1.5710523128509521,401.25115966796875,87.15825653076172,488.40941619873047
77520.00000007443,96900,0.4168374046026235,-0.16649219393730164,-0.0497051402926445,0.14211294054985046,0.7105647027492523,7.907549814945014e-08,10.649725914001465,0.41276994347572327,5.176414489746094,1.5485512018203735,415.2028503417969,90.40119171142578,505.60404205322266
77760.00000007216,97200,0.41860141616442165,-0.16773083806037903,-0.050704225897789,0.15102629363536835,0.7551314681768417,7.88768161896769e-08,10.649404525756836,0.41875946521759033,5.194328308105469,1.5762156248092651,426.3135986328125,91.57946014404297,517.8930587768555
78000.00000006991,97500,0.4141479742248238,-0.16399839520454407,-0.05023084208369255,0.1457008421421051,0.7285042107105255,7.465482099178189e-08,10.650229454040527,0.42519327998161316,5.133453845977783,1.577868938446045,435.8522033691406,97.58219146728516,533.4343948364258
78240.00000006764,97800,0.4198152960225106,-0.16857558488845825,-0.05142500251531601,0.14862744510173798,0.7431372255086899,7.549921576810448e-08,10.654525756835938,0.4320165812969208,5.195876121520996,1.5900973081588745,427.6047058105469,100.10470581054688,527.7094116210938
78480.00000006537,98100,0.42567525212301,-0.1734972596168518,-0.05226787552237511,0.14396177232265472,0.7198088616132736,7.351239617037209e-08,10.655591011047363,0.4319406747817993,5.277584075927734,1.5966949462890625,405.5521545410156,102.4719009399414,508.02405548095703
78720.00000006311,98400,0.4250316648405169,-0.17296724021434784,-0.05212915316224098,0.14437179267406464,0.7218589633703232,8.185704558627549e-08,10.656329154968262,0.42721107602119446,5.270506858825684,1.5937196016311646,396.4888000488281,91.81075286865234,488.29955291748047
78960.00000006084,98700,0.4272975372381407,-0.17484302818775177,-0.05259786173701286,0.1457495540380478,0.728747770190239,7.867813422990366e-08,10.658381462097168,0.4234800934791565,5.294258117675781,1.593963861465454,399.8467102050781,94.99029541015625,494.8370056152344
79200.00000005857,99000,0.42115167052253416,-0.16980420053005219,-0.051246460527181625,0.14144480228424072,0.7072240114212036,7.142623559275307e-08,10.66161823272705,0.42129242420196533,5.222212791442871,1.5806753635406494,394.32281494140625,88.4864501953125,482.80926513671875
79440.00000005632,99300,0.42153676911723403,-0.17018277943134308,-0.05111469328403473,0.14305546879768372,0.7152773439884186,7.232030441173265e-08,10.66663932800293,0.41950851678848267,5.23537540435791,1.574884295463562,392.0618896484375,95.00251007080078,487.0643997192383
79680.00000005405,99600,0.4270901768084952,-0.17486435174942017,-0.051907747983932495,0.14510169625282288,0.7255084812641144,7.271766833127913e-08,10.670700073242188,0.4157769978046417,5.305448055267334,1.5786324739456177,382.27191162109375,94.42566680908203,476.6975784301758
79920.00000005179,99900,0.43011085648260405,-0.1777961701154709,-0.05110578238964081,0.14001010358333588,0.7000505179166794,7.46051469491249e-08,10.672430038452148,0.41240453720092773,5.3475165367126465,1.5478616952896118,374.79541015625,92.08242797851562,466.8778381347656
80160.00000004952,100200,0.4252555574565744,-0.1737329661846161,-0.05020746961236,0.14680857956409454,0.7340428978204727,8.523464600784791e-08,10.669867515563965,0.4113255739212036,5.292239189147949,1.5358773469924927,367.29547119140625,89.87076568603516,457.1662368774414
80400.00000004725,100500,0.4143818760205426,-0.16462981700897217,-0.048807282000780106,0.14054493606090546,0.7027246803045273,7.708867855171775e-08,10.667463302612305,0.40671366453170776,5.1569976806640625,1.5316790342330933,351.0654602050781,93.78507995605469,444.8505401611328
80640.000000045,100800,0.4107174724102543,-0.16130682826042175,-0.04935618117451668,0.13676224648952484,0.6838112324476242,7.847945227013042e-08,10.664979934692383,0.4007251262664795,5.0972113609313965,1.5584545135498047,336.06549072265625,84.7588882446289,420.82437896728516
80880.00000004272,101100,0.41051874087344503,-0.16091212630271912,-0.05008171126246452,0.13871224224567413,0.6935612112283707,8.34465012644614e-08,10.663366317749023,0.3949454128742218,5.083743095397949,1.5794694423675537,336.52099609375,85.90989685058594,422.43089294433594
81120.00000004045,101400,0.41406256166711375,-0.16375720500946045,-0.050773296505212784,0.13832153379917145,0.6916076689958572,8.761882952512678e-08,10.663178443908691,0.39202749729156494,5.127857685089111,1.5931040048599243,336.39581298828125,88.88197326660156,425.2777862548828
81360.0000000382,101700,0.4158096240929475,-0.16523075103759766,-0.05091555789113045,0.14134198427200317,0.7067099213600159,8.761882952512678e-08,10.665074348449707,0.39245879650115967,5.153461933135986,1.590598464012146,332.99932861328125,89.11396789550781,422.11329650878906
81600.00000003593,102000,0.4161763633135275,-0.1656055748462677,-0.050734519958496094,0.13664264976978302,0.6832132488489151,7.748604247126423e-08,10.66854190826416,0.39524683356285095,5.1595139503479,1.583783745765686,334.850341796875,86.54468536376953,421.39502716064453
81840.00000003367,102300,0.41475724874120967,-0.16424167156219482,-0.05115450918674469,0.13864101469516754,0.6932050734758377,7.629394360719743e-08,10.673169136047363,0.3985334038734436,5.129974365234375,1.602070927619934,339.9439697265625,86.88906860351562,426.8330383300781
82080.0000000314,102600,0.4178242000713713,-0.166432723402977,-0.05270008742809296,0.13727790117263794,0.6863895058631897,8.399288020655149e-08,10.679718017578125,0.40317267179489136,5.156462669372559,1.640523076057434,341.6670227050781,89.93968200683594,431.60670471191406
82320.00000002913,102900,0.41666903975780933,-0.16532157361507416,-0.05301209166646004,0.1465466469526291,0.7327332347631454,8.056561284774943e-08,10.687914848327637,0.4079807996749878,5.137678146362305,1.6524056196212769,345.0714416503906,91.74584197998047,436.8172836303711
82560.00000002688,103200,0.41287022174550403,-0.16237647831439972,-0.051875922828912735,0.14540569484233856,0.7270284742116928,7.942318802633963e-08,10.695579528808594,0.4152214825153351,5.097404956817627,1.6401461362838745,344.1976318359375,92.15884399414062,436.3564758300781
82800.00000002461,103500,0.40773768822418405,-0.15827171504497528,-0.05088353529572487,0.1468411087989807,0.7342055439949036,8.602937384694087e-08,10.70057201385498,0.4277860224246979,5.032487869262695,1.6250042915344238,351.0482177734375,91.54600524902344,442.59422302246094
83040.00000002234,103800,0.4075902624506251,-0.15817390382289886,-0.050795018672943115,0.14346472918987274,0.7173236459493637,8.29497963650283e-08,10.702116012573242,0.43754297494888306,5.029108047485352,1.6231908798217773,360.9414978027344,92.56704711914062,453.508544921875
83280.00000002008,104100,0.4071965150280778,-0.15818016231060028,-0.049715805798769,0.1512511968612671,0.7562559843063354,7.232030441173265e-08,10.697455406188965,0.44592756032943726,5.033833980560303,1.59279203414917,364.18048095703125,92.70955657958984,456.8900375366211
83520.00000001781,104400,0.40945829058208133,-0.16006332635879517,-0.04988282918930054,0.1596878618001938,0.7984393090009689,7.713834548894738e-08,10.686850547790527,0.4566915035247803,5.065292835235596,1.5806275606155396,376.0145263671875,95.33854675292969,471.3530731201172
83760.00000001556,104700,0.41478322692611846,-0.16451960802078247,-0.05032716691493988,0.15650926530361176,0.7825463265180588,8.056561284774943e-08,10.678898811340332,0.4660567045211792,5.135450839996338,1.5762107372283936,400.5520935058594,94.01190948486328,494.56400299072266
84000.00000001329,105000,0.4222409270106825,-0.17059068381786346,-0.05181906744837761,0.1457306146621704,0.728653073310852,7.232030441173265e-08,10.6749267578125,0.46689939498901367,5.23027229309082,1.5918289422988892,423.58294677734375,91.39605712890625,514.97900390625
84240.00000001102,105300,0.42424751007764494,-0.17243114113807678,-0.05159887298941612,0.1549789160490036,0.774894580245018,7.999440043704453e-08,10.67624568939209,0.4637344777584076,5.261469841003418,1.5731903314590454,438.85174560546875,93.48886108398438,532.3406066894531
84480.00000000876,105600,0.42390355970001037,-0.17213904857635498,-0.051557380706071854,0.14598362147808075,0.7299181073904037,7.549921576810448e-08,10.68276309967041,0.46090152859687805,5.261998653411865,1.575531244277954,447.8595886230469,92.28157806396484,540.1411666870117
84720.00000000649,105900,0.4263748535187821,-0.17404334247112274,-0.052521657198667526,0.14676827192306519,0.7338413596153259,7.539987478821786e-08,10.689257621765137,0.456914484500885,5.291955471038818,1.5921459197998047,452.5111083984375,98.47651672363281,550.9876251220703
84960.00000000422,106200,0.4265675686889658,-0.17390847206115723,-0.05352798476815224,0.15209494531154633,0.7604747265577316,7.535020785098823e-08,10.698776245117188,0.45309141278266907,5.28738260269165,1.6233959197998047,441.809814453125,93.2920913696289,535.1019058227539
85200.00000000196,106500,0.4225024621655322,-0.1705191433429718,-0.052805736660957336,0.15962103009223938,0.7981051504611969,7.728736051149099e-08,10.71160888671875,0.4491594731807709,5.236602783203125,1.6122688055038452,434.52301025390625,91.76176452636719,526.2847747802734
85439.9999999997,106800,0.4209817478308504,-0.1696811318397522,-0.05115894973278046,0.14966389536857605,0.7483194768428802,8.230408354847896e-08,10.72308349609375,0.44193583726882935,5.22928524017334,1.5804146528244019,420.62579345703125,98.1601333618164,518.7859268188477
85679.99999999744,107100,0.42640538890246393,-0.17400257289409637,-0.052746400237083435,0.15139593183994293,0.7569796591997147,9.079774088149861e-08,10.732074737548828,0.43319761753082275,5.293825626373291,1.6010854244232178,406.64129638671875,100.54976654052734,507.1910629272461
85919.99999999517,107400,0.4307529101352558,-0.17789077758789062,-0.052753742784261703,0.15798737108707428,0.7899368554353714,8.170803766915924e-08,10.739442825317383,0.4238230288028717,5.347695350646973,1.5911200046539307,390.71044921875,96.15309143066406,486.86354064941406
86159.9999999929,107700,0.42417863250370996,-0.17253980040550232,-0.05102868750691414,0.14877663552761078,0.7438831776380539,7.386009315268893e-08,10.743513107299805,0.41557151079177856,5.270689487457275,1.5624771118164062,382.49566650390625,91.68905639648438,474.1847229003906
86399.99999999064,108000,0.4194009940513575,-0.16827741265296936,-0.05121069401502609,0.1484840363264084,0.7424201816320419,7.654229960962766e-08,10.744909286499023,0.41287165880203247,5.199470043182373,1.576129674911499,379.0567626953125,94.51179504394531,473.5685577392578
86639.99999998837,108300,0.4224792147554252,-0.17095685005187988,-0.051302697509527206,0.14410164952278137,0.7205082476139069,7.214645592057423e-08,10.745173454284668,0.41455304622650146,5.241097927093506,1.5754492282867432,375.95989990234375,97.53736877441406,473.4972686767578
86879.9999999861,108600,0.424709088297157,-0.17295639216899872,-0.05120781809091568,0.1414211094379425,0.7071055471897125,8.275111440525507e-08,10.744624137878418,0.41989871859550476,5.275539875030518,1.5665862560272217,377.9740295410156,93.03398132324219,471.0080108642578
87119.99999998385,108900,0.42676476562371335,-0.1746843308210373,-0.051536910235881805,0.15048490464687347,0.7524245232343674,7.535020785098823e-08,10.739577293395996,0.426765114068985,5.294809341430664,1.5654693841934204,383.91680908203125,92.89836120605469,476.81517028808594
87359.99999998158,109200,0.425260242061976,-0.1734391748905182,-0.05122721195220947,0.15153832733631134,0.7576916366815567,7.937352108911e-08,10.730104446411133,0.4385589361190796,5.282772064208984,1.5648812055587769,386.7510070800781,94.71565246582031,481.46665954589844
87599.99999997932,109500,0.42958468447707127,-0.17702563107013702,-0.05213487520813942,0.14802859723567963,0.7401429861783981,7.415811609234879e-08,10.722485542297363,0.45184358954429626,5.341788291931152,1.5752865076065063,398.137451171875,94.19619750976562,492.3336486816406
87839.99999997705,109800,0.42727956476098966,-0.17523053288459778,-0.051237404346466064,0.14867143332958221,0.7433571666479111,8.891026226365284e-08,10.713308334350586,0.4662068486213684,5.307753086090088,1.5624138116836548,400.56658935546875,95.43637084960938,496.0029602050781
88079.99999997478,110100,0.42543219829472256,-0.17379699647426605,-0.050526320934295654,0.1486993432044983,0.7434967160224915,7.291635029105237e-08,10.703961372375488,0.47797057032585144,5.293239593505859,1.5475878715515137,405.89654541015625,95.86149597167969,501.75804138183594
88319.99999997253,110400,0.427783005022718,-0.1753915548324585,-0.05221283435821533,0.14727383852005005,0.7363691926002502,7.450580596923828e-08,10.689398765563965,0.4880319833755493,5.314104080200195,1.5835213661193848,414.43963623046875,93.63513946533203,508.0747756958008
88559.99999997026,110700,0.4306413503879364,-0.1776520311832428,-0.05321832373738289,0.14284750819206238,0.7142375409603119,7.345030894612137e-08,10.668704986572266,0.494697630405426,5.344641208648682,1.6013211011886597,413.85601806640625,92.32229614257812,506.1783142089844
88799.99999996799,111000,0.42638725012973633,-0.17421844601631165,-0.051974862813949585,0.1443934291601181,0.7219671458005905,7.60952616474242e-08,10.63854694366455,0.5003976225852966,5.293941020965576,1.5815731287002563,403.6324157714844,95.53297424316406,499.16539001464844
89039.99999996573,111300,0.4280752492874239,-0.17590366303920746,-0.05136033892631531,0.1474519968032837,0.7372599840164185,7.549921576810448e-08,10.617291450500488,0.5031194686889648,5.329431533813477,1.5565253496170044,405.3866271972656,94.10335540771484,499.48998260498047
89279.99999996346,111600,0.4340653138074194,-0.1810256540775299,-0.05224037542939186,0.14521807432174683,0.7260903716087341,6.963809795479392e-08,10.607911109924316,0.5082613229751587,5.403804302215576,1.5585354566574097,418.2772216796875,98.8884506225586,517.1656723022461
89519.9999999612,111900,0.43316283048447274,-0.18018954992294312,-0.05231402441859245,0.1476554125547409,0.7382770627737045,7.351239617037209e-08,10.60374641418457,0.5218057632446289,5.392858982086182,1.5637001991271973,414.0992126464844,100.05843353271484,514.1576461791992
89759.99999995893,112200,0.423214728206062,-0.17180690169334412,-0.05062641203403473,0.14632348716259003,0.7316174358129501,9.238720366511188e-08,10.602431297302246,0.536625862121582,5.268321514129639,1.554390788078308,408.85406494140625,90.62348937988281,499.47755432128906
89999.99999995666,112500,0.42214586986904623,-0.17092597484588623,-0.05041918531060219,0.14782272279262543,0.7391136139631271,7.55985567479911e-08,10.599677085876465,0.5419721603393555,5.252725601196289,1.5520610809326172,418.1182556152344,88.58409881591797,506.70235443115234
90239.99999995441,112800,0.4285705709800966,-0.17632044851779938,-0.05144679546356201,0.1414947509765625,0.7074737548828125,8.424123620898172e-08,10.60097885131836,0.5436014533042908,5.33278226852417,1.5583316087722778,435.1991882324219,96.18360137939453,531.3827896118164
90479.99999995214,113100,0.4301426204270512,-0.17783328890800476,-0.05107554420828819,0.14559732377529144,0.7279866188764572,7.902582410679315e-08,10.609012603759766,0.5453212857246399,5.356269836425781,1.5476104021072388,441.7603759765625,97.82933807373047,539.589714050293
90719.99999994987,113400,0.42758357825677135,-0.17572391033172607,-0.05046861618757248,0.14226731657981873,0.7113365828990936,8.205572754604873e-08,10.622076988220215,0.5421412587165833,5.326925754547119,1.5343194007873535,436.16131591796875,94.4337158203125,530.5950317382812
90959.99999994761,113700,0.423201579376171,-0.17218543589115143,-0.04928320273756981,0.15065054595470428,0.7532527297735214,8.443991816875496e-08,10.622917175292969,0.5378698110580444,5.270323753356934,1.5156038999557495,438.2623291015625,89.70177459716797,527.9641036987305
91199.99999994534,114000,0.42116597592810306,-0.17017947137355804,-0.05002887547016144,0.14890716969966888,0.7445358484983444,7.847945227013042e-08,10.614896774291992,0.5356870293617249,5.238652229309082,1.5475192070007324,437.7839050292969,92.38450622558594,530.1684112548828
91439.99999994309,114300,0.429709548725419,-0.17716574668884277,-0.05203873664140701,0.14710409939289093,0.7355204969644547,8.103748427856772e-08,10.612353324890137,0.5393291115760803,5.338015079498291,1.5700910091400146,432.469970703125,99.10777282714844,531.5777435302734
91679.99999994082,114600,0.4328555901593408,-0.17957907915115356,-0.05344725027680397,0.15024717152118683,0.7512358576059341,7.669131463217127e-08,10.609647750854492,0.5574398636817932,5.371409893035889,1.5954666137695312,441.9905700683594,89.26142883300781,531.2519989013672
91919.99999993855,114900,0.4290666996623445,-0.17689940333366394,-0.05097803846001625,0.14800529181957245,0.7400264590978622,7.847945227013042e-08,10.608232498168945,0.5819339156150818,5.339541912078857,1.541766881942749,454.29052734375,93.61900329589844,547.9095306396484
92159.99999993629,115200,0.4293282241253652,-0.17748582363128662,-0.049735791981220245,0.1455213576555252,0.727606788277626,7.549921576810448e-08,10.609436988830566,0.6091705560684204,5.359260082244873,1.5043903589248657,460.7491455078125,97.44949340820312,558.1986389160156
92399.99999993402,115500,0.43355052597927113,-0.18124991655349731,-0.049796655774116516,0.14890454709529877,0.7445227354764938,8.205572754604873e-08,10.61256217956543,0.6381423473358154,5.418228626251221,1.4849342107772827,474.6180419921875,98.7322006225586,573.3502426147461
92639.99999993175,115800,0.43793950942369825,-0.18500778079032898,-0.05055604875087738,0.1500525027513504,0.750262513756752,7.743636842860724e-08,10.617619514465332,0.6581949591636658,5.475747108459473,1.4951958656311035,460.16485595703125,103.81346893310547,563.9783248901367
92879.9999999295,116100,0.43499829364469894,-0.1823713332414627,-0.05046023800969124,0.1483595222234726,0.741797611117363,9.159247582601893e-08,10.62191390991211,0.6714865565299988,5.435957431793213,1.4977033138275146,447.07427978515625,100.81494140625,547.8892211914062
93119.99999992723,116400,0.42662076819018147,-0.1751478910446167,-0.049488767981529236,0.14709074795246124,0.7354537397623062,8.46386001285282e-08,10.626222610473633,0.6823219060897827,5.324252605438232,1.4912770986557007,431.9915771484375,95.37242889404297,527.3640060424805
93359.99999992497,116700,0.42502953383576514,-0.17385688424110413,-0.04907386377453804,0.14581289887428284,0.7290644943714142,7.808208835058394e-08,10.630985260009766,0.6862636208534241,5.298266887664795,1.4878323078155518,411.09222412109375,100.32270812988281,511.41493225097656
93599.9999999227,117000,0.431101267607801,-0.1789941042661667,-0.05000702291727066,0.14713531732559204,0.7356765866279602,7.850428573874524e-08,10.63741397857666,0.6846007108688354,5.376315593719482,1.5031228065490723,393.8115539550781,99.12223052978516,492.9337844848633
93839.99999992043,117300,0.439193263714186,-0.1854865550994873,-0.052929848432540894,0.153566375374794,0.76783187687397,9.159247582601893e-08,10.645711898803711,0.6768955588340759,5.474574089050293,1.562822937965393,400.00018310546875,94.78836059570312,494.7885437011719
94079.99999991817,117600,0.44249621952352236,-0.18864360451698303,-0.05246301367878914,0.14337138831615448,0.7168569415807724,8.006890794831634e-08,10.65594482421875,0.663490891456604,5.524861812591553,1.5463213920593262,401.1529235839844,100.42140197753906,501.57432556152344
94319.9999999159,117900,0.44336795155074693,-0.18963459134101868,-0.051773618906736374,0.16167135536670685,0.8083567768335342,9.437402326284428e-08,10.667401313781738,0.6484358310699463,5.545401573181152,1.5192394256591797,395.3501281738281,97.53239440917969,492.8825225830078
94559.99999991363,118200,0.44421490406005104,-0.190448597073555,-0.05164523050189018,0.14653830230236053,0.7326915115118027,8.056250777599416e-08,10.680755615234375,0.6382788419723511,5.5534892082214355,1.5069849491119385,388.73004150390625,106.09374237060547,494.8237838745117
94799.99999991138,118500,0.44006699728042026,-0.18682914972305298,-0.05097707733511925,0.1439562886953354,0.7197814434766769,7.98702259885431e-08,10.695383071899414,0.6341091990470886,5.4984354972839355,1.5035860538482666,370.9883728027344,98.3973388671875,469.3857116699219
95039.99999990911,118800,0.4412178884302682,-0.18778182566165924,-0.05133858695626259,0.14771918952465057,0.7385959476232529,7.748604247126423e-08,10.70791244506836,0.6342384815216064,5.510225772857666,1.510388731956482,360.5744323730469,95.47691345214844,456.0513458251953
95279.99999990685,119100,0.442027545856458,-0.18864896893501282,-0.05087410286068916,0.1438188999891281,0.7190944999456406,7.227063036907566e-08,10.716379165649414,0.6347182989120483,5.529914379119873,1.4935516119003296,356.338623046875,88.98384094238281,445.3224639892578
95519.99999990458,119400,0.43594864314392867,-0.18316735327243805,-0.050687145441770554,0.14948557317256927,0.7474278658628464,1.0728836485895954e-07,10.725248336791992,0.636614203453064,5.443634033203125,1.5074056386947632,366.5686340332031,87.56076049804688,454.12939453125
95759.99999990231,119700,0.4339006980515712,-0.181552916765213,-0.04984036460518837,0.14510412514209747,0.7255206257104874,9.000301304240566e-08,10.736930847167969,0.6385011076927185,5.424496173858643,1.4941625595092773,372.57098388671875,91.83035278320312,464.4013366699219
95999.99999990006,120000,0.4380002352864085,-0.18543925881385803,-0.04915771260857582,0.14455698430538177,0.7227849215269089,7.828077031035718e-08,10.750109672546387,0.6405316591262817,5.48224401473999,1.4670910835266113,385.867431640625,87.94526672363281,473.8126983642578
96239.99999989779,120300,0.44295989318833684,-0.18934865295886993,-0.05144717916846275,0.15053227543830872,0.7526613771915436,7.917483912933676e-08,10.762453079223633,0.6419463753700256,5.538814544677734,1.5124648809432983,395.4535217285156,94.83306121826172,490.28658294677734
96479.99999989552,120600,0.44428542822745865,-0.19053824245929718,-0.05155394598841667,0.14984674751758575,0.7492337375879288,8.34465012644614e-08,10.772653579711914,0.6412879824638367,5.556215286254883,1.5132023096084595,373.56414794921875,95.41942596435547,468.9835739135742
96719.99999989326,120900,0.4386349616467449,-0.18577079474925995,-0.050072088837623596,0.15413667261600494,0.7706833630800247,8.404255424920848e-08,10.781512260437012,0.6384929418563843,5.485949516296387,1.4940377473831177,360.1580810546875,90.41913604736328,450.5772171020508
96959.99999989099,121200,0.43662331024321493,-0.1838025450706482,-0.05059843510389328,0.14469194412231445,0.7234597206115723,7.251898637150589e-08,10.79000186920166,0.6369038224220276,5.453775405883789,1.5094780921936035,356.739013671875,90.02928161621094,446.76829528808594
97199.99999988874,121500,0.43515377544862915,-0.18216879665851593,-0.05168450251221657,0.1484486311674118,0.742243155837059,7.912516508667977e-08,10.795522689819336,0.638884425163269,5.428279876708984,1.544808268547058,353.617431640625,91.60881042480469,445.2262420654297
97439.99999988647,121800,0.42862827824880917,-0.1763700395822525,-0.05145343765616417,0.1517668515443802,0.7588342577219009,8.841355736421974e-08,10.800163269042969,0.6442831158638,5.338235855102539,1.5645114183425903,355.3945617675781,91.3486328125,446.7431945800781
97679.9999998842,122100,0.4262231396437507,-0.1741197556257248,-0.05181607976555824,0.15003865957260132,0.7501932978630066,8.900960324353946e-08,10.806147575378418,0.6525976657867432,5.302091121673584,1.5794026851654053,362.18634033203125,89.28166961669922,451.46800994873047
97919.99999988194,122400,0.43240788945058917,-0.17955152690410614,-0.05216791853308678,0.1484220176935196,0.742110088467598,7.867813422990366e-08,10.814118385314941,0.6645500659942627,5.382744789123535,1.5649040937423706,365.8846740722656,92.02803039550781,457.91270446777344
98159.99999987967,122700,0.4309324930916634,-0.17865623533725739,-0.05067035183310509,0.14660058915615082,0.7330029457807541,8.026758990808958e-08,10.82522201538086,0.6758485436439514,5.376465320587158,1.526877760887146,351.14678955078125,93.57978057861328,444.72657012939453
98399.9999998774,123000,0.4251149201593531,-0.1740269809961319,-0.04873707517981529,0.14370641112327576,0.7185320556163788,8.662541972626059e-08,10.839548110961914,0.6836642026901245,5.308053016662598,1.494577169418335,337.67181396484375,92.47368621826172,430.14550018310547
98639.99999987514,123300,0.42031531399116673,-0.16998015344142914,-0.04813789203763008,0.14590393006801605,0.7295196503400803,8.522222572082683e-08,10.854472160339355,0.6885567903518677,5.244495868682861,1.4910331964492798,331.169189453125,87.9310531616211,419.1002426147461
98879.99999987287,123600,0.42501735405039776,-0.17340101301670074,-0.05062418803572655,0.1435597836971283,0.7177989184856415,7.400910106980518e-08,10.8684663772583,0.6889395117759705,5.292569637298584,1.5492172241210938,329.9456481933594,88.61750030517578,418.56314849853516
99119.99999987062,123900,0.4245482486477306,-0.17303584516048431,-0.05045286938548088,0.14473162591457367,0.7236581295728683,8.165836362650225e-08,10.881784439086914,0.6829012632369995,5.285221576690674,1.54965341091156,329.62750244140625,86.73778533935547,416.3652877807617
99359.99999986835,124200,0.42559241206392256,-0.1737644523382187,-0.05112332105636597,0.14433152973651886,0.7216576486825943,7.331371421059885e-08,10.892037391662598,0.6764221787452698,5.29653787612915,1.5625144243240356,328.51239013671875,88.43467712402344,416.9470672607422
99599.99999986608,124500,0.42573625912992824,-0.17381934821605682,-0.051370132714509964,0.14494095742702484,0.7247047871351242,8.006890794831634e-08,10.899686813354492,0.6703038811683655,5.297919750213623,1.569654107093811,330.571044921875,89.92948150634766,420.50052642822266
99839.99999986382,124800,0.4261144661400316,-0.174514502286911,-0.05013619735836983,0.14364846050739288,0.7182423025369644,8.05159459105198e-08,10.90920639038086,0.6580255031585693,5.311152458190918,1.5336992740631104,332.7176208496094,90.77151489257812,423.4891357421875
99999.99999986231,125000,0.4250515812546339,-0.17378197610378265,-0.049407053738832474,0.1406073421239853,0.7030367106199265,8.056561284774943e-08,10.917725563049316,0.6469125747680664,5.297511100769043,1.5180164575576782,333.8167419433594,90.90750885009766,424.72425079345703
